ISO-10303-21;
HEADER;
FILE_DESCRIPTION((''),'2;1');
FILE_NAME('C-4-1775099-8','2018-09-25T',('workeradm'),('TE Connectivity Ltd.'),
'CREO PARAMETRIC BY PTC INC, 2016050','CREO PARAMETRIC BY PTC INC, 2016050','');
FILE_SCHEMA(('AUTOMOTIVE_DESIGN { 1 0 10303 214 1 1 1 1 }'));
ENDSEC;
DATA;
#2=DIRECTION('',(-1.E0,0.E0,0.E0));
#3=VECTOR('',#2,2.2E0);
#4=CARTESIAN_POINT('',(2.21E1,-3.975E0,-1.28E1));
#5=LINE('',#4,#3);
#6=DIRECTION('',(0.E0,1.E0,0.E0));
#7=VECTOR('',#6,8.25E-1);
#8=CARTESIAN_POINT('',(1.99E1,-4.8E0,-1.28E1));
#9=LINE('',#8,#7);
#10=DIRECTION('',(1.E0,0.E0,0.E0));
#11=VECTOR('',#10,2.2E0);
#12=CARTESIAN_POINT('',(1.99E1,-4.8E0,-1.28E1));
#13=LINE('',#12,#11);
#14=DIRECTION('',(0.E0,1.E0,0.E0));
#15=VECTOR('',#14,8.25E-1);
#16=CARTESIAN_POINT('',(2.21E1,-4.8E0,-1.28E1));
#17=LINE('',#16,#15);
#18=DIRECTION('',(0.E0,1.E0,0.E0));
#19=VECTOR('',#18,8.25E-1);
#20=CARTESIAN_POINT('',(-2.21E1,-4.8E0,-1.28E1));
#21=LINE('',#20,#19);
#22=DIRECTION('',(1.E0,0.E0,0.E0));
#23=VECTOR('',#22,2.2E0);
#24=CARTESIAN_POINT('',(-2.21E1,-4.8E0,-1.28E1));
#25=LINE('',#24,#23);
#26=DIRECTION('',(0.E0,1.E0,0.E0));
#27=VECTOR('',#26,8.25E-1);
#28=CARTESIAN_POINT('',(-1.99E1,-4.8E0,-1.28E1));
#29=LINE('',#28,#27);
#30=DIRECTION('',(-1.E0,0.E0,0.E0));
#31=VECTOR('',#30,2.2E0);
#32=CARTESIAN_POINT('',(-1.99E1,-3.975E0,-1.28E1));
#33=LINE('',#32,#31);
#34=DIRECTION('',(0.E0,-1.E0,0.E0));
#35=VECTOR('',#34,8.25E-1);
#36=CARTESIAN_POINT('',(-2.21E1,4.8E0,-1.28E1));
#37=LINE('',#36,#35);
#38=DIRECTION('',(1.E0,0.E0,0.E0));
#39=VECTOR('',#38,2.2E0);
#40=CARTESIAN_POINT('',(-2.21E1,3.975E0,-1.28E1));
#41=LINE('',#40,#39);
#42=DIRECTION('',(0.E0,-1.E0,0.E0));
#43=VECTOR('',#42,8.25E-1);
#44=CARTESIAN_POINT('',(-1.99E1,4.8E0,-1.28E1));
#45=LINE('',#44,#43);
#46=DIRECTION('',(-1.E0,0.E0,0.E0));
#47=VECTOR('',#46,2.2E0);
#48=CARTESIAN_POINT('',(-1.99E1,4.8E0,-1.28E1));
#49=LINE('',#48,#47);
#50=DIRECTION('',(-1.E0,0.E0,0.E0));
#51=VECTOR('',#50,2.2E0);
#52=CARTESIAN_POINT('',(1.79E1,-3.975E0,-1.28E1));
#53=LINE('',#52,#51);
#54=DIRECTION('',(0.E0,1.E0,0.E0));
#55=VECTOR('',#54,8.25E-1);
#56=CARTESIAN_POINT('',(1.57E1,-4.8E0,-1.28E1));
#57=LINE('',#56,#55);
#58=DIRECTION('',(1.E0,0.E0,0.E0));
#59=VECTOR('',#58,2.2E0);
#60=CARTESIAN_POINT('',(1.57E1,-4.8E0,-1.28E1));
#61=LINE('',#60,#59);
#62=DIRECTION('',(0.E0,1.E0,0.E0));
#63=VECTOR('',#62,8.25E-1);
#64=CARTESIAN_POINT('',(1.79E1,-4.8E0,-1.28E1));
#65=LINE('',#64,#63);
#66=DIRECTION('',(1.E0,0.E0,0.E0));
#67=VECTOR('',#66,2.2E0);
#68=CARTESIAN_POINT('',(-1.79E1,3.975E0,-1.28E1));
#69=LINE('',#68,#67);
#70=DIRECTION('',(0.E0,-1.E0,0.E0));
#71=VECTOR('',#70,8.25E-1);
#72=CARTESIAN_POINT('',(-1.57E1,4.8E0,-1.28E1));
#73=LINE('',#72,#71);
#74=DIRECTION('',(-1.E0,0.E0,0.E0));
#75=VECTOR('',#74,2.2E0);
#76=CARTESIAN_POINT('',(-1.57E1,4.8E0,-1.28E1));
#77=LINE('',#76,#75);
#78=DIRECTION('',(0.E0,-1.E0,0.E0));
#79=VECTOR('',#78,8.25E-1);
#80=CARTESIAN_POINT('',(-1.79E1,4.8E0,-1.28E1));
#81=LINE('',#80,#79);
#82=DIRECTION('',(0.E0,1.E0,0.E0));
#83=VECTOR('',#82,8.25E-1);
#84=CARTESIAN_POINT('',(-1.79E1,-4.8E0,-1.28E1));
#85=LINE('',#84,#83);
#86=DIRECTION('',(1.E0,0.E0,0.E0));
#87=VECTOR('',#86,2.2E0);
#88=CARTESIAN_POINT('',(-1.79E1,-4.8E0,-1.28E1));
#89=LINE('',#88,#87);
#90=DIRECTION('',(0.E0,1.E0,0.E0));
#91=VECTOR('',#90,8.25E-1);
#92=CARTESIAN_POINT('',(-1.57E1,-4.8E0,-1.28E1));
#93=LINE('',#92,#91);
#94=DIRECTION('',(-1.E0,0.E0,0.E0));
#95=VECTOR('',#94,2.2E0);
#96=CARTESIAN_POINT('',(-1.57E1,-3.975E0,-1.28E1));
#97=LINE('',#96,#95);
#98=DIRECTION('',(-1.E0,0.E0,0.E0));
#99=VECTOR('',#98,2.2E0);
#100=CARTESIAN_POINT('',(1.37E1,-3.975E0,-1.28E1));
#101=LINE('',#100,#99);
#102=DIRECTION('',(0.E0,1.E0,0.E0));
#103=VECTOR('',#102,8.25E-1);
#104=CARTESIAN_POINT('',(1.15E1,-4.8E0,-1.28E1));
#105=LINE('',#104,#103);
#106=DIRECTION('',(1.E0,0.E0,0.E0));
#107=VECTOR('',#106,2.2E0);
#108=CARTESIAN_POINT('',(1.15E1,-4.8E0,-1.28E1));
#109=LINE('',#108,#107);
#110=DIRECTION('',(0.E0,1.E0,0.E0));
#111=VECTOR('',#110,8.25E-1);
#112=CARTESIAN_POINT('',(1.37E1,-4.8E0,-1.28E1));
#113=LINE('',#112,#111);
#114=DIRECTION('',(-1.E0,0.E0,0.E0));
#115=VECTOR('',#114,2.2E0);
#116=CARTESIAN_POINT('',(9.5E0,-3.975E0,-1.28E1));
#117=LINE('',#116,#115);
#118=DIRECTION('',(0.E0,1.E0,0.E0));
#119=VECTOR('',#118,8.25E-1);
#120=CARTESIAN_POINT('',(7.3E0,-4.8E0,-1.28E1));
#121=LINE('',#120,#119);
#122=DIRECTION('',(1.E0,0.E0,0.E0));
#123=VECTOR('',#122,2.2E0);
#124=CARTESIAN_POINT('',(7.3E0,-4.8E0,-1.28E1));
#125=LINE('',#124,#123);
#126=DIRECTION('',(0.E0,1.E0,0.E0));
#127=VECTOR('',#126,8.25E-1);
#128=CARTESIAN_POINT('',(9.5E0,-4.8E0,-1.28E1));
#129=LINE('',#128,#127);
#130=DIRECTION('',(-1.E0,0.E0,0.E0));
#131=VECTOR('',#130,2.2E0);
#132=CARTESIAN_POINT('',(5.3E0,-3.975E0,-1.28E1));
#133=LINE('',#132,#131);
#134=DIRECTION('',(0.E0,1.E0,0.E0));
#135=VECTOR('',#134,8.25E-1);
#136=CARTESIAN_POINT('',(3.1E0,-4.8E0,-1.28E1));
#137=LINE('',#136,#135);
#138=DIRECTION('',(1.E0,0.E0,0.E0));
#139=VECTOR('',#138,2.2E0);
#140=CARTESIAN_POINT('',(3.1E0,-4.8E0,-1.28E1));
#141=LINE('',#140,#139);
#142=DIRECTION('',(0.E0,1.E0,0.E0));
#143=VECTOR('',#142,8.25E-1);
#144=CARTESIAN_POINT('',(5.3E0,-4.8E0,-1.28E1));
#145=LINE('',#144,#143);
#146=DIRECTION('',(-1.E0,0.E0,0.E0));
#147=VECTOR('',#146,2.2E0);
#148=CARTESIAN_POINT('',(1.1E0,-3.975E0,-1.28E1));
#149=LINE('',#148,#147);
#150=DIRECTION('',(0.E0,1.E0,0.E0));
#151=VECTOR('',#150,8.25E-1);
#152=CARTESIAN_POINT('',(-1.1E0,-4.8E0,-1.28E1));
#153=LINE('',#152,#151);
#154=DIRECTION('',(1.E0,0.E0,0.E0));
#155=VECTOR('',#154,2.2E0);
#156=CARTESIAN_POINT('',(-1.1E0,-4.8E0,-1.28E1));
#157=LINE('',#156,#155);
#158=DIRECTION('',(0.E0,1.E0,0.E0));
#159=VECTOR('',#158,8.25E-1);
#160=CARTESIAN_POINT('',(1.1E0,-4.8E0,-1.28E1));
#161=LINE('',#160,#159);
#162=DIRECTION('',(-1.E0,0.E0,0.E0));
#163=VECTOR('',#162,2.2E0);
#164=CARTESIAN_POINT('',(-3.1E0,-3.975E0,-1.28E1));
#165=LINE('',#164,#163);
#166=DIRECTION('',(0.E0,1.E0,0.E0));
#167=VECTOR('',#166,8.25E-1);
#168=CARTESIAN_POINT('',(-5.3E0,-4.8E0,-1.28E1));
#169=LINE('',#168,#167);
#170=DIRECTION('',(1.E0,0.E0,0.E0));
#171=VECTOR('',#170,2.2E0);
#172=CARTESIAN_POINT('',(-5.3E0,-4.8E0,-1.28E1));
#173=LINE('',#172,#171);
#174=DIRECTION('',(0.E0,1.E0,0.E0));
#175=VECTOR('',#174,8.25E-1);
#176=CARTESIAN_POINT('',(-3.1E0,-4.8E0,-1.28E1));
#177=LINE('',#176,#175);
#178=DIRECTION('',(-1.E0,0.E0,0.E0));
#179=VECTOR('',#178,2.2E0);
#180=CARTESIAN_POINT('',(-7.3E0,-3.975E0,-1.28E1));
#181=LINE('',#180,#179);
#182=DIRECTION('',(0.E0,1.E0,0.E0));
#183=VECTOR('',#182,8.25E-1);
#184=CARTESIAN_POINT('',(-9.5E0,-4.8E0,-1.28E1));
#185=LINE('',#184,#183);
#186=DIRECTION('',(1.E0,0.E0,0.E0));
#187=VECTOR('',#186,2.2E0);
#188=CARTESIAN_POINT('',(-9.5E0,-4.8E0,-1.28E1));
#189=LINE('',#188,#187);
#190=DIRECTION('',(0.E0,1.E0,0.E0));
#191=VECTOR('',#190,8.25E-1);
#192=CARTESIAN_POINT('',(-7.3E0,-4.8E0,-1.28E1));
#193=LINE('',#192,#191);
#194=DIRECTION('',(-1.E0,0.E0,0.E0));
#195=VECTOR('',#194,2.2E0);
#196=CARTESIAN_POINT('',(-1.15E1,-3.975E0,-1.28E1));
#197=LINE('',#196,#195);
#198=DIRECTION('',(0.E0,1.E0,0.E0));
#199=VECTOR('',#198,8.25E-1);
#200=CARTESIAN_POINT('',(-1.37E1,-4.8E0,-1.28E1));
#201=LINE('',#200,#199);
#202=DIRECTION('',(1.E0,0.E0,0.E0));
#203=VECTOR('',#202,2.2E0);
#204=CARTESIAN_POINT('',(-1.37E1,-4.8E0,-1.28E1));
#205=LINE('',#204,#203);
#206=DIRECTION('',(0.E0,1.E0,0.E0));
#207=VECTOR('',#206,8.25E-1);
#208=CARTESIAN_POINT('',(-1.15E1,-4.8E0,-1.28E1));
#209=LINE('',#208,#207);
#210=DIRECTION('',(1.E0,0.E0,0.E0));
#211=VECTOR('',#210,2.2E0);
#212=CARTESIAN_POINT('',(-1.37E1,3.975E0,-1.28E1));
#213=LINE('',#212,#211);
#214=DIRECTION('',(0.E0,-1.E0,0.E0));
#215=VECTOR('',#214,8.25E-1);
#216=CARTESIAN_POINT('',(-1.15E1,4.8E0,-1.28E1));
#217=LINE('',#216,#215);
#218=DIRECTION('',(-1.E0,0.E0,0.E0));
#219=VECTOR('',#218,2.2E0);
#220=CARTESIAN_POINT('',(-1.15E1,4.8E0,-1.28E1));
#221=LINE('',#220,#219);
#222=DIRECTION('',(0.E0,-1.E0,0.E0));
#223=VECTOR('',#222,8.25E-1);
#224=CARTESIAN_POINT('',(-1.37E1,4.8E0,-1.28E1));
#225=LINE('',#224,#223);
#226=DIRECTION('',(1.E0,0.E0,0.E0));
#227=VECTOR('',#226,2.2E0);
#228=CARTESIAN_POINT('',(-9.5E0,3.975E0,-1.28E1));
#229=LINE('',#228,#227);
#230=DIRECTION('',(0.E0,-1.E0,0.E0));
#231=VECTOR('',#230,8.25E-1);
#232=CARTESIAN_POINT('',(-7.3E0,4.8E0,-1.28E1));
#233=LINE('',#232,#231);
#234=DIRECTION('',(-1.E0,0.E0,0.E0));
#235=VECTOR('',#234,2.2E0);
#236=CARTESIAN_POINT('',(-7.3E0,4.8E0,-1.28E1));
#237=LINE('',#236,#235);
#238=DIRECTION('',(0.E0,-1.E0,0.E0));
#239=VECTOR('',#238,8.25E-1);
#240=CARTESIAN_POINT('',(-9.5E0,4.8E0,-1.28E1));
#241=LINE('',#240,#239);
#242=DIRECTION('',(1.E0,0.E0,0.E0));
#243=VECTOR('',#242,2.2E0);
#244=CARTESIAN_POINT('',(-5.3E0,3.975E0,-1.28E1));
#245=LINE('',#244,#243);
#246=DIRECTION('',(0.E0,-1.E0,0.E0));
#247=VECTOR('',#246,8.25E-1);
#248=CARTESIAN_POINT('',(-3.1E0,4.8E0,-1.28E1));
#249=LINE('',#248,#247);
#250=DIRECTION('',(-1.E0,0.E0,0.E0));
#251=VECTOR('',#250,2.2E0);
#252=CARTESIAN_POINT('',(-3.1E0,4.8E0,-1.28E1));
#253=LINE('',#252,#251);
#254=DIRECTION('',(0.E0,-1.E0,0.E0));
#255=VECTOR('',#254,8.25E-1);
#256=CARTESIAN_POINT('',(-5.3E0,4.8E0,-1.28E1));
#257=LINE('',#256,#255);
#258=DIRECTION('',(1.E0,0.E0,0.E0));
#259=VECTOR('',#258,2.2E0);
#260=CARTESIAN_POINT('',(-1.1E0,3.975E0,-1.28E1));
#261=LINE('',#260,#259);
#262=DIRECTION('',(0.E0,-1.E0,0.E0));
#263=VECTOR('',#262,8.25E-1);
#264=CARTESIAN_POINT('',(1.1E0,4.8E0,-1.28E1));
#265=LINE('',#264,#263);
#266=DIRECTION('',(-1.E0,0.E0,0.E0));
#267=VECTOR('',#266,2.2E0);
#268=CARTESIAN_POINT('',(1.1E0,4.8E0,-1.28E1));
#269=LINE('',#268,#267);
#270=DIRECTION('',(0.E0,-1.E0,0.E0));
#271=VECTOR('',#270,8.25E-1);
#272=CARTESIAN_POINT('',(-1.1E0,4.8E0,-1.28E1));
#273=LINE('',#272,#271);
#274=DIRECTION('',(1.E0,0.E0,0.E0));
#275=VECTOR('',#274,2.2E0);
#276=CARTESIAN_POINT('',(3.1E0,3.975E0,-1.28E1));
#277=LINE('',#276,#275);
#278=DIRECTION('',(0.E0,-1.E0,0.E0));
#279=VECTOR('',#278,8.25E-1);
#280=CARTESIAN_POINT('',(5.3E0,4.8E0,-1.28E1));
#281=LINE('',#280,#279);
#282=DIRECTION('',(-1.E0,0.E0,0.E0));
#283=VECTOR('',#282,2.2E0);
#284=CARTESIAN_POINT('',(5.3E0,4.8E0,-1.28E1));
#285=LINE('',#284,#283);
#286=DIRECTION('',(0.E0,-1.E0,0.E0));
#287=VECTOR('',#286,8.25E-1);
#288=CARTESIAN_POINT('',(3.1E0,4.8E0,-1.28E1));
#289=LINE('',#288,#287);
#290=DIRECTION('',(1.E0,0.E0,0.E0));
#291=VECTOR('',#290,2.2E0);
#292=CARTESIAN_POINT('',(7.3E0,3.975E0,-1.28E1));
#293=LINE('',#292,#291);
#294=DIRECTION('',(0.E0,-1.E0,0.E0));
#295=VECTOR('',#294,8.25E-1);
#296=CARTESIAN_POINT('',(9.5E0,4.8E0,-1.28E1));
#297=LINE('',#296,#295);
#298=DIRECTION('',(-1.E0,0.E0,0.E0));
#299=VECTOR('',#298,2.2E0);
#300=CARTESIAN_POINT('',(9.5E0,4.8E0,-1.28E1));
#301=LINE('',#300,#299);
#302=DIRECTION('',(0.E0,-1.E0,0.E0));
#303=VECTOR('',#302,8.25E-1);
#304=CARTESIAN_POINT('',(7.3E0,4.8E0,-1.28E1));
#305=LINE('',#304,#303);
#306=DIRECTION('',(1.E0,0.E0,0.E0));
#307=VECTOR('',#306,2.2E0);
#308=CARTESIAN_POINT('',(1.15E1,3.975E0,-1.28E1));
#309=LINE('',#308,#307);
#310=DIRECTION('',(0.E0,-1.E0,0.E0));
#311=VECTOR('',#310,8.25E-1);
#312=CARTESIAN_POINT('',(1.37E1,4.8E0,-1.28E1));
#313=LINE('',#312,#311);
#314=DIRECTION('',(-1.E0,0.E0,0.E0));
#315=VECTOR('',#314,2.2E0);
#316=CARTESIAN_POINT('',(1.37E1,4.8E0,-1.28E1));
#317=LINE('',#316,#315);
#318=DIRECTION('',(0.E0,-1.E0,0.E0));
#319=VECTOR('',#318,8.25E-1);
#320=CARTESIAN_POINT('',(1.15E1,4.8E0,-1.28E1));
#321=LINE('',#320,#319);
#322=DIRECTION('',(1.E0,0.E0,0.E0));
#323=VECTOR('',#322,2.2E0);
#324=CARTESIAN_POINT('',(1.57E1,3.975E0,-1.28E1));
#325=LINE('',#324,#323);
#326=DIRECTION('',(0.E0,-1.E0,0.E0));
#327=VECTOR('',#326,8.25E-1);
#328=CARTESIAN_POINT('',(1.79E1,4.8E0,-1.28E1));
#329=LINE('',#328,#327);
#330=DIRECTION('',(-1.E0,0.E0,0.E0));
#331=VECTOR('',#330,2.2E0);
#332=CARTESIAN_POINT('',(1.79E1,4.8E0,-1.28E1));
#333=LINE('',#332,#331);
#334=DIRECTION('',(0.E0,-1.E0,0.E0));
#335=VECTOR('',#334,8.25E-1);
#336=CARTESIAN_POINT('',(1.57E1,4.8E0,-1.28E1));
#337=LINE('',#336,#335);
#338=DIRECTION('',(1.E0,0.E0,0.E0));
#339=VECTOR('',#338,2.2E0);
#340=CARTESIAN_POINT('',(1.99E1,3.975E0,-1.28E1));
#341=LINE('',#340,#339);
#342=DIRECTION('',(0.E0,-1.E0,0.E0));
#343=VECTOR('',#342,8.25E-1);
#344=CARTESIAN_POINT('',(2.21E1,4.8E0,-1.28E1));
#345=LINE('',#344,#343);
#346=DIRECTION('',(-1.E0,0.E0,0.E0));
#347=VECTOR('',#346,2.2E0);
#348=CARTESIAN_POINT('',(2.21E1,4.8E0,-1.28E1));
#349=LINE('',#348,#347);
#350=DIRECTION('',(0.E0,-1.E0,0.E0));
#351=VECTOR('',#350,8.25E-1);
#352=CARTESIAN_POINT('',(1.99E1,4.8E0,-1.28E1));
#353=LINE('',#352,#351);
#354=DIRECTION('',(0.E0,-1.E0,0.E0));
#355=VECTOR('',#354,2.E0);
#356=CARTESIAN_POINT('',(-2.575E1,4.8E0,-1.28E1));
#357=LINE('',#356,#355);
#358=CARTESIAN_POINT('',(-2.575E1,2.45E0,-1.28E1));
#359=DIRECTION('',(0.E0,0.E0,1.E0));
#360=DIRECTION('',(0.E0,1.E0,0.E0));
#361=AXIS2_PLACEMENT_3D('',#358,#359,#360);
#363=DIRECTION('',(0.E0,-1.E0,0.E0));
#364=VECTOR('',#363,6.9E0);
#365=CARTESIAN_POINT('',(-2.575E1,2.1E0,-1.28E1));
#366=LINE('',#365,#364);
#367=DIRECTION('',(1.E0,0.E0,0.E0));
#368=VECTOR('',#367,1.65E0);
#369=CARTESIAN_POINT('',(-2.575E1,-4.8E0,-1.28E1));
#370=LINE('',#369,#368);
#371=DIRECTION('',(0.E0,1.E0,0.E0));
#372=VECTOR('',#371,8.25E-1);
#373=CARTESIAN_POINT('',(-2.41E1,-4.8E0,-1.28E1));
#374=LINE('',#373,#372);
#375=DIRECTION('',(-1.E0,0.E0,0.E0));
#376=VECTOR('',#375,9.E-1);
#377=CARTESIAN_POINT('',(-2.41E1,-3.975E0,-1.28E1));
#378=LINE('',#377,#376);
#379=DIRECTION('',(0.E0,1.E0,0.E0));
#380=VECTOR('',#379,3.75E0);
#381=CARTESIAN_POINT('',(-2.5E1,-3.975E0,-1.28E1));
#382=LINE('',#381,#380);
#383=DIRECTION('',(1.E0,0.E0,0.E0));
#384=VECTOR('',#383,5.E1);
#385=CARTESIAN_POINT('',(-2.5E1,-2.25E-1,-1.28E1));
#386=LINE('',#385,#384);
#387=DIRECTION('',(0.E0,-1.E0,0.E0));
#388=VECTOR('',#387,3.75E0);
#389=CARTESIAN_POINT('',(2.5E1,-2.25E-1,-1.28E1));
#390=LINE('',#389,#388);
#391=DIRECTION('',(-1.E0,0.E0,0.E0));
#392=VECTOR('',#391,9.E-1);
#393=CARTESIAN_POINT('',(2.5E1,-3.975E0,-1.28E1));
#394=LINE('',#393,#392);
#395=DIRECTION('',(0.E0,1.E0,0.E0));
#396=VECTOR('',#395,8.25E-1);
#397=CARTESIAN_POINT('',(2.41E1,-4.8E0,-1.28E1));
#398=LINE('',#397,#396);
#399=DIRECTION('',(1.E0,0.E0,0.E0));
#400=VECTOR('',#399,1.65E0);
#401=CARTESIAN_POINT('',(2.41E1,-4.8E0,-1.28E1));
#402=LINE('',#401,#400);
#403=DIRECTION('',(0.E0,1.E0,0.E0));
#404=VECTOR('',#403,9.6E0);
#405=CARTESIAN_POINT('',(2.575E1,-4.8E0,-1.28E1));
#406=LINE('',#405,#404);
#407=DIRECTION('',(-1.E0,0.E0,0.E0));
#408=VECTOR('',#407,1.65E0);
#409=CARTESIAN_POINT('',(2.575E1,4.8E0,-1.28E1));
#410=LINE('',#409,#408);
#411=DIRECTION('',(0.E0,-1.E0,0.E0));
#412=VECTOR('',#411,8.25E-1);
#413=CARTESIAN_POINT('',(2.41E1,4.8E0,-1.28E1));
#414=LINE('',#413,#412);
#415=DIRECTION('',(1.E0,0.E0,0.E0));
#416=VECTOR('',#415,9.E-1);
#417=CARTESIAN_POINT('',(2.41E1,3.975E0,-1.28E1));
#418=LINE('',#417,#416);
#419=DIRECTION('',(0.E0,-1.E0,0.E0));
#420=VECTOR('',#419,3.75E0);
#421=CARTESIAN_POINT('',(2.5E1,3.975E0,-1.28E1));
#422=LINE('',#421,#420);
#423=DIRECTION('',(-1.E0,0.E0,0.E0));
#424=VECTOR('',#423,5.E1);
#425=CARTESIAN_POINT('',(2.5E1,2.25E-1,-1.28E1));
#426=LINE('',#425,#424);
#427=DIRECTION('',(0.E0,1.E0,0.E0));
#428=VECTOR('',#427,3.75E0);
#429=CARTESIAN_POINT('',(-2.5E1,2.25E-1,-1.28E1));
#430=LINE('',#429,#428);
#431=DIRECTION('',(1.E0,0.E0,0.E0));
#432=VECTOR('',#431,9.E-1);
#433=CARTESIAN_POINT('',(-2.5E1,3.975E0,-1.28E1));
#434=LINE('',#433,#432);
#435=DIRECTION('',(0.E0,-1.E0,0.E0));
#436=VECTOR('',#435,8.25E-1);
#437=CARTESIAN_POINT('',(-2.41E1,4.8E0,-1.28E1));
#438=LINE('',#437,#436);
#439=DIRECTION('',(-1.E0,0.E0,0.E0));
#440=VECTOR('',#439,1.65E0);
#441=CARTESIAN_POINT('',(-2.41E1,4.8E0,-1.28E1));
#442=LINE('',#441,#440);
#443=DIRECTION('',(0.E0,0.E0,1.E0));
#444=VECTOR('',#443,1.E0);
#445=CARTESIAN_POINT('',(2.5E1,-3.975E0,-1.28E1));
#446=LINE('',#445,#444);
#447=DIRECTION('',(0.E0,0.E0,1.E0));
#448=VECTOR('',#447,1.E0);
#449=CARTESIAN_POINT('',(2.5E1,-2.25E-1,-1.28E1));
#450=LINE('',#449,#448);
#451=DIRECTION('',(0.E0,0.E0,1.E0));
#452=VECTOR('',#451,1.E0);
#453=CARTESIAN_POINT('',(-2.5E1,-2.25E-1,-1.28E1));
#454=LINE('',#453,#452);
#455=DIRECTION('',(0.E0,0.E0,1.E0));
#456=VECTOR('',#455,1.E0);
#457=CARTESIAN_POINT('',(-2.5E1,-3.975E0,-1.28E1));
#458=LINE('',#457,#456);
#459=DIRECTION('',(-1.E0,0.E0,0.E0));
#460=VECTOR('',#459,2.2E0);
#461=CARTESIAN_POINT('',(-1.99E1,-3.975E0,-1.18E1));
#462=LINE('',#461,#460);
#463=DIRECTION('',(0.E0,1.E0,0.E0));
#464=VECTOR('',#463,8.25E-1);
#465=CARTESIAN_POINT('',(-1.99E1,-4.8E0,-1.18E1));
#466=LINE('',#465,#464);
#467=DIRECTION('',(0.E0,-1.E0,0.E0));
#468=VECTOR('',#467,8.25E-1);
#469=CARTESIAN_POINT('',(-1.79E1,-3.975E0,-1.18E1));
#470=LINE('',#469,#468);
#471=DIRECTION('',(-1.E0,0.E0,0.E0));
#472=VECTOR('',#471,2.2E0);
#473=CARTESIAN_POINT('',(-1.57E1,-3.975E0,-1.18E1));
#474=LINE('',#473,#472);
#475=DIRECTION('',(0.E0,1.E0,0.E0));
#476=VECTOR('',#475,8.25E-1);
#477=CARTESIAN_POINT('',(-1.57E1,-4.8E0,-1.18E1));
#478=LINE('',#477,#476);
#479=DIRECTION('',(0.E0,-1.E0,0.E0));
#480=VECTOR('',#479,8.25E-1);
#481=CARTESIAN_POINT('',(-1.37E1,-3.975E0,-1.18E1));
#482=LINE('',#481,#480);
#483=DIRECTION('',(-1.E0,0.E0,0.E0));
#484=VECTOR('',#483,2.2E0);
#485=CARTESIAN_POINT('',(-1.15E1,-3.975E0,-1.18E1));
#486=LINE('',#485,#484);
#487=DIRECTION('',(0.E0,1.E0,0.E0));
#488=VECTOR('',#487,8.25E-1);
#489=CARTESIAN_POINT('',(-1.15E1,-4.8E0,-1.18E1));
#490=LINE('',#489,#488);
#491=DIRECTION('',(0.E0,-1.E0,0.E0));
#492=VECTOR('',#491,8.25E-1);
#493=CARTESIAN_POINT('',(-9.5E0,-3.975E0,-1.18E1));
#494=LINE('',#493,#492);
#495=DIRECTION('',(-1.E0,0.E0,0.E0));
#496=VECTOR('',#495,2.2E0);
#497=CARTESIAN_POINT('',(-7.3E0,-3.975E0,-1.18E1));
#498=LINE('',#497,#496);
#499=DIRECTION('',(0.E0,1.E0,0.E0));
#500=VECTOR('',#499,8.25E-1);
#501=CARTESIAN_POINT('',(-7.3E0,-4.8E0,-1.18E1));
#502=LINE('',#501,#500);
#503=DIRECTION('',(0.E0,-1.E0,0.E0));
#504=VECTOR('',#503,8.25E-1);
#505=CARTESIAN_POINT('',(-5.3E0,-3.975E0,-1.18E1));
#506=LINE('',#505,#504);
#507=DIRECTION('',(-1.E0,0.E0,0.E0));
#508=VECTOR('',#507,2.2E0);
#509=CARTESIAN_POINT('',(-3.1E0,-3.975E0,-1.18E1));
#510=LINE('',#509,#508);
#511=DIRECTION('',(0.E0,1.E0,0.E0));
#512=VECTOR('',#511,8.25E-1);
#513=CARTESIAN_POINT('',(-3.1E0,-4.8E0,-1.18E1));
#514=LINE('',#513,#512);
#515=DIRECTION('',(0.E0,-1.E0,0.E0));
#516=VECTOR('',#515,8.25E-1);
#517=CARTESIAN_POINT('',(-1.1E0,-3.975E0,-1.18E1));
#518=LINE('',#517,#516);
#519=DIRECTION('',(-1.E0,0.E0,0.E0));
#520=VECTOR('',#519,2.2E0);
#521=CARTESIAN_POINT('',(1.1E0,-3.975E0,-1.18E1));
#522=LINE('',#521,#520);
#523=DIRECTION('',(0.E0,1.E0,0.E0));
#524=VECTOR('',#523,8.25E-1);
#525=CARTESIAN_POINT('',(1.1E0,-4.8E0,-1.18E1));
#526=LINE('',#525,#524);
#527=DIRECTION('',(0.E0,-1.E0,0.E0));
#528=VECTOR('',#527,8.25E-1);
#529=CARTESIAN_POINT('',(3.1E0,-3.975E0,-1.18E1));
#530=LINE('',#529,#528);
#531=DIRECTION('',(-1.E0,0.E0,0.E0));
#532=VECTOR('',#531,2.2E0);
#533=CARTESIAN_POINT('',(5.3E0,-3.975E0,-1.18E1));
#534=LINE('',#533,#532);
#535=DIRECTION('',(0.E0,1.E0,0.E0));
#536=VECTOR('',#535,8.25E-1);
#537=CARTESIAN_POINT('',(5.3E0,-4.8E0,-1.18E1));
#538=LINE('',#537,#536);
#539=DIRECTION('',(0.E0,-1.E0,0.E0));
#540=VECTOR('',#539,8.25E-1);
#541=CARTESIAN_POINT('',(7.3E0,-3.975E0,-1.18E1));
#542=LINE('',#541,#540);
#543=DIRECTION('',(-1.E0,0.E0,0.E0));
#544=VECTOR('',#543,2.2E0);
#545=CARTESIAN_POINT('',(9.5E0,-3.975E0,-1.18E1));
#546=LINE('',#545,#544);
#547=DIRECTION('',(0.E0,1.E0,0.E0));
#548=VECTOR('',#547,8.25E-1);
#549=CARTESIAN_POINT('',(9.5E0,-4.8E0,-1.18E1));
#550=LINE('',#549,#548);
#551=DIRECTION('',(0.E0,-1.E0,0.E0));
#552=VECTOR('',#551,8.25E-1);
#553=CARTESIAN_POINT('',(1.15E1,-3.975E0,-1.18E1));
#554=LINE('',#553,#552);
#555=DIRECTION('',(-1.E0,0.E0,0.E0));
#556=VECTOR('',#555,2.2E0);
#557=CARTESIAN_POINT('',(1.37E1,-3.975E0,-1.18E1));
#558=LINE('',#557,#556);
#559=DIRECTION('',(0.E0,1.E0,0.E0));
#560=VECTOR('',#559,8.25E-1);
#561=CARTESIAN_POINT('',(1.37E1,-4.8E0,-1.18E1));
#562=LINE('',#561,#560);
#563=DIRECTION('',(0.E0,-1.E0,0.E0));
#564=VECTOR('',#563,8.25E-1);
#565=CARTESIAN_POINT('',(1.57E1,-3.975E0,-1.18E1));
#566=LINE('',#565,#564);
#567=DIRECTION('',(-1.E0,0.E0,0.E0));
#568=VECTOR('',#567,2.2E0);
#569=CARTESIAN_POINT('',(1.79E1,-3.975E0,-1.18E1));
#570=LINE('',#569,#568);
#571=DIRECTION('',(0.E0,1.E0,0.E0));
#572=VECTOR('',#571,8.25E-1);
#573=CARTESIAN_POINT('',(1.79E1,-4.8E0,-1.18E1));
#574=LINE('',#573,#572);
#575=DIRECTION('',(0.E0,-1.E0,0.E0));
#576=VECTOR('',#575,8.25E-1);
#577=CARTESIAN_POINT('',(1.99E1,-3.975E0,-1.18E1));
#578=LINE('',#577,#576);
#579=DIRECTION('',(-1.E0,0.E0,0.E0));
#580=VECTOR('',#579,2.2E0);
#581=CARTESIAN_POINT('',(2.21E1,-3.975E0,-1.18E1));
#582=LINE('',#581,#580);
#583=DIRECTION('',(0.E0,1.E0,0.E0));
#584=VECTOR('',#583,8.25E-1);
#585=CARTESIAN_POINT('',(2.21E1,-4.8E0,-1.18E1));
#586=LINE('',#585,#584);
#587=DIRECTION('',(0.E0,-1.E0,0.E0));
#588=VECTOR('',#587,8.25E-1);
#589=CARTESIAN_POINT('',(2.41E1,-3.975E0,-1.18E1));
#590=LINE('',#589,#588);
#591=DIRECTION('',(-1.E0,0.E0,0.E0));
#592=VECTOR('',#591,9.E-1);
#593=CARTESIAN_POINT('',(2.5E1,-3.975E0,-1.18E1));
#594=LINE('',#593,#592);
#595=DIRECTION('',(0.E0,-1.E0,0.E0));
#596=VECTOR('',#595,3.75E0);
#597=CARTESIAN_POINT('',(2.5E1,-2.25E-1,-1.18E1));
#598=LINE('',#597,#596);
#599=DIRECTION('',(1.E0,0.E0,0.E0));
#600=VECTOR('',#599,5.E1);
#601=CARTESIAN_POINT('',(-2.5E1,-2.25E-1,-1.18E1));
#602=LINE('',#601,#600);
#603=DIRECTION('',(0.E0,1.E0,0.E0));
#604=VECTOR('',#603,3.75E0);
#605=CARTESIAN_POINT('',(-2.5E1,-3.975E0,-1.18E1));
#606=LINE('',#605,#604);
#607=DIRECTION('',(-1.E0,0.E0,0.E0));
#608=VECTOR('',#607,9.E-1);
#609=CARTESIAN_POINT('',(-2.41E1,-3.975E0,-1.18E1));
#610=LINE('',#609,#608);
#611=DIRECTION('',(0.E0,1.E0,0.E0));
#612=VECTOR('',#611,8.25E-1);
#613=CARTESIAN_POINT('',(-2.41E1,-4.8E0,-1.18E1));
#614=LINE('',#613,#612);
#615=DIRECTION('',(0.E0,-1.E0,0.E0));
#616=VECTOR('',#615,8.25E-1);
#617=CARTESIAN_POINT('',(-2.21E1,-3.975E0,-1.18E1));
#618=LINE('',#617,#616);
#619=DIRECTION('',(1.E0,0.E0,0.E0));
#620=VECTOR('',#619,2.2E0);
#621=CARTESIAN_POINT('',(-1.79E1,3.975E0,-1.18E1));
#622=LINE('',#621,#620);
#623=DIRECTION('',(0.E0,-1.E0,0.E0));
#624=VECTOR('',#623,8.25E-1);
#625=CARTESIAN_POINT('',(-1.79E1,4.8E0,-1.18E1));
#626=LINE('',#625,#624);
#627=DIRECTION('',(0.E0,1.E0,0.E0));
#628=VECTOR('',#627,8.25E-1);
#629=CARTESIAN_POINT('',(-1.99E1,3.975E0,-1.18E1));
#630=LINE('',#629,#628);
#631=DIRECTION('',(1.E0,0.E0,0.E0));
#632=VECTOR('',#631,2.2E0);
#633=CARTESIAN_POINT('',(-2.21E1,3.975E0,-1.18E1));
#634=LINE('',#633,#632);
#635=DIRECTION('',(0.E0,-1.E0,0.E0));
#636=VECTOR('',#635,8.25E-1);
#637=CARTESIAN_POINT('',(-2.21E1,4.8E0,-1.18E1));
#638=LINE('',#637,#636);
#639=DIRECTION('',(0.E0,1.E0,0.E0));
#640=VECTOR('',#639,8.25E-1);
#641=CARTESIAN_POINT('',(-2.41E1,3.975E0,-1.18E1));
#642=LINE('',#641,#640);
#643=DIRECTION('',(1.E0,0.E0,0.E0));
#644=VECTOR('',#643,9.E-1);
#645=CARTESIAN_POINT('',(-2.5E1,3.975E0,-1.18E1));
#646=LINE('',#645,#644);
#647=DIRECTION('',(0.E0,1.E0,0.E0));
#648=VECTOR('',#647,3.75E0);
#649=CARTESIAN_POINT('',(-2.5E1,2.25E-1,-1.18E1));
#650=LINE('',#649,#648);
#651=DIRECTION('',(-1.E0,0.E0,0.E0));
#652=VECTOR('',#651,5.E1);
#653=CARTESIAN_POINT('',(2.5E1,2.25E-1,-1.18E1));
#654=LINE('',#653,#652);
#655=DIRECTION('',(0.E0,-1.E0,0.E0));
#656=VECTOR('',#655,3.75E0);
#657=CARTESIAN_POINT('',(2.5E1,3.975E0,-1.18E1));
#658=LINE('',#657,#656);
#659=DIRECTION('',(1.E0,0.E0,0.E0));
#660=VECTOR('',#659,9.E-1);
#661=CARTESIAN_POINT('',(2.41E1,3.975E0,-1.18E1));
#662=LINE('',#661,#660);
#663=DIRECTION('',(0.E0,-1.E0,0.E0));
#664=VECTOR('',#663,8.25E-1);
#665=CARTESIAN_POINT('',(2.41E1,4.8E0,-1.18E1));
#666=LINE('',#665,#664);
#667=DIRECTION('',(0.E0,1.E0,0.E0));
#668=VECTOR('',#667,8.25E-1);
#669=CARTESIAN_POINT('',(2.21E1,3.975E0,-1.18E1));
#670=LINE('',#669,#668);
#671=DIRECTION('',(1.E0,0.E0,0.E0));
#672=VECTOR('',#671,2.2E0);
#673=CARTESIAN_POINT('',(1.99E1,3.975E0,-1.18E1));
#674=LINE('',#673,#672);
#675=DIRECTION('',(0.E0,-1.E0,0.E0));
#676=VECTOR('',#675,8.25E-1);
#677=CARTESIAN_POINT('',(1.99E1,4.8E0,-1.18E1));
#678=LINE('',#677,#676);
#679=DIRECTION('',(0.E0,1.E0,0.E0));
#680=VECTOR('',#679,8.25E-1);
#681=CARTESIAN_POINT('',(1.79E1,3.975E0,-1.18E1));
#682=LINE('',#681,#680);
#683=DIRECTION('',(1.E0,0.E0,0.E0));
#684=VECTOR('',#683,2.2E0);
#685=CARTESIAN_POINT('',(1.57E1,3.975E0,-1.18E1));
#686=LINE('',#685,#684);
#687=DIRECTION('',(0.E0,-1.E0,0.E0));
#688=VECTOR('',#687,8.25E-1);
#689=CARTESIAN_POINT('',(1.57E1,4.8E0,-1.18E1));
#690=LINE('',#689,#688);
#691=DIRECTION('',(0.E0,1.E0,0.E0));
#692=VECTOR('',#691,8.25E-1);
#693=CARTESIAN_POINT('',(1.37E1,3.975E0,-1.18E1));
#694=LINE('',#693,#692);
#695=DIRECTION('',(1.E0,0.E0,0.E0));
#696=VECTOR('',#695,2.2E0);
#697=CARTESIAN_POINT('',(1.15E1,3.975E0,-1.18E1));
#698=LINE('',#697,#696);
#699=DIRECTION('',(0.E0,-1.E0,0.E0));
#700=VECTOR('',#699,8.25E-1);
#701=CARTESIAN_POINT('',(1.15E1,4.8E0,-1.18E1));
#702=LINE('',#701,#700);
#703=DIRECTION('',(0.E0,1.E0,0.E0));
#704=VECTOR('',#703,8.25E-1);
#705=CARTESIAN_POINT('',(9.5E0,3.975E0,-1.18E1));
#706=LINE('',#705,#704);
#707=DIRECTION('',(1.E0,0.E0,0.E0));
#708=VECTOR('',#707,2.2E0);
#709=CARTESIAN_POINT('',(7.3E0,3.975E0,-1.18E1));
#710=LINE('',#709,#708);
#711=DIRECTION('',(0.E0,-1.E0,0.E0));
#712=VECTOR('',#711,8.25E-1);
#713=CARTESIAN_POINT('',(7.3E0,4.8E0,-1.18E1));
#714=LINE('',#713,#712);
#715=DIRECTION('',(0.E0,1.E0,0.E0));
#716=VECTOR('',#715,8.25E-1);
#717=CARTESIAN_POINT('',(5.3E0,3.975E0,-1.18E1));
#718=LINE('',#717,#716);
#719=DIRECTION('',(1.E0,0.E0,0.E0));
#720=VECTOR('',#719,2.2E0);
#721=CARTESIAN_POINT('',(3.1E0,3.975E0,-1.18E1));
#722=LINE('',#721,#720);
#723=DIRECTION('',(0.E0,-1.E0,0.E0));
#724=VECTOR('',#723,8.25E-1);
#725=CARTESIAN_POINT('',(3.1E0,4.8E0,-1.18E1));
#726=LINE('',#725,#724);
#727=DIRECTION('',(0.E0,1.E0,0.E0));
#728=VECTOR('',#727,8.25E-1);
#729=CARTESIAN_POINT('',(1.1E0,3.975E0,-1.18E1));
#730=LINE('',#729,#728);
#731=DIRECTION('',(1.E0,0.E0,0.E0));
#732=VECTOR('',#731,2.2E0);
#733=CARTESIAN_POINT('',(-1.1E0,3.975E0,-1.18E1));
#734=LINE('',#733,#732);
#735=DIRECTION('',(0.E0,-1.E0,0.E0));
#736=VECTOR('',#735,8.25E-1);
#737=CARTESIAN_POINT('',(-1.1E0,4.8E0,-1.18E1));
#738=LINE('',#737,#736);
#739=DIRECTION('',(0.E0,1.E0,0.E0));
#740=VECTOR('',#739,8.25E-1);
#741=CARTESIAN_POINT('',(-3.1E0,3.975E0,-1.18E1));
#742=LINE('',#741,#740);
#743=DIRECTION('',(1.E0,0.E0,0.E0));
#744=VECTOR('',#743,2.2E0);
#745=CARTESIAN_POINT('',(-5.3E0,3.975E0,-1.18E1));
#746=LINE('',#745,#744);
#747=DIRECTION('',(0.E0,-1.E0,0.E0));
#748=VECTOR('',#747,8.25E-1);
#749=CARTESIAN_POINT('',(-5.3E0,4.8E0,-1.18E1));
#750=LINE('',#749,#748);
#751=DIRECTION('',(0.E0,1.E0,0.E0));
#752=VECTOR('',#751,8.25E-1);
#753=CARTESIAN_POINT('',(-7.3E0,3.975E0,-1.18E1));
#754=LINE('',#753,#752);
#755=DIRECTION('',(1.E0,0.E0,0.E0));
#756=VECTOR('',#755,2.2E0);
#757=CARTESIAN_POINT('',(-9.5E0,3.975E0,-1.18E1));
#758=LINE('',#757,#756);
#759=DIRECTION('',(0.E0,-1.E0,0.E0));
#760=VECTOR('',#759,8.25E-1);
#761=CARTESIAN_POINT('',(-9.5E0,4.8E0,-1.18E1));
#762=LINE('',#761,#760);
#763=DIRECTION('',(0.E0,1.E0,0.E0));
#764=VECTOR('',#763,8.25E-1);
#765=CARTESIAN_POINT('',(-1.15E1,3.975E0,-1.18E1));
#766=LINE('',#765,#764);
#767=DIRECTION('',(1.E0,0.E0,0.E0));
#768=VECTOR('',#767,2.2E0);
#769=CARTESIAN_POINT('',(-1.37E1,3.975E0,-1.18E1));
#770=LINE('',#769,#768);
#771=DIRECTION('',(0.E0,-1.E0,0.E0));
#772=VECTOR('',#771,8.25E-1);
#773=CARTESIAN_POINT('',(-1.37E1,4.8E0,-1.18E1));
#774=LINE('',#773,#772);
#775=DIRECTION('',(0.E0,1.E0,0.E0));
#776=VECTOR('',#775,8.25E-1);
#777=CARTESIAN_POINT('',(-1.57E1,3.975E0,-1.18E1));
#778=LINE('',#777,#776);
#779=DIRECTION('',(0.E0,1.E0,0.E0));
#780=VECTOR('',#779,5.5E-1);
#781=CARTESIAN_POINT('',(-2.367E1,-3.025E0,-1.18E1));
#782=LINE('',#781,#780);
#783=DIRECTION('',(1.E0,0.E0,0.E0));
#784=VECTOR('',#783,1.14E0);
#785=CARTESIAN_POINT('',(-2.367E1,-2.475E0,-1.18E1));
#786=LINE('',#785,#784);
#787=DIRECTION('',(0.E0,-1.E0,0.E0));
#788=VECTOR('',#787,5.5E-1);
#789=CARTESIAN_POINT('',(-2.253E1,-2.475E0,-1.18E1));
#790=LINE('',#789,#788);
#791=DIRECTION('',(-1.E0,0.E0,0.E0));
#792=VECTOR('',#791,1.14E0);
#793=CARTESIAN_POINT('',(-2.253E1,-3.025E0,-1.18E1));
#794=LINE('',#793,#792);
#795=DIRECTION('',(1.E0,0.E0,0.E0));
#796=VECTOR('',#795,1.14E0);
#797=CARTESIAN_POINT('',(-2.367E1,3.025E0,-1.18E1));
#798=LINE('',#797,#796);
#799=DIRECTION('',(0.E0,-1.E0,0.E0));
#800=VECTOR('',#799,5.5E-1);
#801=CARTESIAN_POINT('',(-2.253E1,3.025E0,-1.18E1));
#802=LINE('',#801,#800);
#803=DIRECTION('',(-1.E0,0.E0,0.E0));
#804=VECTOR('',#803,1.14E0);
#805=CARTESIAN_POINT('',(-2.253E1,2.475E0,-1.18E1));
#806=LINE('',#805,#804);
#807=DIRECTION('',(0.E0,1.E0,0.E0));
#808=VECTOR('',#807,5.5E-1);
#809=CARTESIAN_POINT('',(-2.367E1,2.475E0,-1.18E1));
#810=LINE('',#809,#808);
#811=DIRECTION('',(0.E0,1.E0,0.E0));
#812=VECTOR('',#811,5.5E-1);
#813=CARTESIAN_POINT('',(-1.947E1,-3.025E0,-1.18E1));
#814=LINE('',#813,#812);
#815=DIRECTION('',(1.E0,0.E0,0.E0));
#816=VECTOR('',#815,1.14E0);
#817=CARTESIAN_POINT('',(-1.947E1,-2.475E0,-1.18E1));
#818=LINE('',#817,#816);
#819=DIRECTION('',(0.E0,-1.E0,0.E0));
#820=VECTOR('',#819,5.5E-1);
#821=CARTESIAN_POINT('',(-1.833E1,-2.475E0,-1.18E1));
#822=LINE('',#821,#820);
#823=DIRECTION('',(-1.E0,0.E0,0.E0));
#824=VECTOR('',#823,1.14E0);
#825=CARTESIAN_POINT('',(-1.833E1,-3.025E0,-1.18E1));
#826=LINE('',#825,#824);
#827=DIRECTION('',(1.E0,0.E0,0.E0));
#828=VECTOR('',#827,1.14E0);
#829=CARTESIAN_POINT('',(-1.947E1,3.025E0,-1.18E1));
#830=LINE('',#829,#828);
#831=DIRECTION('',(0.E0,-1.E0,0.E0));
#832=VECTOR('',#831,5.5E-1);
#833=CARTESIAN_POINT('',(-1.833E1,3.025E0,-1.18E1));
#834=LINE('',#833,#832);
#835=DIRECTION('',(-1.E0,0.E0,0.E0));
#836=VECTOR('',#835,1.14E0);
#837=CARTESIAN_POINT('',(-1.833E1,2.475E0,-1.18E1));
#838=LINE('',#837,#836);
#839=DIRECTION('',(0.E0,1.E0,0.E0));
#840=VECTOR('',#839,5.5E-1);
#841=CARTESIAN_POINT('',(-1.947E1,2.475E0,-1.18E1));
#842=LINE('',#841,#840);
#843=DIRECTION('',(0.E0,1.E0,0.E0));
#844=VECTOR('',#843,5.5E-1);
#845=CARTESIAN_POINT('',(-1.527E1,-3.025E0,-1.18E1));
#846=LINE('',#845,#844);
#847=DIRECTION('',(1.E0,0.E0,0.E0));
#848=VECTOR('',#847,1.14E0);
#849=CARTESIAN_POINT('',(-1.527E1,-2.475E0,-1.18E1));
#850=LINE('',#849,#848);
#851=DIRECTION('',(0.E0,-1.E0,0.E0));
#852=VECTOR('',#851,5.5E-1);
#853=CARTESIAN_POINT('',(-1.413E1,-2.475E0,-1.18E1));
#854=LINE('',#853,#852);
#855=DIRECTION('',(-1.E0,0.E0,0.E0));
#856=VECTOR('',#855,1.14E0);
#857=CARTESIAN_POINT('',(-1.413E1,-3.025E0,-1.18E1));
#858=LINE('',#857,#856);
#859=DIRECTION('',(1.E0,0.E0,0.E0));
#860=VECTOR('',#859,1.14E0);
#861=CARTESIAN_POINT('',(-1.527E1,3.025E0,-1.18E1));
#862=LINE('',#861,#860);
#863=DIRECTION('',(0.E0,-1.E0,0.E0));
#864=VECTOR('',#863,5.5E-1);
#865=CARTESIAN_POINT('',(-1.413E1,3.025E0,-1.18E1));
#866=LINE('',#865,#864);
#867=DIRECTION('',(-1.E0,0.E0,0.E0));
#868=VECTOR('',#867,1.14E0);
#869=CARTESIAN_POINT('',(-1.413E1,2.475E0,-1.18E1));
#870=LINE('',#869,#868);
#871=DIRECTION('',(0.E0,1.E0,0.E0));
#872=VECTOR('',#871,5.5E-1);
#873=CARTESIAN_POINT('',(-1.527E1,2.475E0,-1.18E1));
#874=LINE('',#873,#872);
#875=DIRECTION('',(0.E0,1.E0,0.E0));
#876=VECTOR('',#875,5.5E-1);
#877=CARTESIAN_POINT('',(-1.107E1,-3.025E0,-1.18E1));
#878=LINE('',#877,#876);
#879=DIRECTION('',(1.E0,0.E0,0.E0));
#880=VECTOR('',#879,1.14E0);
#881=CARTESIAN_POINT('',(-1.107E1,-2.475E0,-1.18E1));
#882=LINE('',#881,#880);
#883=DIRECTION('',(0.E0,-1.E0,0.E0));
#884=VECTOR('',#883,5.5E-1);
#885=CARTESIAN_POINT('',(-9.93E0,-2.475E0,-1.18E1));
#886=LINE('',#885,#884);
#887=DIRECTION('',(-1.E0,0.E0,0.E0));
#888=VECTOR('',#887,1.14E0);
#889=CARTESIAN_POINT('',(-9.93E0,-3.025E0,-1.18E1));
#890=LINE('',#889,#888);
#891=DIRECTION('',(1.E0,0.E0,0.E0));
#892=VECTOR('',#891,1.14E0);
#893=CARTESIAN_POINT('',(-1.107E1,3.025E0,-1.18E1));
#894=LINE('',#893,#892);
#895=DIRECTION('',(0.E0,-1.E0,0.E0));
#896=VECTOR('',#895,5.5E-1);
#897=CARTESIAN_POINT('',(-9.93E0,3.025E0,-1.18E1));
#898=LINE('',#897,#896);
#899=DIRECTION('',(-1.E0,0.E0,0.E0));
#900=VECTOR('',#899,1.14E0);
#901=CARTESIAN_POINT('',(-9.93E0,2.475E0,-1.18E1));
#902=LINE('',#901,#900);
#903=DIRECTION('',(0.E0,1.E0,0.E0));
#904=VECTOR('',#903,5.5E-1);
#905=CARTESIAN_POINT('',(-1.107E1,2.475E0,-1.18E1));
#906=LINE('',#905,#904);
#907=DIRECTION('',(0.E0,1.E0,0.E0));
#908=VECTOR('',#907,5.5E-1);
#909=CARTESIAN_POINT('',(-6.87E0,-3.025E0,-1.18E1));
#910=LINE('',#909,#908);
#911=DIRECTION('',(1.E0,0.E0,0.E0));
#912=VECTOR('',#911,1.14E0);
#913=CARTESIAN_POINT('',(-6.87E0,-2.475E0,-1.18E1));
#914=LINE('',#913,#912);
#915=DIRECTION('',(0.E0,-1.E0,0.E0));
#916=VECTOR('',#915,5.5E-1);
#917=CARTESIAN_POINT('',(-5.73E0,-2.475E0,-1.18E1));
#918=LINE('',#917,#916);
#919=DIRECTION('',(-1.E0,0.E0,0.E0));
#920=VECTOR('',#919,1.14E0);
#921=CARTESIAN_POINT('',(-5.73E0,-3.025E0,-1.18E1));
#922=LINE('',#921,#920);
#923=DIRECTION('',(1.E0,0.E0,0.E0));
#924=VECTOR('',#923,1.14E0);
#925=CARTESIAN_POINT('',(-6.87E0,3.025E0,-1.18E1));
#926=LINE('',#925,#924);
#927=DIRECTION('',(0.E0,-1.E0,0.E0));
#928=VECTOR('',#927,5.5E-1);
#929=CARTESIAN_POINT('',(-5.73E0,3.025E0,-1.18E1));
#930=LINE('',#929,#928);
#931=DIRECTION('',(-1.E0,0.E0,0.E0));
#932=VECTOR('',#931,1.14E0);
#933=CARTESIAN_POINT('',(-5.73E0,2.475E0,-1.18E1));
#934=LINE('',#933,#932);
#935=DIRECTION('',(0.E0,1.E0,0.E0));
#936=VECTOR('',#935,5.5E-1);
#937=CARTESIAN_POINT('',(-6.87E0,2.475E0,-1.18E1));
#938=LINE('',#937,#936);
#939=DIRECTION('',(0.E0,1.E0,0.E0));
#940=VECTOR('',#939,5.5E-1);
#941=CARTESIAN_POINT('',(-2.67E0,-3.025E0,-1.18E1));
#942=LINE('',#941,#940);
#943=DIRECTION('',(1.E0,0.E0,0.E0));
#944=VECTOR('',#943,1.14E0);
#945=CARTESIAN_POINT('',(-2.67E0,-2.475E0,-1.18E1));
#946=LINE('',#945,#944);
#947=DIRECTION('',(0.E0,-1.E0,0.E0));
#948=VECTOR('',#947,5.5E-1);
#949=CARTESIAN_POINT('',(-1.53E0,-2.475E0,-1.18E1));
#950=LINE('',#949,#948);
#951=DIRECTION('',(-1.E0,0.E0,0.E0));
#952=VECTOR('',#951,1.14E0);
#953=CARTESIAN_POINT('',(-1.53E0,-3.025E0,-1.18E1));
#954=LINE('',#953,#952);
#955=DIRECTION('',(1.E0,0.E0,0.E0));
#956=VECTOR('',#955,1.14E0);
#957=CARTESIAN_POINT('',(-2.67E0,3.025E0,-1.18E1));
#958=LINE('',#957,#956);
#959=DIRECTION('',(0.E0,-1.E0,0.E0));
#960=VECTOR('',#959,5.5E-1);
#961=CARTESIAN_POINT('',(-1.53E0,3.025E0,-1.18E1));
#962=LINE('',#961,#960);
#963=DIRECTION('',(-1.E0,0.E0,0.E0));
#964=VECTOR('',#963,1.14E0);
#965=CARTESIAN_POINT('',(-1.53E0,2.475E0,-1.18E1));
#966=LINE('',#965,#964);
#967=DIRECTION('',(0.E0,1.E0,0.E0));
#968=VECTOR('',#967,5.5E-1);
#969=CARTESIAN_POINT('',(-2.67E0,2.475E0,-1.18E1));
#970=LINE('',#969,#968);
#971=DIRECTION('',(0.E0,1.E0,0.E0));
#972=VECTOR('',#971,5.5E-1);
#973=CARTESIAN_POINT('',(1.53E0,-3.025E0,-1.18E1));
#974=LINE('',#973,#972);
#975=DIRECTION('',(1.E0,0.E0,0.E0));
#976=VECTOR('',#975,1.14E0);
#977=CARTESIAN_POINT('',(1.53E0,-2.475E0,-1.18E1));
#978=LINE('',#977,#976);
#979=DIRECTION('',(0.E0,-1.E0,0.E0));
#980=VECTOR('',#979,5.5E-1);
#981=CARTESIAN_POINT('',(2.67E0,-2.475E0,-1.18E1));
#982=LINE('',#981,#980);
#983=DIRECTION('',(-1.E0,0.E0,0.E0));
#984=VECTOR('',#983,1.14E0);
#985=CARTESIAN_POINT('',(2.67E0,-3.025E0,-1.18E1));
#986=LINE('',#985,#984);
#987=DIRECTION('',(1.E0,0.E0,0.E0));
#988=VECTOR('',#987,1.14E0);
#989=CARTESIAN_POINT('',(1.53E0,3.025E0,-1.18E1));
#990=LINE('',#989,#988);
#991=DIRECTION('',(0.E0,-1.E0,0.E0));
#992=VECTOR('',#991,5.5E-1);
#993=CARTESIAN_POINT('',(2.67E0,3.025E0,-1.18E1));
#994=LINE('',#993,#992);
#995=DIRECTION('',(-1.E0,0.E0,0.E0));
#996=VECTOR('',#995,1.14E0);
#997=CARTESIAN_POINT('',(2.67E0,2.475E0,-1.18E1));
#998=LINE('',#997,#996);
#999=DIRECTION('',(0.E0,1.E0,0.E0));
#1000=VECTOR('',#999,5.5E-1);
#1001=CARTESIAN_POINT('',(1.53E0,2.475E0,-1.18E1));
#1002=LINE('',#1001,#1000);
#1003=DIRECTION('',(0.E0,1.E0,0.E0));
#1004=VECTOR('',#1003,5.5E-1);
#1005=CARTESIAN_POINT('',(5.73E0,-3.025E0,-1.18E1));
#1006=LINE('',#1005,#1004);
#1007=DIRECTION('',(1.E0,0.E0,0.E0));
#1008=VECTOR('',#1007,1.14E0);
#1009=CARTESIAN_POINT('',(5.73E0,-2.475E0,-1.18E1));
#1010=LINE('',#1009,#1008);
#1011=DIRECTION('',(0.E0,-1.E0,0.E0));
#1012=VECTOR('',#1011,5.5E-1);
#1013=CARTESIAN_POINT('',(6.87E0,-2.475E0,-1.18E1));
#1014=LINE('',#1013,#1012);
#1015=DIRECTION('',(-1.E0,0.E0,0.E0));
#1016=VECTOR('',#1015,1.14E0);
#1017=CARTESIAN_POINT('',(6.87E0,-3.025E0,-1.18E1));
#1018=LINE('',#1017,#1016);
#1019=DIRECTION('',(1.E0,0.E0,0.E0));
#1020=VECTOR('',#1019,1.14E0);
#1021=CARTESIAN_POINT('',(5.73E0,3.025E0,-1.18E1));
#1022=LINE('',#1021,#1020);
#1023=DIRECTION('',(0.E0,-1.E0,0.E0));
#1024=VECTOR('',#1023,5.5E-1);
#1025=CARTESIAN_POINT('',(6.87E0,3.025E0,-1.18E1));
#1026=LINE('',#1025,#1024);
#1027=DIRECTION('',(-1.E0,0.E0,0.E0));
#1028=VECTOR('',#1027,1.14E0);
#1029=CARTESIAN_POINT('',(6.87E0,2.475E0,-1.18E1));
#1030=LINE('',#1029,#1028);
#1031=DIRECTION('',(0.E0,1.E0,0.E0));
#1032=VECTOR('',#1031,5.5E-1);
#1033=CARTESIAN_POINT('',(5.73E0,2.475E0,-1.18E1));
#1034=LINE('',#1033,#1032);
#1035=DIRECTION('',(0.E0,1.E0,0.E0));
#1036=VECTOR('',#1035,5.5E-1);
#1037=CARTESIAN_POINT('',(9.93E0,-3.025E0,-1.18E1));
#1038=LINE('',#1037,#1036);
#1039=DIRECTION('',(1.E0,0.E0,0.E0));
#1040=VECTOR('',#1039,1.14E0);
#1041=CARTESIAN_POINT('',(9.93E0,-2.475E0,-1.18E1));
#1042=LINE('',#1041,#1040);
#1043=DIRECTION('',(0.E0,-1.E0,0.E0));
#1044=VECTOR('',#1043,5.5E-1);
#1045=CARTESIAN_POINT('',(1.107E1,-2.475E0,-1.18E1));
#1046=LINE('',#1045,#1044);
#1047=DIRECTION('',(-1.E0,0.E0,0.E0));
#1048=VECTOR('',#1047,1.14E0);
#1049=CARTESIAN_POINT('',(1.107E1,-3.025E0,-1.18E1));
#1050=LINE('',#1049,#1048);
#1051=DIRECTION('',(1.E0,0.E0,0.E0));
#1052=VECTOR('',#1051,1.14E0);
#1053=CARTESIAN_POINT('',(9.93E0,3.025E0,-1.18E1));
#1054=LINE('',#1053,#1052);
#1055=DIRECTION('',(0.E0,-1.E0,0.E0));
#1056=VECTOR('',#1055,5.5E-1);
#1057=CARTESIAN_POINT('',(1.107E1,3.025E0,-1.18E1));
#1058=LINE('',#1057,#1056);
#1059=DIRECTION('',(-1.E0,0.E0,0.E0));
#1060=VECTOR('',#1059,1.14E0);
#1061=CARTESIAN_POINT('',(1.107E1,2.475E0,-1.18E1));
#1062=LINE('',#1061,#1060);
#1063=DIRECTION('',(0.E0,1.E0,0.E0));
#1064=VECTOR('',#1063,5.5E-1);
#1065=CARTESIAN_POINT('',(9.93E0,2.475E0,-1.18E1));
#1066=LINE('',#1065,#1064);
#1067=DIRECTION('',(0.E0,1.E0,0.E0));
#1068=VECTOR('',#1067,5.5E-1);
#1069=CARTESIAN_POINT('',(1.413E1,-3.025E0,-1.18E1));
#1070=LINE('',#1069,#1068);
#1071=DIRECTION('',(1.E0,0.E0,0.E0));
#1072=VECTOR('',#1071,1.14E0);
#1073=CARTESIAN_POINT('',(1.413E1,-2.475E0,-1.18E1));
#1074=LINE('',#1073,#1072);
#1075=DIRECTION('',(0.E0,-1.E0,0.E0));
#1076=VECTOR('',#1075,5.5E-1);
#1077=CARTESIAN_POINT('',(1.527E1,-2.475E0,-1.18E1));
#1078=LINE('',#1077,#1076);
#1079=DIRECTION('',(-1.E0,0.E0,0.E0));
#1080=VECTOR('',#1079,1.14E0);
#1081=CARTESIAN_POINT('',(1.527E1,-3.025E0,-1.18E1));
#1082=LINE('',#1081,#1080);
#1083=DIRECTION('',(1.E0,0.E0,0.E0));
#1084=VECTOR('',#1083,1.14E0);
#1085=CARTESIAN_POINT('',(1.413E1,3.025E0,-1.18E1));
#1086=LINE('',#1085,#1084);
#1087=DIRECTION('',(0.E0,-1.E0,0.E0));
#1088=VECTOR('',#1087,5.5E-1);
#1089=CARTESIAN_POINT('',(1.527E1,3.025E0,-1.18E1));
#1090=LINE('',#1089,#1088);
#1091=DIRECTION('',(-1.E0,0.E0,0.E0));
#1092=VECTOR('',#1091,1.14E0);
#1093=CARTESIAN_POINT('',(1.527E1,2.475E0,-1.18E1));
#1094=LINE('',#1093,#1092);
#1095=DIRECTION('',(0.E0,1.E0,0.E0));
#1096=VECTOR('',#1095,5.5E-1);
#1097=CARTESIAN_POINT('',(1.413E1,2.475E0,-1.18E1));
#1098=LINE('',#1097,#1096);
#1099=DIRECTION('',(0.E0,1.E0,0.E0));
#1100=VECTOR('',#1099,5.5E-1);
#1101=CARTESIAN_POINT('',(1.833E1,-3.025E0,-1.18E1));
#1102=LINE('',#1101,#1100);
#1103=DIRECTION('',(1.E0,0.E0,0.E0));
#1104=VECTOR('',#1103,1.14E0);
#1105=CARTESIAN_POINT('',(1.833E1,-2.475E0,-1.18E1));
#1106=LINE('',#1105,#1104);
#1107=DIRECTION('',(0.E0,-1.E0,0.E0));
#1108=VECTOR('',#1107,5.5E-1);
#1109=CARTESIAN_POINT('',(1.947E1,-2.475E0,-1.18E1));
#1110=LINE('',#1109,#1108);
#1111=DIRECTION('',(-1.E0,0.E0,0.E0));
#1112=VECTOR('',#1111,1.14E0);
#1113=CARTESIAN_POINT('',(1.947E1,-3.025E0,-1.18E1));
#1114=LINE('',#1113,#1112);
#1115=DIRECTION('',(1.E0,0.E0,0.E0));
#1116=VECTOR('',#1115,1.14E0);
#1117=CARTESIAN_POINT('',(1.833E1,3.025E0,-1.18E1));
#1118=LINE('',#1117,#1116);
#1119=DIRECTION('',(0.E0,-1.E0,0.E0));
#1120=VECTOR('',#1119,5.5E-1);
#1121=CARTESIAN_POINT('',(1.947E1,3.025E0,-1.18E1));
#1122=LINE('',#1121,#1120);
#1123=DIRECTION('',(-1.E0,0.E0,0.E0));
#1124=VECTOR('',#1123,1.14E0);
#1125=CARTESIAN_POINT('',(1.947E1,2.475E0,-1.18E1));
#1126=LINE('',#1125,#1124);
#1127=DIRECTION('',(0.E0,1.E0,0.E0));
#1128=VECTOR('',#1127,5.5E-1);
#1129=CARTESIAN_POINT('',(1.833E1,2.475E0,-1.18E1));
#1130=LINE('',#1129,#1128);
#1131=DIRECTION('',(0.E0,1.E0,0.E0));
#1132=VECTOR('',#1131,5.5E-1);
#1133=CARTESIAN_POINT('',(2.253E1,-3.025E0,-1.18E1));
#1134=LINE('',#1133,#1132);
#1135=DIRECTION('',(1.E0,0.E0,0.E0));
#1136=VECTOR('',#1135,1.14E0);
#1137=CARTESIAN_POINT('',(2.253E1,-2.475E0,-1.18E1));
#1138=LINE('',#1137,#1136);
#1139=DIRECTION('',(0.E0,-1.E0,0.E0));
#1140=VECTOR('',#1139,5.5E-1);
#1141=CARTESIAN_POINT('',(2.367E1,-2.475E0,-1.18E1));
#1142=LINE('',#1141,#1140);
#1143=DIRECTION('',(-1.E0,0.E0,0.E0));
#1144=VECTOR('',#1143,1.14E0);
#1145=CARTESIAN_POINT('',(2.367E1,-3.025E0,-1.18E1));
#1146=LINE('',#1145,#1144);
#1147=DIRECTION('',(1.E0,0.E0,0.E0));
#1148=VECTOR('',#1147,1.14E0);
#1149=CARTESIAN_POINT('',(2.253E1,3.025E0,-1.18E1));
#1150=LINE('',#1149,#1148);
#1151=DIRECTION('',(0.E0,-1.E0,0.E0));
#1152=VECTOR('',#1151,5.5E-1);
#1153=CARTESIAN_POINT('',(2.367E1,3.025E0,-1.18E1));
#1154=LINE('',#1153,#1152);
#1155=DIRECTION('',(-1.E0,0.E0,0.E0));
#1156=VECTOR('',#1155,1.14E0);
#1157=CARTESIAN_POINT('',(2.367E1,2.475E0,-1.18E1));
#1158=LINE('',#1157,#1156);
#1159=DIRECTION('',(0.E0,1.E0,0.E0));
#1160=VECTOR('',#1159,5.5E-1);
#1161=CARTESIAN_POINT('',(2.253E1,2.475E0,-1.18E1));
#1162=LINE('',#1161,#1160);
#1163=DIRECTION('',(0.E0,0.E0,-1.E0));
#1164=VECTOR('',#1163,1.E0);
#1165=CARTESIAN_POINT('',(-1.99E1,-3.975E0,-1.18E1));
#1166=LINE('',#1165,#1164);
#1167=DIRECTION('',(0.E0,0.E0,-1.E0));
#1168=VECTOR('',#1167,3.2E0);
#1169=CARTESIAN_POINT('',(-1.7E0,-4.8E0,0.E0));
#1170=LINE('',#1169,#1168);
#1171=DIRECTION('',(1.E0,0.E0,0.E0));
#1172=VECTOR('',#1171,3.4E0);
#1173=CARTESIAN_POINT('',(-1.7E0,-4.8E0,-3.2E0));
#1174=LINE('',#1173,#1172);
#1175=DIRECTION('',(0.E0,0.E0,-1.E0));
#1176=VECTOR('',#1175,3.2E0);
#1177=CARTESIAN_POINT('',(1.7E0,-4.8E0,0.E0));
#1178=LINE('',#1177,#1176);
#1179=DIRECTION('',(0.E0,0.E0,1.E0));
#1180=VECTOR('',#1179,1.E0);
#1181=CARTESIAN_POINT('',(2.41E1,-4.8E0,-1.28E1));
#1182=LINE('',#1181,#1180);
#1183=DIRECTION('',(1.E0,0.E0,0.E0));
#1184=VECTOR('',#1183,2.E0);
#1185=CARTESIAN_POINT('',(2.21E1,-4.8E0,-1.18E1));
#1186=LINE('',#1185,#1184);
#1187=DIRECTION('',(0.E0,0.E0,1.E0));
#1188=VECTOR('',#1187,1.E0);
#1189=CARTESIAN_POINT('',(2.21E1,-4.8E0,-1.28E1));
#1190=LINE('',#1189,#1188);
#1191=DIRECTION('',(0.E0,0.E0,1.E0));
#1192=VECTOR('',#1191,1.E0);
#1193=CARTESIAN_POINT('',(1.99E1,-4.8E0,-1.28E1));
#1194=LINE('',#1193,#1192);
#1195=DIRECTION('',(1.E0,0.E0,0.E0));
#1196=VECTOR('',#1195,2.E0);
#1197=CARTESIAN_POINT('',(1.79E1,-4.8E0,-1.18E1));
#1198=LINE('',#1197,#1196);
#1199=DIRECTION('',(0.E0,0.E0,1.E0));
#1200=VECTOR('',#1199,1.E0);
#1201=CARTESIAN_POINT('',(1.79E1,-4.8E0,-1.28E1));
#1202=LINE('',#1201,#1200);
#1203=DIRECTION('',(0.E0,0.E0,1.E0));
#1204=VECTOR('',#1203,1.E0);
#1205=CARTESIAN_POINT('',(1.57E1,-4.8E0,-1.28E1));
#1206=LINE('',#1205,#1204);
#1207=DIRECTION('',(1.E0,0.E0,0.E0));
#1208=VECTOR('',#1207,2.E0);
#1209=CARTESIAN_POINT('',(1.37E1,-4.8E0,-1.18E1));
#1210=LINE('',#1209,#1208);
#1211=DIRECTION('',(0.E0,0.E0,1.E0));
#1212=VECTOR('',#1211,1.E0);
#1213=CARTESIAN_POINT('',(1.37E1,-4.8E0,-1.28E1));
#1214=LINE('',#1213,#1212);
#1215=DIRECTION('',(0.E0,0.E0,1.E0));
#1216=VECTOR('',#1215,1.E0);
#1217=CARTESIAN_POINT('',(1.15E1,-4.8E0,-1.28E1));
#1218=LINE('',#1217,#1216);
#1219=DIRECTION('',(1.E0,0.E0,0.E0));
#1220=VECTOR('',#1219,2.E0);
#1221=CARTESIAN_POINT('',(9.5E0,-4.8E0,-1.18E1));
#1222=LINE('',#1221,#1220);
#1223=DIRECTION('',(0.E0,0.E0,1.E0));
#1224=VECTOR('',#1223,1.E0);
#1225=CARTESIAN_POINT('',(9.5E0,-4.8E0,-1.28E1));
#1226=LINE('',#1225,#1224);
#1227=DIRECTION('',(0.E0,0.E0,1.E0));
#1228=VECTOR('',#1227,1.E0);
#1229=CARTESIAN_POINT('',(7.3E0,-4.8E0,-1.28E1));
#1230=LINE('',#1229,#1228);
#1231=DIRECTION('',(1.E0,0.E0,0.E0));
#1232=VECTOR('',#1231,2.E0);
#1233=CARTESIAN_POINT('',(5.3E0,-4.8E0,-1.18E1));
#1234=LINE('',#1233,#1232);
#1235=DIRECTION('',(0.E0,0.E0,1.E0));
#1236=VECTOR('',#1235,1.E0);
#1237=CARTESIAN_POINT('',(5.3E0,-4.8E0,-1.28E1));
#1238=LINE('',#1237,#1236);
#1239=DIRECTION('',(0.E0,0.E0,1.E0));
#1240=VECTOR('',#1239,1.E0);
#1241=CARTESIAN_POINT('',(3.1E0,-4.8E0,-1.28E1));
#1242=LINE('',#1241,#1240);
#1243=DIRECTION('',(1.E0,0.E0,0.E0));
#1244=VECTOR('',#1243,2.E0);
#1245=CARTESIAN_POINT('',(1.1E0,-4.8E0,-1.18E1));
#1246=LINE('',#1245,#1244);
#1247=DIRECTION('',(0.E0,0.E0,1.E0));
#1248=VECTOR('',#1247,1.E0);
#1249=CARTESIAN_POINT('',(1.1E0,-4.8E0,-1.28E1));
#1250=LINE('',#1249,#1248);
#1251=DIRECTION('',(0.E0,0.E0,1.E0));
#1252=VECTOR('',#1251,1.E0);
#1253=CARTESIAN_POINT('',(-1.1E0,-4.8E0,-1.28E1));
#1254=LINE('',#1253,#1252);
#1255=DIRECTION('',(1.E0,0.E0,0.E0));
#1256=VECTOR('',#1255,2.E0);
#1257=CARTESIAN_POINT('',(-3.1E0,-4.8E0,-1.18E1));
#1258=LINE('',#1257,#1256);
#1259=DIRECTION('',(0.E0,0.E0,1.E0));
#1260=VECTOR('',#1259,1.E0);
#1261=CARTESIAN_POINT('',(-3.1E0,-4.8E0,-1.28E1));
#1262=LINE('',#1261,#1260);
#1263=DIRECTION('',(0.E0,0.E0,1.E0));
#1264=VECTOR('',#1263,1.E0);
#1265=CARTESIAN_POINT('',(-5.3E0,-4.8E0,-1.28E1));
#1266=LINE('',#1265,#1264);
#1267=DIRECTION('',(1.E0,0.E0,0.E0));
#1268=VECTOR('',#1267,2.E0);
#1269=CARTESIAN_POINT('',(-7.3E0,-4.8E0,-1.18E1));
#1270=LINE('',#1269,#1268);
#1271=DIRECTION('',(0.E0,0.E0,1.E0));
#1272=VECTOR('',#1271,1.E0);
#1273=CARTESIAN_POINT('',(-7.3E0,-4.8E0,-1.28E1));
#1274=LINE('',#1273,#1272);
#1275=DIRECTION('',(0.E0,0.E0,1.E0));
#1276=VECTOR('',#1275,1.E0);
#1277=CARTESIAN_POINT('',(-9.5E0,-4.8E0,-1.28E1));
#1278=LINE('',#1277,#1276);
#1279=DIRECTION('',(1.E0,0.E0,0.E0));
#1280=VECTOR('',#1279,2.E0);
#1281=CARTESIAN_POINT('',(-1.15E1,-4.8E0,-1.18E1));
#1282=LINE('',#1281,#1280);
#1283=DIRECTION('',(0.E0,0.E0,1.E0));
#1284=VECTOR('',#1283,1.E0);
#1285=CARTESIAN_POINT('',(-1.15E1,-4.8E0,-1.28E1));
#1286=LINE('',#1285,#1284);
#1287=DIRECTION('',(0.E0,0.E0,1.E0));
#1288=VECTOR('',#1287,1.E0);
#1289=CARTESIAN_POINT('',(-1.37E1,-4.8E0,-1.28E1));
#1290=LINE('',#1289,#1288);
#1291=DIRECTION('',(1.E0,0.E0,0.E0));
#1292=VECTOR('',#1291,2.E0);
#1293=CARTESIAN_POINT('',(-1.57E1,-4.8E0,-1.18E1));
#1294=LINE('',#1293,#1292);
#1295=DIRECTION('',(0.E0,0.E0,1.E0));
#1296=VECTOR('',#1295,1.E0);
#1297=CARTESIAN_POINT('',(-1.57E1,-4.8E0,-1.28E1));
#1298=LINE('',#1297,#1296);
#1299=DIRECTION('',(0.E0,0.E0,1.E0));
#1300=VECTOR('',#1299,1.E0);
#1301=CARTESIAN_POINT('',(-1.79E1,-4.8E0,-1.28E1));
#1302=LINE('',#1301,#1300);
#1303=DIRECTION('',(1.E0,0.E0,0.E0));
#1304=VECTOR('',#1303,2.E0);
#1305=CARTESIAN_POINT('',(-1.99E1,-4.8E0,-1.18E1));
#1306=LINE('',#1305,#1304);
#1307=DIRECTION('',(0.E0,0.E0,1.E0));
#1308=VECTOR('',#1307,1.E0);
#1309=CARTESIAN_POINT('',(-1.99E1,-4.8E0,-1.28E1));
#1310=LINE('',#1309,#1308);
#1311=DIRECTION('',(0.E0,0.E0,1.E0));
#1312=VECTOR('',#1311,1.E0);
#1313=CARTESIAN_POINT('',(-2.21E1,-4.8E0,-1.28E1));
#1314=LINE('',#1313,#1312);
#1315=DIRECTION('',(1.E0,0.E0,0.E0));
#1316=VECTOR('',#1315,2.E0);
#1317=CARTESIAN_POINT('',(-2.41E1,-4.8E0,-1.18E1));
#1318=LINE('',#1317,#1316);
#1319=DIRECTION('',(0.E0,0.E0,1.E0));
#1320=VECTOR('',#1319,1.E0);
#1321=CARTESIAN_POINT('',(-2.41E1,-4.8E0,-1.28E1));
#1322=LINE('',#1321,#1320);
#1323=DIRECTION('',(0.E0,0.E0,1.E0));
#1324=VECTOR('',#1323,1.28E1);
#1325=CARTESIAN_POINT('',(-2.575E1,-4.8E0,-1.28E1));
#1326=LINE('',#1325,#1324);
#1327=DIRECTION('',(0.E0,-4.687158068994E-1,-8.833490206949E-1));
#1328=VECTOR('',#1327,2.773535649672E0);
#1329=CARTESIAN_POINT('',(-1.7E0,-4.8E0,0.E0));
#1330=LINE('',#1329,#1328);
#1331=DIRECTION('',(0.E0,0.E0,-1.E0));
#1332=VECTOR('',#1331,7.5E-1);
#1333=CARTESIAN_POINT('',(-1.7E0,-6.1E0,-2.45E0));
#1334=LINE('',#1333,#1332);
#1335=DIRECTION('',(0.E0,1.E0,0.E0));
#1336=VECTOR('',#1335,1.3E0);
#1337=CARTESIAN_POINT('',(-1.7E0,-6.1E0,-3.2E0));
#1338=LINE('',#1337,#1336);
#1339=DIRECTION('',(0.E0,-1.E0,0.E0));
#1340=VECTOR('',#1339,3.75E0);
#1341=CARTESIAN_POINT('',(-2.5E1,3.975E0,0.E0));
#1342=LINE('',#1341,#1340);
#1343=DIRECTION('',(1.E0,0.E0,0.E0));
#1344=VECTOR('',#1343,3.8E0);
#1345=CARTESIAN_POINT('',(-2.5E1,2.25E-1,0.E0));
#1346=LINE('',#1345,#1344);
#1347=DIRECTION('',(0.E0,1.E0,0.E0));
#1348=VECTOR('',#1347,3.75E0);
#1349=CARTESIAN_POINT('',(-2.12E1,2.25E-1,0.E0));
#1350=LINE('',#1349,#1348);
#1351=DIRECTION('',(-1.E0,0.E0,0.E0));
#1352=VECTOR('',#1351,3.8E0);
#1353=CARTESIAN_POINT('',(-2.12E1,3.975E0,0.E0));
#1354=LINE('',#1353,#1352);
#1355=DIRECTION('',(1.E0,0.E0,0.E0));
#1356=VECTOR('',#1355,3.8E0);
#1357=CARTESIAN_POINT('',(-2.08E1,-3.975E0,0.E0));
#1358=LINE('',#1357,#1356);
#1359=DIRECTION('',(0.E0,1.E0,0.E0));
#1360=VECTOR('',#1359,3.75E0);
#1361=CARTESIAN_POINT('',(-1.7E1,-3.975E0,0.E0));
#1362=LINE('',#1361,#1360);
#1363=DIRECTION('',(-1.E0,0.E0,0.E0));
#1364=VECTOR('',#1363,3.8E0);
#1365=CARTESIAN_POINT('',(-1.7E1,-2.25E-1,0.E0));
#1366=LINE('',#1365,#1364);
#1367=DIRECTION('',(0.E0,-1.E0,0.E0));
#1368=VECTOR('',#1367,3.75E0);
#1369=CARTESIAN_POINT('',(-2.08E1,-2.25E-1,0.E0));
#1370=LINE('',#1369,#1368);
#1371=DIRECTION('',(1.E0,0.E0,0.E0));
#1372=VECTOR('',#1371,3.8E0);
#1373=CARTESIAN_POINT('',(-1.66E1,-3.975E0,0.E0));
#1374=LINE('',#1373,#1372);
#1375=DIRECTION('',(0.E0,1.E0,0.E0));
#1376=VECTOR('',#1375,3.75E0);
#1377=CARTESIAN_POINT('',(-1.28E1,-3.975E0,0.E0));
#1378=LINE('',#1377,#1376);
#1379=DIRECTION('',(-1.E0,0.E0,0.E0));
#1380=VECTOR('',#1379,3.8E0);
#1381=CARTESIAN_POINT('',(-1.28E1,-2.25E-1,0.E0));
#1382=LINE('',#1381,#1380);
#1383=DIRECTION('',(0.E0,-1.E0,0.E0));
#1384=VECTOR('',#1383,3.75E0);
#1385=CARTESIAN_POINT('',(-1.66E1,-2.25E-1,0.E0));
#1386=LINE('',#1385,#1384);
#1387=DIRECTION('',(0.E0,-1.E0,0.E0));
#1388=VECTOR('',#1387,3.75E0);
#1389=CARTESIAN_POINT('',(-1.24E1,3.975E0,0.E0));
#1390=LINE('',#1389,#1388);
#1391=DIRECTION('',(1.E0,0.E0,0.E0));
#1392=VECTOR('',#1391,3.8E0);
#1393=CARTESIAN_POINT('',(-1.24E1,2.25E-1,0.E0));
#1394=LINE('',#1393,#1392);
#1395=DIRECTION('',(0.E0,1.E0,0.E0));
#1396=VECTOR('',#1395,3.75E0);
#1397=CARTESIAN_POINT('',(-8.6E0,2.25E-1,0.E0));
#1398=LINE('',#1397,#1396);
#1399=DIRECTION('',(-1.E0,0.E0,0.E0));
#1400=VECTOR('',#1399,3.8E0);
#1401=CARTESIAN_POINT('',(-8.6E0,3.975E0,0.E0));
#1402=LINE('',#1401,#1400);
#1403=DIRECTION('',(0.E0,-1.E0,0.E0));
#1404=VECTOR('',#1403,3.75E0);
#1405=CARTESIAN_POINT('',(-8.2E0,3.975E0,0.E0));
#1406=LINE('',#1405,#1404);
#1407=DIRECTION('',(1.E0,0.E0,0.E0));
#1408=VECTOR('',#1407,3.8E0);
#1409=CARTESIAN_POINT('',(-8.2E0,2.25E-1,0.E0));
#1410=LINE('',#1409,#1408);
#1411=DIRECTION('',(0.E0,1.E0,0.E0));
#1412=VECTOR('',#1411,3.75E0);
#1413=CARTESIAN_POINT('',(-4.4E0,2.25E-1,0.E0));
#1414=LINE('',#1413,#1412);
#1415=DIRECTION('',(-1.E0,0.E0,0.E0));
#1416=VECTOR('',#1415,3.8E0);
#1417=CARTESIAN_POINT('',(-4.4E0,3.975E0,0.E0));
#1418=LINE('',#1417,#1416);
#1419=DIRECTION('',(1.E0,0.E0,0.E0));
#1420=VECTOR('',#1419,3.8E0);
#1421=CARTESIAN_POINT('',(-4.E0,-3.975E0,0.E0));
#1422=LINE('',#1421,#1420);
#1423=DIRECTION('',(0.E0,1.E0,0.E0));
#1424=VECTOR('',#1423,3.75E0);
#1425=CARTESIAN_POINT('',(-2.E-1,-3.975E0,0.E0));
#1426=LINE('',#1425,#1424);
#1427=DIRECTION('',(-1.E0,0.E0,0.E0));
#1428=VECTOR('',#1427,3.8E0);
#1429=CARTESIAN_POINT('',(-2.E-1,-2.25E-1,0.E0));
#1430=LINE('',#1429,#1428);
#1431=DIRECTION('',(0.E0,-1.E0,0.E0));
#1432=VECTOR('',#1431,3.75E0);
#1433=CARTESIAN_POINT('',(-4.E0,-2.25E-1,0.E0));
#1434=LINE('',#1433,#1432);
#1435=DIRECTION('',(1.E0,0.E0,0.E0));
#1436=VECTOR('',#1435,3.8E0);
#1437=CARTESIAN_POINT('',(2.E-1,-3.975E0,0.E0));
#1438=LINE('',#1437,#1436);
#1439=DIRECTION('',(0.E0,1.E0,0.E0));
#1440=VECTOR('',#1439,3.75E0);
#1441=CARTESIAN_POINT('',(4.E0,-3.975E0,0.E0));
#1442=LINE('',#1441,#1440);
#1443=DIRECTION('',(-1.E0,0.E0,0.E0));
#1444=VECTOR('',#1443,3.8E0);
#1445=CARTESIAN_POINT('',(4.E0,-2.25E-1,0.E0));
#1446=LINE('',#1445,#1444);
#1447=DIRECTION('',(0.E0,-1.E0,0.E0));
#1448=VECTOR('',#1447,3.75E0);
#1449=CARTESIAN_POINT('',(2.E-1,-2.25E-1,0.E0));
#1450=LINE('',#1449,#1448);
#1451=DIRECTION('',(0.E0,-1.E0,0.E0));
#1452=VECTOR('',#1451,3.75E0);
#1453=CARTESIAN_POINT('',(4.4E0,3.975E0,0.E0));
#1454=LINE('',#1453,#1452);
#1455=DIRECTION('',(1.E0,0.E0,0.E0));
#1456=VECTOR('',#1455,3.8E0);
#1457=CARTESIAN_POINT('',(4.4E0,2.25E-1,0.E0));
#1458=LINE('',#1457,#1456);
#1459=DIRECTION('',(0.E0,1.E0,0.E0));
#1460=VECTOR('',#1459,3.75E0);
#1461=CARTESIAN_POINT('',(8.2E0,2.25E-1,0.E0));
#1462=LINE('',#1461,#1460);
#1463=DIRECTION('',(-1.E0,0.E0,0.E0));
#1464=VECTOR('',#1463,3.8E0);
#1465=CARTESIAN_POINT('',(8.2E0,3.975E0,0.E0));
#1466=LINE('',#1465,#1464);
#1467=DIRECTION('',(0.E0,-1.E0,0.E0));
#1468=VECTOR('',#1467,3.75E0);
#1469=CARTESIAN_POINT('',(8.6E0,3.975E0,0.E0));
#1470=LINE('',#1469,#1468);
#1471=DIRECTION('',(1.E0,0.E0,0.E0));
#1472=VECTOR('',#1471,3.8E0);
#1473=CARTESIAN_POINT('',(8.6E0,2.25E-1,0.E0));
#1474=LINE('',#1473,#1472);
#1475=DIRECTION('',(0.E0,1.E0,0.E0));
#1476=VECTOR('',#1475,3.75E0);
#1477=CARTESIAN_POINT('',(1.24E1,2.25E-1,0.E0));
#1478=LINE('',#1477,#1476);
#1479=DIRECTION('',(-1.E0,0.E0,0.E0));
#1480=VECTOR('',#1479,3.8E0);
#1481=CARTESIAN_POINT('',(1.24E1,3.975E0,0.E0));
#1482=LINE('',#1481,#1480);
#1483=DIRECTION('',(1.E0,0.E0,0.E0));
#1484=VECTOR('',#1483,3.8E0);
#1485=CARTESIAN_POINT('',(1.28E1,-3.975E0,0.E0));
#1486=LINE('',#1485,#1484);
#1487=DIRECTION('',(0.E0,1.E0,0.E0));
#1488=VECTOR('',#1487,3.75E0);
#1489=CARTESIAN_POINT('',(1.66E1,-3.975E0,0.E0));
#1490=LINE('',#1489,#1488);
#1491=DIRECTION('',(-1.E0,0.E0,0.E0));
#1492=VECTOR('',#1491,3.8E0);
#1493=CARTESIAN_POINT('',(1.66E1,-2.25E-1,0.E0));
#1494=LINE('',#1493,#1492);
#1495=DIRECTION('',(0.E0,-1.E0,0.E0));
#1496=VECTOR('',#1495,3.75E0);
#1497=CARTESIAN_POINT('',(1.28E1,-2.25E-1,0.E0));
#1498=LINE('',#1497,#1496);
#1499=DIRECTION('',(1.E0,0.E0,0.E0));
#1500=VECTOR('',#1499,3.8E0);
#1501=CARTESIAN_POINT('',(1.7E1,-3.975E0,0.E0));
#1502=LINE('',#1501,#1500);
#1503=DIRECTION('',(0.E0,1.E0,0.E0));
#1504=VECTOR('',#1503,3.75E0);
#1505=CARTESIAN_POINT('',(2.08E1,-3.975E0,0.E0));
#1506=LINE('',#1505,#1504);
#1507=DIRECTION('',(-1.E0,0.E0,0.E0));
#1508=VECTOR('',#1507,3.8E0);
#1509=CARTESIAN_POINT('',(2.08E1,-2.25E-1,0.E0));
#1510=LINE('',#1509,#1508);
#1511=DIRECTION('',(0.E0,-1.E0,0.E0));
#1512=VECTOR('',#1511,3.75E0);
#1513=CARTESIAN_POINT('',(1.7E1,-2.25E-1,0.E0));
#1514=LINE('',#1513,#1512);
#1515=DIRECTION('',(0.E0,-1.E0,0.E0));
#1516=VECTOR('',#1515,3.75E0);
#1517=CARTESIAN_POINT('',(2.12E1,3.975E0,0.E0));
#1518=LINE('',#1517,#1516);
#1519=DIRECTION('',(1.E0,0.E0,0.E0));
#1520=VECTOR('',#1519,3.8E0);
#1521=CARTESIAN_POINT('',(2.12E1,2.25E-1,0.E0));
#1522=LINE('',#1521,#1520);
#1523=DIRECTION('',(0.E0,1.E0,0.E0));
#1524=VECTOR('',#1523,3.75E0);
#1525=CARTESIAN_POINT('',(2.5E1,2.25E-1,0.E0));
#1526=LINE('',#1525,#1524);
#1527=DIRECTION('',(-1.E0,0.E0,0.E0));
#1528=VECTOR('',#1527,3.8E0);
#1529=CARTESIAN_POINT('',(2.5E1,3.975E0,0.E0));
#1530=LINE('',#1529,#1528);
#1531=DIRECTION('',(-1.E0,0.E0,0.E0));
#1532=VECTOR('',#1531,1.8E0);
#1533=CARTESIAN_POINT('',(3.E0,3.975E0,0.E0));
#1534=LINE('',#1533,#1532);
#1535=DIRECTION('',(0.E0,-1.E0,0.E0));
#1536=VECTOR('',#1535,2.75E0);
#1537=CARTESIAN_POINT('',(2.E-1,2.975E0,0.E0));
#1538=LINE('',#1537,#1536);
#1539=DIRECTION('',(1.E0,0.E0,0.E0));
#1540=VECTOR('',#1539,3.8E0);
#1541=CARTESIAN_POINT('',(2.E-1,2.25E-1,0.E0));
#1542=LINE('',#1541,#1540);
#1543=DIRECTION('',(0.E0,1.E0,0.E0));
#1544=VECTOR('',#1543,2.75E0);
#1545=CARTESIAN_POINT('',(4.E0,2.25E-1,0.E0));
#1546=LINE('',#1545,#1544);
#1547=DIRECTION('',(0.E0,1.E0,0.E0));
#1548=VECTOR('',#1547,2.75E0);
#1549=CARTESIAN_POINT('',(8.2E0,-3.975E0,0.E0));
#1550=LINE('',#1549,#1548);
#1551=DIRECTION('',(-1.E0,0.E0,0.E0));
#1552=VECTOR('',#1551,1.8E0);
#1553=CARTESIAN_POINT('',(7.2E0,-2.25E-1,0.E0));
#1554=LINE('',#1553,#1552);
#1555=DIRECTION('',(0.E0,-1.E0,0.E0));
#1556=VECTOR('',#1555,2.75E0);
#1557=CARTESIAN_POINT('',(4.4E0,-1.225E0,0.E0));
#1558=LINE('',#1557,#1556);
#1559=DIRECTION('',(1.E0,0.E0,0.E0));
#1560=VECTOR('',#1559,3.8E0);
#1561=CARTESIAN_POINT('',(4.4E0,-3.975E0,0.E0));
#1562=LINE('',#1561,#1560);
#1563=DIRECTION('',(0.E0,1.E0,0.E0));
#1564=VECTOR('',#1563,2.75E0);
#1565=CARTESIAN_POINT('',(1.24E1,-3.975E0,0.E0));
#1566=LINE('',#1565,#1564);
#1567=DIRECTION('',(-1.E0,0.E0,0.E0));
#1568=VECTOR('',#1567,1.8E0);
#1569=CARTESIAN_POINT('',(1.14E1,-2.25E-1,0.E0));
#1570=LINE('',#1569,#1568);
#1571=DIRECTION('',(0.E0,-1.E0,0.E0));
#1572=VECTOR('',#1571,2.75E0);
#1573=CARTESIAN_POINT('',(8.6E0,-1.225E0,0.E0));
#1574=LINE('',#1573,#1572);
#1575=DIRECTION('',(1.E0,0.E0,0.E0));
#1576=VECTOR('',#1575,3.8E0);
#1577=CARTESIAN_POINT('',(8.6E0,-3.975E0,0.E0));
#1578=LINE('',#1577,#1576);
#1579=DIRECTION('',(0.E0,1.E0,0.E0));
#1580=VECTOR('',#1579,2.75E0);
#1581=CARTESIAN_POINT('',(1.66E1,2.25E-1,0.E0));
#1582=LINE('',#1581,#1580);
#1583=DIRECTION('',(-1.E0,0.E0,0.E0));
#1584=VECTOR('',#1583,1.8E0);
#1585=CARTESIAN_POINT('',(1.56E1,3.975E0,0.E0));
#1586=LINE('',#1585,#1584);
#1587=DIRECTION('',(0.E0,-1.E0,0.E0));
#1588=VECTOR('',#1587,2.75E0);
#1589=CARTESIAN_POINT('',(1.28E1,2.975E0,0.E0));
#1590=LINE('',#1589,#1588);
#1591=DIRECTION('',(1.E0,0.E0,0.E0));
#1592=VECTOR('',#1591,3.8E0);
#1593=CARTESIAN_POINT('',(1.28E1,2.25E-1,0.E0));
#1594=LINE('',#1593,#1592);
#1595=DIRECTION('',(0.E0,1.E0,0.E0));
#1596=VECTOR('',#1595,2.75E0);
#1597=CARTESIAN_POINT('',(2.08E1,2.25E-1,0.E0));
#1598=LINE('',#1597,#1596);
#1599=DIRECTION('',(-1.E0,0.E0,0.E0));
#1600=VECTOR('',#1599,1.8E0);
#1601=CARTESIAN_POINT('',(1.98E1,3.975E0,0.E0));
#1602=LINE('',#1601,#1600);
#1603=DIRECTION('',(0.E0,-1.E0,0.E0));
#1604=VECTOR('',#1603,2.75E0);
#1605=CARTESIAN_POINT('',(1.7E1,2.975E0,0.E0));
#1606=LINE('',#1605,#1604);
#1607=DIRECTION('',(1.E0,0.E0,0.E0));
#1608=VECTOR('',#1607,3.8E0);
#1609=CARTESIAN_POINT('',(1.7E1,2.25E-1,0.E0));
#1610=LINE('',#1609,#1608);
#1611=DIRECTION('',(0.E0,1.E0,0.E0));
#1612=VECTOR('',#1611,2.75E0);
#1613=CARTESIAN_POINT('',(2.5E1,-3.975E0,0.E0));
#1614=LINE('',#1613,#1612);
#1615=DIRECTION('',(-1.E0,0.E0,0.E0));
#1616=VECTOR('',#1615,1.8E0);
#1617=CARTESIAN_POINT('',(2.4E1,-2.25E-1,0.E0));
#1618=LINE('',#1617,#1616);
#1619=DIRECTION('',(0.E0,-1.E0,0.E0));
#1620=VECTOR('',#1619,2.75E0);
#1621=CARTESIAN_POINT('',(2.12E1,-1.225E0,0.E0));
#1622=LINE('',#1621,#1620);
#1623=DIRECTION('',(1.E0,0.E0,0.E0));
#1624=VECTOR('',#1623,3.8E0);
#1625=CARTESIAN_POINT('',(2.12E1,-3.975E0,0.E0));
#1626=LINE('',#1625,#1624);
#1627=DIRECTION('',(0.E0,1.E0,0.E0));
#1628=VECTOR('',#1627,2.75E0);
#1629=CARTESIAN_POINT('',(-2.12E1,-3.975E0,0.E0));
#1630=LINE('',#1629,#1628);
#1631=DIRECTION('',(-1.E0,0.E0,0.E0));
#1632=VECTOR('',#1631,1.8E0);
#1633=CARTESIAN_POINT('',(-2.22E1,-2.25E-1,0.E0));
#1634=LINE('',#1633,#1632);
#1635=DIRECTION('',(0.E0,-1.E0,0.E0));
#1636=VECTOR('',#1635,2.75E0);
#1637=CARTESIAN_POINT('',(-2.5E1,-1.225E0,0.E0));
#1638=LINE('',#1637,#1636);
#1639=DIRECTION('',(1.E0,0.E0,0.E0));
#1640=VECTOR('',#1639,3.8E0);
#1641=CARTESIAN_POINT('',(-2.5E1,-3.975E0,0.E0));
#1642=LINE('',#1641,#1640);
#1643=DIRECTION('',(0.E0,1.E0,0.E0));
#1644=VECTOR('',#1643,2.75E0);
#1645=CARTESIAN_POINT('',(-1.7E1,2.25E-1,0.E0));
#1646=LINE('',#1645,#1644);
#1647=DIRECTION('',(-1.E0,0.E0,0.E0));
#1648=VECTOR('',#1647,1.8E0);
#1649=CARTESIAN_POINT('',(-1.8E1,3.975E0,0.E0));
#1650=LINE('',#1649,#1648);
#1651=DIRECTION('',(0.E0,-1.E0,0.E0));
#1652=VECTOR('',#1651,2.75E0);
#1653=CARTESIAN_POINT('',(-2.08E1,2.975E0,0.E0));
#1654=LINE('',#1653,#1652);
#1655=DIRECTION('',(1.E0,0.E0,0.E0));
#1656=VECTOR('',#1655,3.8E0);
#1657=CARTESIAN_POINT('',(-2.08E1,2.25E-1,0.E0));
#1658=LINE('',#1657,#1656);
#1659=DIRECTION('',(0.E0,1.E0,0.E0));
#1660=VECTOR('',#1659,2.75E0);
#1661=CARTESIAN_POINT('',(-1.28E1,2.25E-1,0.E0));
#1662=LINE('',#1661,#1660);
#1663=DIRECTION('',(-1.E0,0.E0,0.E0));
#1664=VECTOR('',#1663,1.8E0);
#1665=CARTESIAN_POINT('',(-1.38E1,3.975E0,0.E0));
#1666=LINE('',#1665,#1664);
#1667=DIRECTION('',(0.E0,-1.E0,0.E0));
#1668=VECTOR('',#1667,2.75E0);
#1669=CARTESIAN_POINT('',(-1.66E1,2.975E0,0.E0));
#1670=LINE('',#1669,#1668);
#1671=DIRECTION('',(1.E0,0.E0,0.E0));
#1672=VECTOR('',#1671,3.8E0);
#1673=CARTESIAN_POINT('',(-1.66E1,2.25E-1,0.E0));
#1674=LINE('',#1673,#1672);
#1675=DIRECTION('',(0.E0,1.E0,0.E0));
#1676=VECTOR('',#1675,2.75E0);
#1677=CARTESIAN_POINT('',(-8.6E0,-3.975E0,0.E0));
#1678=LINE('',#1677,#1676);
#1679=DIRECTION('',(-1.E0,0.E0,0.E0));
#1680=VECTOR('',#1679,1.8E0);
#1681=CARTESIAN_POINT('',(-9.6E0,-2.25E-1,0.E0));
#1682=LINE('',#1681,#1680);
#1683=DIRECTION('',(0.E0,-1.E0,0.E0));
#1684=VECTOR('',#1683,2.75E0);
#1685=CARTESIAN_POINT('',(-1.24E1,-1.225E0,0.E0));
#1686=LINE('',#1685,#1684);
#1687=DIRECTION('',(1.E0,0.E0,0.E0));
#1688=VECTOR('',#1687,3.8E0);
#1689=CARTESIAN_POINT('',(-1.24E1,-3.975E0,0.E0));
#1690=LINE('',#1689,#1688);
#1691=DIRECTION('',(0.E0,1.E0,0.E0));
#1692=VECTOR('',#1691,2.75E0);
#1693=CARTESIAN_POINT('',(-4.4E0,-3.975E0,0.E0));
#1694=LINE('',#1693,#1692);
#1695=DIRECTION('',(-1.E0,0.E0,0.E0));
#1696=VECTOR('',#1695,1.8E0);
#1697=CARTESIAN_POINT('',(-5.4E0,-2.25E-1,0.E0));
#1698=LINE('',#1697,#1696);
#1699=DIRECTION('',(0.E0,-1.E0,0.E0));
#1700=VECTOR('',#1699,2.75E0);
#1701=CARTESIAN_POINT('',(-8.2E0,-1.225E0,0.E0));
#1702=LINE('',#1701,#1700);
#1703=DIRECTION('',(1.E0,0.E0,0.E0));
#1704=VECTOR('',#1703,3.8E0);
#1705=CARTESIAN_POINT('',(-8.2E0,-3.975E0,0.E0));
#1706=LINE('',#1705,#1704);
#1707=DIRECTION('',(0.E0,1.E0,0.E0));
#1708=VECTOR('',#1707,2.75E0);
#1709=CARTESIAN_POINT('',(-2.E-1,2.25E-1,0.E0));
#1710=LINE('',#1709,#1708);
#1711=DIRECTION('',(-1.E0,0.E0,0.E0));
#1712=VECTOR('',#1711,1.8E0);
#1713=CARTESIAN_POINT('',(-1.2E0,3.975E0,0.E0));
#1714=LINE('',#1713,#1712);
#1715=DIRECTION('',(0.E0,-1.E0,0.E0));
#1716=VECTOR('',#1715,2.75E0);
#1717=CARTESIAN_POINT('',(-4.E0,2.975E0,0.E0));
#1718=LINE('',#1717,#1716);
#1719=DIRECTION('',(1.E0,0.E0,0.E0));
#1720=VECTOR('',#1719,3.8E0);
#1721=CARTESIAN_POINT('',(-4.E0,2.25E-1,0.E0));
#1722=LINE('',#1721,#1720);
#1723=DIRECTION('',(0.E0,-1.E0,0.E0));
#1724=VECTOR('',#1723,6.9E0);
#1725=CARTESIAN_POINT('',(-2.575E1,2.1E0,0.E0));
#1726=LINE('',#1725,#1724);
#1727=CARTESIAN_POINT('',(-2.575E1,2.45E0,0.E0));
#1728=DIRECTION('',(0.E0,0.E0,1.E0));
#1729=DIRECTION('',(0.E0,1.E0,0.E0));
#1730=AXIS2_PLACEMENT_3D('',#1727,#1728,#1729);
#1732=DIRECTION('',(0.E0,-1.E0,0.E0));
#1733=VECTOR('',#1732,2.E0);
#1734=CARTESIAN_POINT('',(-2.575E1,4.8E0,0.E0));
#1735=LINE('',#1734,#1733);
#1736=DIRECTION('',(-1.E0,0.E0,0.E0));
#1737=VECTOR('',#1736,5.15E1);
#1738=CARTESIAN_POINT('',(2.575E1,4.8E0,0.E0));
#1739=LINE('',#1738,#1737);
#1740=DIRECTION('',(0.E0,1.E0,0.E0));
#1741=VECTOR('',#1740,9.6E0);
#1742=CARTESIAN_POINT('',(2.575E1,-4.8E0,0.E0));
#1743=LINE('',#1742,#1741);
#1744=DIRECTION('',(1.E0,0.E0,0.E0));
#1745=VECTOR('',#1744,2.405E1);
#1746=CARTESIAN_POINT('',(1.7E0,-4.8E0,0.E0));
#1747=LINE('',#1746,#1745);
#1748=DIRECTION('',(1.E0,0.E0,0.E0));
#1749=VECTOR('',#1748,3.4E0);
#1750=CARTESIAN_POINT('',(-1.7E0,-4.8E0,0.E0));
#1751=LINE('',#1750,#1749);
#1752=DIRECTION('',(1.E0,0.E0,0.E0));
#1753=VECTOR('',#1752,2.405E1);
#1754=CARTESIAN_POINT('',(-2.575E1,-4.8E0,0.E0));
#1755=LINE('',#1754,#1753);
#1756=DIRECTION('',(0.E0,0.E0,-1.E0));
#1757=VECTOR('',#1756,9.05E0);
#1758=CARTESIAN_POINT('',(-2.5E1,3.975E0,0.E0));
#1759=LINE('',#1758,#1757);
#1760=DIRECTION('',(0.E0,0.E0,-1.E0));
#1761=VECTOR('',#1760,9.05E0);
#1762=CARTESIAN_POINT('',(-2.12E1,3.975E0,0.E0));
#1763=LINE('',#1762,#1761);
#1764=DIRECTION('',(0.E0,0.E0,-1.E0));
#1765=VECTOR('',#1764,9.05E0);
#1766=CARTESIAN_POINT('',(-2.12E1,2.25E-1,0.E0));
#1767=LINE('',#1766,#1765);
#1768=DIRECTION('',(0.E0,0.E0,-1.E0));
#1769=VECTOR('',#1768,9.05E0);
#1770=CARTESIAN_POINT('',(-2.5E1,2.25E-1,0.E0));
#1771=LINE('',#1770,#1769);
#1772=DIRECTION('',(0.E0,-1.E0,0.E0));
#1773=VECTOR('',#1772,3.75E0);
#1774=CARTESIAN_POINT('',(-2.5E1,3.975E0,-9.05E0));
#1775=LINE('',#1774,#1773);
#1776=DIRECTION('',(-1.E0,0.E0,0.E0));
#1777=VECTOR('',#1776,3.8E0);
#1778=CARTESIAN_POINT('',(-2.12E1,3.975E0,-9.05E0));
#1779=LINE('',#1778,#1777);
#1780=DIRECTION('',(0.E0,1.E0,0.E0));
#1781=VECTOR('',#1780,3.75E0);
#1782=CARTESIAN_POINT('',(-2.12E1,2.25E-1,-9.05E0));
#1783=LINE('',#1782,#1781);
#1784=DIRECTION('',(1.E0,0.E0,0.E0));
#1785=VECTOR('',#1784,3.8E0);
#1786=CARTESIAN_POINT('',(-2.5E1,2.25E-1,-9.05E0));
#1787=LINE('',#1786,#1785);
#1788=DIRECTION('',(0.E0,-1.E0,0.E0));
#1789=VECTOR('',#1788,1.E0);
#1790=CARTESIAN_POINT('',(-2.36E1,2.6E0,-9.05E0));
#1791=LINE('',#1790,#1789);
#1792=DIRECTION('',(1.E0,0.E0,0.E0));
#1793=VECTOR('',#1792,1.E0);
#1794=CARTESIAN_POINT('',(-2.36E1,1.6E0,-9.05E0));
#1795=LINE('',#1794,#1793);
#1796=DIRECTION('',(0.E0,1.E0,0.E0));
#1797=VECTOR('',#1796,1.E0);
#1798=CARTESIAN_POINT('',(-2.26E1,1.6E0,-9.05E0));
#1799=LINE('',#1798,#1797);
#1800=DIRECTION('',(-1.E0,0.E0,0.E0));
#1801=VECTOR('',#1800,1.E0);
#1802=CARTESIAN_POINT('',(-2.26E1,2.6E0,-9.05E0));
#1803=LINE('',#1802,#1801);
#1804=DIRECTION('',(1.E0,0.E0,0.E0));
#1805=VECTOR('',#1804,1.E0);
#1806=CARTESIAN_POINT('',(-2.36E1,-2.6E0,-9.05E0));
#1807=LINE('',#1806,#1805);
#1808=DIRECTION('',(0.E0,1.E0,0.E0));
#1809=VECTOR('',#1808,1.E0);
#1810=CARTESIAN_POINT('',(-2.26E1,-2.6E0,-9.05E0));
#1811=LINE('',#1810,#1809);
#1812=DIRECTION('',(-1.E0,0.E0,0.E0));
#1813=VECTOR('',#1812,1.E0);
#1814=CARTESIAN_POINT('',(-2.26E1,-1.6E0,-9.05E0));
#1815=LINE('',#1814,#1813);
#1816=DIRECTION('',(0.E0,-1.E0,0.E0));
#1817=VECTOR('',#1816,1.E0);
#1818=CARTESIAN_POINT('',(-2.36E1,-1.6E0,-9.05E0));
#1819=LINE('',#1818,#1817);
#1820=DIRECTION('',(-7.071067811865E-1,7.071067811865E-1,0.E0));
#1821=VECTOR('',#1820,1.414213562373E0);
#1822=CARTESIAN_POINT('',(-2.12E1,-1.225E0,-9.05E0));
#1823=LINE('',#1822,#1821);
#1824=DIRECTION('',(0.E0,1.E0,0.E0));
#1825=VECTOR('',#1824,2.75E0);
#1826=CARTESIAN_POINT('',(-2.12E1,-3.975E0,-9.05E0));
#1827=LINE('',#1826,#1825);
#1828=DIRECTION('',(1.E0,0.E0,0.E0));
#1829=VECTOR('',#1828,3.8E0);
#1830=CARTESIAN_POINT('',(-2.5E1,-3.975E0,-9.05E0));
#1831=LINE('',#1830,#1829);
#1832=DIRECTION('',(0.E0,-1.E0,0.E0));
#1833=VECTOR('',#1832,2.75E0);
#1834=CARTESIAN_POINT('',(-2.5E1,-1.225E0,-9.05E0));
#1835=LINE('',#1834,#1833);
#1836=DIRECTION('',(-7.071067811865E-1,-7.071067811865E-1,0.E0));
#1837=VECTOR('',#1836,1.414213562373E0);
#1838=CARTESIAN_POINT('',(-2.4E1,-2.25E-1,-9.05E0));
#1839=LINE('',#1838,#1837);
#1840=DIRECTION('',(-1.E0,0.E0,0.E0));
#1841=VECTOR('',#1840,1.8E0);
#1842=CARTESIAN_POINT('',(-2.22E1,-2.25E-1,-9.05E0));
#1843=LINE('',#1842,#1841);
#1844=DIRECTION('',(0.E0,0.E0,1.E0));
#1845=VECTOR('',#1844,5.7E0);
#1846=CARTESIAN_POINT('',(-2.36E1,2.6E0,-9.05E0));
#1847=LINE('',#1846,#1845);
#1848=DIRECTION('',(0.E0,0.E0,1.E0));
#1849=VECTOR('',#1848,5.7E0);
#1850=CARTESIAN_POINT('',(-2.26E1,2.6E0,-9.05E0));
#1851=LINE('',#1850,#1849);
#1852=DIRECTION('',(0.E0,0.E0,1.E0));
#1853=VECTOR('',#1852,5.7E0);
#1854=CARTESIAN_POINT('',(-2.26E1,1.6E0,-9.05E0));
#1855=LINE('',#1854,#1853);
#1856=DIRECTION('',(0.E0,0.E0,1.E0));
#1857=VECTOR('',#1856,5.7E0);
#1858=CARTESIAN_POINT('',(-2.36E1,1.6E0,-9.05E0));
#1859=LINE('',#1858,#1857);
#1860=DIRECTION('',(0.E0,-1.E0,0.E0));
#1861=VECTOR('',#1860,1.E0);
#1862=CARTESIAN_POINT('',(-2.36E1,2.6E0,-3.35E0));
#1863=LINE('',#1862,#1861);
#1864=DIRECTION('',(-1.E0,0.E0,0.E0));
#1865=VECTOR('',#1864,1.E0);
#1866=CARTESIAN_POINT('',(-2.26E1,2.6E0,-3.35E0));
#1867=LINE('',#1866,#1865);
#1868=DIRECTION('',(0.E0,1.E0,0.E0));
#1869=VECTOR('',#1868,1.E0);
#1870=CARTESIAN_POINT('',(-2.26E1,1.6E0,-3.35E0));
#1871=LINE('',#1870,#1869);
#1872=DIRECTION('',(1.E0,0.E0,0.E0));
#1873=VECTOR('',#1872,1.E0);
#1874=CARTESIAN_POINT('',(-2.36E1,1.6E0,-3.35E0));
#1875=LINE('',#1874,#1873);
#1876=DIRECTION('',(1.E0,0.E0,0.E0));
#1877=VECTOR('',#1876,1.E0);
#1878=CARTESIAN_POINT('',(-2.36E1,-2.6E0,-3.35E0));
#1879=LINE('',#1878,#1877);
#1880=DIRECTION('',(0.E0,-1.E0,0.E0));
#1881=VECTOR('',#1880,1.E0);
#1882=CARTESIAN_POINT('',(-2.36E1,-1.6E0,-3.35E0));
#1883=LINE('',#1882,#1881);
#1884=DIRECTION('',(-1.E0,0.E0,0.E0));
#1885=VECTOR('',#1884,1.E0);
#1886=CARTESIAN_POINT('',(-2.26E1,-1.6E0,-3.35E0));
#1887=LINE('',#1886,#1885);
#1888=DIRECTION('',(0.E0,1.E0,0.E0));
#1889=VECTOR('',#1888,1.E0);
#1890=CARTESIAN_POINT('',(-2.26E1,-2.6E0,-3.35E0));
#1891=LINE('',#1890,#1889);
#1892=DIRECTION('',(0.E0,0.E0,1.E0));
#1893=VECTOR('',#1892,5.7E0);
#1894=CARTESIAN_POINT('',(-2.36E1,-2.6E0,-9.05E0));
#1895=LINE('',#1894,#1893);
#1896=DIRECTION('',(0.E0,0.E0,1.E0));
#1897=VECTOR('',#1896,5.7E0);
#1898=CARTESIAN_POINT('',(-2.36E1,-1.6E0,-9.05E0));
#1899=LINE('',#1898,#1897);
#1900=DIRECTION('',(0.E0,0.E0,1.E0));
#1901=VECTOR('',#1900,5.7E0);
#1902=CARTESIAN_POINT('',(-2.26E1,-1.6E0,-9.05E0));
#1903=LINE('',#1902,#1901);
#1904=DIRECTION('',(0.E0,0.E0,1.E0));
#1905=VECTOR('',#1904,5.7E0);
#1906=CARTESIAN_POINT('',(-2.26E1,-2.6E0,-9.05E0));
#1907=LINE('',#1906,#1905);
#1908=DIRECTION('',(7.071067811865E-1,-7.071067811865E-1,0.E0));
#1909=VECTOR('',#1908,1.414213562373E0);
#1910=CARTESIAN_POINT('',(-2.22E1,-2.25E-1,0.E0));
#1911=LINE('',#1910,#1909);
#1912=DIRECTION('',(0.E0,0.E0,-1.E0));
#1913=VECTOR('',#1912,9.05E0);
#1914=CARTESIAN_POINT('',(-2.22E1,-2.25E-1,0.E0));
#1915=LINE('',#1914,#1913);
#1916=DIRECTION('',(0.E0,0.E0,-1.E0));
#1917=VECTOR('',#1916,9.05E0);
#1918=CARTESIAN_POINT('',(-2.4E1,-2.25E-1,0.E0));
#1919=LINE('',#1918,#1917);
#1920=DIRECTION('',(7.071067811865E-1,7.071067811865E-1,0.E0));
#1921=VECTOR('',#1920,1.414213562373E0);
#1922=CARTESIAN_POINT('',(-2.5E1,-1.225E0,0.E0));
#1923=LINE('',#1922,#1921);
#1924=DIRECTION('',(0.E0,0.E0,-1.E0));
#1925=VECTOR('',#1924,9.05E0);
#1926=CARTESIAN_POINT('',(-2.5E1,-1.225E0,0.E0));
#1927=LINE('',#1926,#1925);
#1928=DIRECTION('',(0.E0,0.E0,-1.E0));
#1929=VECTOR('',#1928,9.05E0);
#1930=CARTESIAN_POINT('',(-2.5E1,-3.975E0,0.E0));
#1931=LINE('',#1930,#1929);
#1932=DIRECTION('',(0.E0,0.E0,-1.E0));
#1933=VECTOR('',#1932,9.05E0);
#1934=CARTESIAN_POINT('',(-2.12E1,-1.225E0,0.E0));
#1935=LINE('',#1934,#1933);
#1936=DIRECTION('',(0.E0,0.E0,-1.E0));
#1937=VECTOR('',#1936,9.05E0);
#1938=CARTESIAN_POINT('',(-2.12E1,-3.975E0,0.E0));
#1939=LINE('',#1938,#1937);
#1940=DIRECTION('',(0.E0,0.E0,-1.E0));
#1941=VECTOR('',#1940,9.05E0);
#1942=CARTESIAN_POINT('',(-2.08E1,-3.975E0,0.E0));
#1943=LINE('',#1942,#1941);
#1944=DIRECTION('',(0.E0,0.E0,-1.E0));
#1945=VECTOR('',#1944,9.05E0);
#1946=CARTESIAN_POINT('',(-2.08E1,-2.25E-1,0.E0));
#1947=LINE('',#1946,#1945);
#1948=DIRECTION('',(0.E0,0.E0,-1.E0));
#1949=VECTOR('',#1948,9.05E0);
#1950=CARTESIAN_POINT('',(-1.7E1,-2.25E-1,0.E0));
#1951=LINE('',#1950,#1949);
#1952=DIRECTION('',(0.E0,0.E0,-1.E0));
#1953=VECTOR('',#1952,9.05E0);
#1954=CARTESIAN_POINT('',(-1.7E1,-3.975E0,0.E0));
#1955=LINE('',#1954,#1953);
#1956=DIRECTION('',(0.E0,-1.E0,0.E0));
#1957=VECTOR('',#1956,1.E0);
#1958=CARTESIAN_POINT('',(-1.94E1,2.6E0,-9.05E0));
#1959=LINE('',#1958,#1957);
#1960=DIRECTION('',(1.E0,0.E0,0.E0));
#1961=VECTOR('',#1960,1.E0);
#1962=CARTESIAN_POINT('',(-1.94E1,1.6E0,-9.05E0));
#1963=LINE('',#1962,#1961);
#1964=DIRECTION('',(0.E0,1.E0,0.E0));
#1965=VECTOR('',#1964,1.E0);
#1966=CARTESIAN_POINT('',(-1.84E1,1.6E0,-9.05E0));
#1967=LINE('',#1966,#1965);
#1968=DIRECTION('',(-1.E0,0.E0,0.E0));
#1969=VECTOR('',#1968,1.E0);
#1970=CARTESIAN_POINT('',(-1.84E1,2.6E0,-9.05E0));
#1971=LINE('',#1970,#1969);
#1972=DIRECTION('',(1.E0,0.E0,0.E0));
#1973=VECTOR('',#1972,3.8E0);
#1974=CARTESIAN_POINT('',(-2.08E1,-3.975E0,-9.05E0));
#1975=LINE('',#1974,#1973);
#1976=DIRECTION('',(0.E0,-1.E0,0.E0));
#1977=VECTOR('',#1976,3.75E0);
#1978=CARTESIAN_POINT('',(-2.08E1,-2.25E-1,-9.05E0));
#1979=LINE('',#1978,#1977);
#1980=DIRECTION('',(-1.E0,0.E0,0.E0));
#1981=VECTOR('',#1980,3.8E0);
#1982=CARTESIAN_POINT('',(-1.7E1,-2.25E-1,-9.05E0));
#1983=LINE('',#1982,#1981);
#1984=DIRECTION('',(0.E0,1.E0,0.E0));
#1985=VECTOR('',#1984,3.75E0);
#1986=CARTESIAN_POINT('',(-1.7E1,-3.975E0,-9.05E0));
#1987=LINE('',#1986,#1985);
#1988=DIRECTION('',(1.E0,0.E0,0.E0));
#1989=VECTOR('',#1988,1.E0);
#1990=CARTESIAN_POINT('',(-1.94E1,-2.6E0,-9.05E0));
#1991=LINE('',#1990,#1989);
#1992=DIRECTION('',(0.E0,1.E0,0.E0));
#1993=VECTOR('',#1992,1.E0);
#1994=CARTESIAN_POINT('',(-1.84E1,-2.6E0,-9.05E0));
#1995=LINE('',#1994,#1993);
#1996=DIRECTION('',(-1.E0,0.E0,0.E0));
#1997=VECTOR('',#1996,1.E0);
#1998=CARTESIAN_POINT('',(-1.84E1,-1.6E0,-9.05E0));
#1999=LINE('',#1998,#1997);
#2000=DIRECTION('',(0.E0,-1.E0,0.E0));
#2001=VECTOR('',#2000,1.E0);
#2002=CARTESIAN_POINT('',(-1.94E1,-1.6E0,-9.05E0));
#2003=LINE('',#2002,#2001);
#2004=DIRECTION('',(-7.071067811865E-1,7.071067811865E-1,0.E0));
#2005=VECTOR('',#2004,1.414213562373E0);
#2006=CARTESIAN_POINT('',(-1.7E1,2.975E0,-9.05E0));
#2007=LINE('',#2006,#2005);
#2008=DIRECTION('',(0.E0,1.E0,0.E0));
#2009=VECTOR('',#2008,2.75E0);
#2010=CARTESIAN_POINT('',(-1.7E1,2.25E-1,-9.05E0));
#2011=LINE('',#2010,#2009);
#2012=DIRECTION('',(1.E0,0.E0,0.E0));
#2013=VECTOR('',#2012,3.8E0);
#2014=CARTESIAN_POINT('',(-2.08E1,2.25E-1,-9.05E0));
#2015=LINE('',#2014,#2013);
#2016=DIRECTION('',(0.E0,-1.E0,0.E0));
#2017=VECTOR('',#2016,2.75E0);
#2018=CARTESIAN_POINT('',(-2.08E1,2.975E0,-9.05E0));
#2019=LINE('',#2018,#2017);
#2020=DIRECTION('',(-7.071067811865E-1,-7.071067811865E-1,0.E0));
#2021=VECTOR('',#2020,1.414213562373E0);
#2022=CARTESIAN_POINT('',(-1.98E1,3.975E0,-9.05E0));
#2023=LINE('',#2022,#2021);
#2024=DIRECTION('',(-1.E0,0.E0,0.E0));
#2025=VECTOR('',#2024,1.8E0);
#2026=CARTESIAN_POINT('',(-1.8E1,3.975E0,-9.05E0));
#2027=LINE('',#2026,#2025);
#2028=DIRECTION('',(0.E0,0.E0,1.E0));
#2029=VECTOR('',#2028,5.7E0);
#2030=CARTESIAN_POINT('',(-1.94E1,2.6E0,-9.05E0));
#2031=LINE('',#2030,#2029);
#2032=DIRECTION('',(0.E0,0.E0,1.E0));
#2033=VECTOR('',#2032,5.7E0);
#2034=CARTESIAN_POINT('',(-1.84E1,2.6E0,-9.05E0));
#2035=LINE('',#2034,#2033);
#2036=DIRECTION('',(0.E0,0.E0,1.E0));
#2037=VECTOR('',#2036,5.7E0);
#2038=CARTESIAN_POINT('',(-1.84E1,1.6E0,-9.05E0));
#2039=LINE('',#2038,#2037);
#2040=DIRECTION('',(0.E0,0.E0,1.E0));
#2041=VECTOR('',#2040,5.7E0);
#2042=CARTESIAN_POINT('',(-1.94E1,1.6E0,-9.05E0));
#2043=LINE('',#2042,#2041);
#2044=DIRECTION('',(0.E0,-1.E0,0.E0));
#2045=VECTOR('',#2044,1.E0);
#2046=CARTESIAN_POINT('',(-1.94E1,2.6E0,-3.35E0));
#2047=LINE('',#2046,#2045);
#2048=DIRECTION('',(-1.E0,0.E0,0.E0));
#2049=VECTOR('',#2048,1.E0);
#2050=CARTESIAN_POINT('',(-1.84E1,2.6E0,-3.35E0));
#2051=LINE('',#2050,#2049);
#2052=DIRECTION('',(0.E0,1.E0,0.E0));
#2053=VECTOR('',#2052,1.E0);
#2054=CARTESIAN_POINT('',(-1.84E1,1.6E0,-3.35E0));
#2055=LINE('',#2054,#2053);
#2056=DIRECTION('',(1.E0,0.E0,0.E0));
#2057=VECTOR('',#2056,1.E0);
#2058=CARTESIAN_POINT('',(-1.94E1,1.6E0,-3.35E0));
#2059=LINE('',#2058,#2057);
#2060=DIRECTION('',(1.E0,0.E0,0.E0));
#2061=VECTOR('',#2060,1.E0);
#2062=CARTESIAN_POINT('',(-1.94E1,-2.6E0,-3.35E0));
#2063=LINE('',#2062,#2061);
#2064=DIRECTION('',(0.E0,-1.E0,0.E0));
#2065=VECTOR('',#2064,1.E0);
#2066=CARTESIAN_POINT('',(-1.94E1,-1.6E0,-3.35E0));
#2067=LINE('',#2066,#2065);
#2068=DIRECTION('',(-1.E0,0.E0,0.E0));
#2069=VECTOR('',#2068,1.E0);
#2070=CARTESIAN_POINT('',(-1.84E1,-1.6E0,-3.35E0));
#2071=LINE('',#2070,#2069);
#2072=DIRECTION('',(0.E0,1.E0,0.E0));
#2073=VECTOR('',#2072,1.E0);
#2074=CARTESIAN_POINT('',(-1.84E1,-2.6E0,-3.35E0));
#2075=LINE('',#2074,#2073);
#2076=DIRECTION('',(0.E0,0.E0,1.E0));
#2077=VECTOR('',#2076,5.7E0);
#2078=CARTESIAN_POINT('',(-1.94E1,-2.6E0,-9.05E0));
#2079=LINE('',#2078,#2077);
#2080=DIRECTION('',(0.E0,0.E0,1.E0));
#2081=VECTOR('',#2080,5.7E0);
#2082=CARTESIAN_POINT('',(-1.94E1,-1.6E0,-9.05E0));
#2083=LINE('',#2082,#2081);
#2084=DIRECTION('',(0.E0,0.E0,1.E0));
#2085=VECTOR('',#2084,5.7E0);
#2086=CARTESIAN_POINT('',(-1.84E1,-1.6E0,-9.05E0));
#2087=LINE('',#2086,#2085);
#2088=DIRECTION('',(0.E0,0.E0,1.E0));
#2089=VECTOR('',#2088,5.7E0);
#2090=CARTESIAN_POINT('',(-1.84E1,-2.6E0,-9.05E0));
#2091=LINE('',#2090,#2089);
#2092=DIRECTION('',(7.071067811865E-1,-7.071067811865E-1,0.E0));
#2093=VECTOR('',#2092,1.414213562373E0);
#2094=CARTESIAN_POINT('',(-1.8E1,3.975E0,0.E0));
#2095=LINE('',#2094,#2093);
#2096=DIRECTION('',(0.E0,0.E0,-1.E0));
#2097=VECTOR('',#2096,9.05E0);
#2098=CARTESIAN_POINT('',(-1.8E1,3.975E0,0.E0));
#2099=LINE('',#2098,#2097);
#2100=DIRECTION('',(0.E0,0.E0,-1.E0));
#2101=VECTOR('',#2100,9.05E0);
#2102=CARTESIAN_POINT('',(-1.98E1,3.975E0,0.E0));
#2103=LINE('',#2102,#2101);
#2104=DIRECTION('',(7.071067811865E-1,7.071067811865E-1,0.E0));
#2105=VECTOR('',#2104,1.414213562373E0);
#2106=CARTESIAN_POINT('',(-2.08E1,2.975E0,0.E0));
#2107=LINE('',#2106,#2105);
#2108=DIRECTION('',(0.E0,0.E0,-1.E0));
#2109=VECTOR('',#2108,9.05E0);
#2110=CARTESIAN_POINT('',(-2.08E1,2.975E0,0.E0));
#2111=LINE('',#2110,#2109);
#2112=DIRECTION('',(0.E0,0.E0,-1.E0));
#2113=VECTOR('',#2112,9.05E0);
#2114=CARTESIAN_POINT('',(-2.08E1,2.25E-1,0.E0));
#2115=LINE('',#2114,#2113);
#2116=DIRECTION('',(0.E0,0.E0,-1.E0));
#2117=VECTOR('',#2116,9.05E0);
#2118=CARTESIAN_POINT('',(-1.7E1,2.975E0,0.E0));
#2119=LINE('',#2118,#2117);
#2120=DIRECTION('',(0.E0,0.E0,-1.E0));
#2121=VECTOR('',#2120,9.05E0);
#2122=CARTESIAN_POINT('',(-1.7E1,2.25E-1,0.E0));
#2123=LINE('',#2122,#2121);
#2124=DIRECTION('',(0.E0,0.E0,-1.E0));
#2125=VECTOR('',#2124,9.05E0);
#2126=CARTESIAN_POINT('',(-1.66E1,-3.975E0,0.E0));
#2127=LINE('',#2126,#2125);
#2128=DIRECTION('',(0.E0,0.E0,-1.E0));
#2129=VECTOR('',#2128,9.05E0);
#2130=CARTESIAN_POINT('',(-1.66E1,-2.25E-1,0.E0));
#2131=LINE('',#2130,#2129);
#2132=DIRECTION('',(0.E0,0.E0,-1.E0));
#2133=VECTOR('',#2132,9.05E0);
#2134=CARTESIAN_POINT('',(-1.28E1,-2.25E-1,0.E0));
#2135=LINE('',#2134,#2133);
#2136=DIRECTION('',(0.E0,0.E0,-1.E0));
#2137=VECTOR('',#2136,9.05E0);
#2138=CARTESIAN_POINT('',(-1.28E1,-3.975E0,0.E0));
#2139=LINE('',#2138,#2137);
#2140=DIRECTION('',(0.E0,-1.E0,0.E0));
#2141=VECTOR('',#2140,1.E0);
#2142=CARTESIAN_POINT('',(-1.52E1,2.6E0,-9.05E0));
#2143=LINE('',#2142,#2141);
#2144=DIRECTION('',(1.E0,0.E0,0.E0));
#2145=VECTOR('',#2144,1.E0);
#2146=CARTESIAN_POINT('',(-1.52E1,1.6E0,-9.05E0));
#2147=LINE('',#2146,#2145);
#2148=DIRECTION('',(0.E0,1.E0,0.E0));
#2149=VECTOR('',#2148,1.E0);
#2150=CARTESIAN_POINT('',(-1.42E1,1.6E0,-9.05E0));
#2151=LINE('',#2150,#2149);
#2152=DIRECTION('',(-1.E0,0.E0,0.E0));
#2153=VECTOR('',#2152,1.E0);
#2154=CARTESIAN_POINT('',(-1.42E1,2.6E0,-9.05E0));
#2155=LINE('',#2154,#2153);
#2156=DIRECTION('',(1.E0,0.E0,0.E0));
#2157=VECTOR('',#2156,3.8E0);
#2158=CARTESIAN_POINT('',(-1.66E1,-3.975E0,-9.05E0));
#2159=LINE('',#2158,#2157);
#2160=DIRECTION('',(0.E0,-1.E0,0.E0));
#2161=VECTOR('',#2160,3.75E0);
#2162=CARTESIAN_POINT('',(-1.66E1,-2.25E-1,-9.05E0));
#2163=LINE('',#2162,#2161);
#2164=DIRECTION('',(-1.E0,0.E0,0.E0));
#2165=VECTOR('',#2164,3.8E0);
#2166=CARTESIAN_POINT('',(-1.28E1,-2.25E-1,-9.05E0));
#2167=LINE('',#2166,#2165);
#2168=DIRECTION('',(0.E0,1.E0,0.E0));
#2169=VECTOR('',#2168,3.75E0);
#2170=CARTESIAN_POINT('',(-1.28E1,-3.975E0,-9.05E0));
#2171=LINE('',#2170,#2169);
#2172=DIRECTION('',(1.E0,0.E0,0.E0));
#2173=VECTOR('',#2172,1.E0);
#2174=CARTESIAN_POINT('',(-1.52E1,-2.6E0,-9.05E0));
#2175=LINE('',#2174,#2173);
#2176=DIRECTION('',(0.E0,1.E0,0.E0));
#2177=VECTOR('',#2176,1.E0);
#2178=CARTESIAN_POINT('',(-1.42E1,-2.6E0,-9.05E0));
#2179=LINE('',#2178,#2177);
#2180=DIRECTION('',(-1.E0,0.E0,0.E0));
#2181=VECTOR('',#2180,1.E0);
#2182=CARTESIAN_POINT('',(-1.42E1,-1.6E0,-9.05E0));
#2183=LINE('',#2182,#2181);
#2184=DIRECTION('',(0.E0,-1.E0,0.E0));
#2185=VECTOR('',#2184,1.E0);
#2186=CARTESIAN_POINT('',(-1.52E1,-1.6E0,-9.05E0));
#2187=LINE('',#2186,#2185);
#2188=DIRECTION('',(-7.071067811865E-1,7.071067811865E-1,0.E0));
#2189=VECTOR('',#2188,1.414213562373E0);
#2190=CARTESIAN_POINT('',(-1.28E1,2.975E0,-9.05E0));
#2191=LINE('',#2190,#2189);
#2192=DIRECTION('',(0.E0,1.E0,0.E0));
#2193=VECTOR('',#2192,2.75E0);
#2194=CARTESIAN_POINT('',(-1.28E1,2.25E-1,-9.05E0));
#2195=LINE('',#2194,#2193);
#2196=DIRECTION('',(1.E0,0.E0,0.E0));
#2197=VECTOR('',#2196,3.8E0);
#2198=CARTESIAN_POINT('',(-1.66E1,2.25E-1,-9.05E0));
#2199=LINE('',#2198,#2197);
#2200=DIRECTION('',(0.E0,-1.E0,0.E0));
#2201=VECTOR('',#2200,2.75E0);
#2202=CARTESIAN_POINT('',(-1.66E1,2.975E0,-9.05E0));
#2203=LINE('',#2202,#2201);
#2204=DIRECTION('',(-7.071067811865E-1,-7.071067811865E-1,0.E0));
#2205=VECTOR('',#2204,1.414213562373E0);
#2206=CARTESIAN_POINT('',(-1.56E1,3.975E0,-9.05E0));
#2207=LINE('',#2206,#2205);
#2208=DIRECTION('',(-1.E0,0.E0,0.E0));
#2209=VECTOR('',#2208,1.8E0);
#2210=CARTESIAN_POINT('',(-1.38E1,3.975E0,-9.05E0));
#2211=LINE('',#2210,#2209);
#2212=DIRECTION('',(0.E0,0.E0,1.E0));
#2213=VECTOR('',#2212,5.7E0);
#2214=CARTESIAN_POINT('',(-1.52E1,2.6E0,-9.05E0));
#2215=LINE('',#2214,#2213);
#2216=DIRECTION('',(0.E0,0.E0,1.E0));
#2217=VECTOR('',#2216,5.7E0);
#2218=CARTESIAN_POINT('',(-1.42E1,2.6E0,-9.05E0));
#2219=LINE('',#2218,#2217);
#2220=DIRECTION('',(0.E0,0.E0,1.E0));
#2221=VECTOR('',#2220,5.7E0);
#2222=CARTESIAN_POINT('',(-1.42E1,1.6E0,-9.05E0));
#2223=LINE('',#2222,#2221);
#2224=DIRECTION('',(0.E0,0.E0,1.E0));
#2225=VECTOR('',#2224,5.7E0);
#2226=CARTESIAN_POINT('',(-1.52E1,1.6E0,-9.05E0));
#2227=LINE('',#2226,#2225);
#2228=DIRECTION('',(0.E0,-1.E0,0.E0));
#2229=VECTOR('',#2228,1.E0);
#2230=CARTESIAN_POINT('',(-1.52E1,2.6E0,-3.35E0));
#2231=LINE('',#2230,#2229);
#2232=DIRECTION('',(-1.E0,0.E0,0.E0));
#2233=VECTOR('',#2232,1.E0);
#2234=CARTESIAN_POINT('',(-1.42E1,2.6E0,-3.35E0));
#2235=LINE('',#2234,#2233);
#2236=DIRECTION('',(0.E0,1.E0,0.E0));
#2237=VECTOR('',#2236,1.E0);
#2238=CARTESIAN_POINT('',(-1.42E1,1.6E0,-3.35E0));
#2239=LINE('',#2238,#2237);
#2240=DIRECTION('',(1.E0,0.E0,0.E0));
#2241=VECTOR('',#2240,1.E0);
#2242=CARTESIAN_POINT('',(-1.52E1,1.6E0,-3.35E0));
#2243=LINE('',#2242,#2241);
#2244=DIRECTION('',(1.E0,0.E0,0.E0));
#2245=VECTOR('',#2244,1.E0);
#2246=CARTESIAN_POINT('',(-1.52E1,-2.6E0,-3.35E0));
#2247=LINE('',#2246,#2245);
#2248=DIRECTION('',(0.E0,-1.E0,0.E0));
#2249=VECTOR('',#2248,1.E0);
#2250=CARTESIAN_POINT('',(-1.52E1,-1.6E0,-3.35E0));
#2251=LINE('',#2250,#2249);
#2252=DIRECTION('',(-1.E0,0.E0,0.E0));
#2253=VECTOR('',#2252,1.E0);
#2254=CARTESIAN_POINT('',(-1.42E1,-1.6E0,-3.35E0));
#2255=LINE('',#2254,#2253);
#2256=DIRECTION('',(0.E0,1.E0,0.E0));
#2257=VECTOR('',#2256,1.E0);
#2258=CARTESIAN_POINT('',(-1.42E1,-2.6E0,-3.35E0));
#2259=LINE('',#2258,#2257);
#2260=DIRECTION('',(0.E0,0.E0,1.E0));
#2261=VECTOR('',#2260,5.7E0);
#2262=CARTESIAN_POINT('',(-1.52E1,-2.6E0,-9.05E0));
#2263=LINE('',#2262,#2261);
#2264=DIRECTION('',(0.E0,0.E0,1.E0));
#2265=VECTOR('',#2264,5.7E0);
#2266=CARTESIAN_POINT('',(-1.52E1,-1.6E0,-9.05E0));
#2267=LINE('',#2266,#2265);
#2268=DIRECTION('',(0.E0,0.E0,1.E0));
#2269=VECTOR('',#2268,5.7E0);
#2270=CARTESIAN_POINT('',(-1.42E1,-1.6E0,-9.05E0));
#2271=LINE('',#2270,#2269);
#2272=DIRECTION('',(0.E0,0.E0,1.E0));
#2273=VECTOR('',#2272,5.7E0);
#2274=CARTESIAN_POINT('',(-1.42E1,-2.6E0,-9.05E0));
#2275=LINE('',#2274,#2273);
#2276=DIRECTION('',(7.071067811865E-1,-7.071067811865E-1,0.E0));
#2277=VECTOR('',#2276,1.414213562373E0);
#2278=CARTESIAN_POINT('',(-1.38E1,3.975E0,0.E0));
#2279=LINE('',#2278,#2277);
#2280=DIRECTION('',(0.E0,0.E0,-1.E0));
#2281=VECTOR('',#2280,9.05E0);
#2282=CARTESIAN_POINT('',(-1.38E1,3.975E0,0.E0));
#2283=LINE('',#2282,#2281);
#2284=DIRECTION('',(0.E0,0.E0,-1.E0));
#2285=VECTOR('',#2284,9.05E0);
#2286=CARTESIAN_POINT('',(-1.56E1,3.975E0,0.E0));
#2287=LINE('',#2286,#2285);
#2288=DIRECTION('',(7.071067811865E-1,7.071067811865E-1,0.E0));
#2289=VECTOR('',#2288,1.414213562373E0);
#2290=CARTESIAN_POINT('',(-1.66E1,2.975E0,0.E0));
#2291=LINE('',#2290,#2289);
#2292=DIRECTION('',(0.E0,0.E0,-1.E0));
#2293=VECTOR('',#2292,9.05E0);
#2294=CARTESIAN_POINT('',(-1.66E1,2.975E0,0.E0));
#2295=LINE('',#2294,#2293);
#2296=DIRECTION('',(0.E0,0.E0,-1.E0));
#2297=VECTOR('',#2296,9.05E0);
#2298=CARTESIAN_POINT('',(-1.66E1,2.25E-1,0.E0));
#2299=LINE('',#2298,#2297);
#2300=DIRECTION('',(0.E0,0.E0,-1.E0));
#2301=VECTOR('',#2300,9.05E0);
#2302=CARTESIAN_POINT('',(-1.28E1,2.975E0,0.E0));
#2303=LINE('',#2302,#2301);
#2304=DIRECTION('',(0.E0,0.E0,-1.E0));
#2305=VECTOR('',#2304,9.05E0);
#2306=CARTESIAN_POINT('',(-1.28E1,2.25E-1,0.E0));
#2307=LINE('',#2306,#2305);
#2308=DIRECTION('',(0.E0,0.E0,-1.E0));
#2309=VECTOR('',#2308,9.05E0);
#2310=CARTESIAN_POINT('',(-1.24E1,3.975E0,0.E0));
#2311=LINE('',#2310,#2309);
#2312=DIRECTION('',(0.E0,0.E0,-1.E0));
#2313=VECTOR('',#2312,9.05E0);
#2314=CARTESIAN_POINT('',(-8.6E0,3.975E0,0.E0));
#2315=LINE('',#2314,#2313);
#2316=DIRECTION('',(0.E0,0.E0,-1.E0));
#2317=VECTOR('',#2316,9.05E0);
#2318=CARTESIAN_POINT('',(-8.6E0,2.25E-1,0.E0));
#2319=LINE('',#2318,#2317);
#2320=DIRECTION('',(0.E0,0.E0,-1.E0));
#2321=VECTOR('',#2320,9.05E0);
#2322=CARTESIAN_POINT('',(-1.24E1,2.25E-1,0.E0));
#2323=LINE('',#2322,#2321);
#2324=DIRECTION('',(0.E0,-1.E0,0.E0));
#2325=VECTOR('',#2324,3.75E0);
#2326=CARTESIAN_POINT('',(-1.24E1,3.975E0,-9.05E0));
#2327=LINE('',#2326,#2325);
#2328=DIRECTION('',(-1.E0,0.E0,0.E0));
#2329=VECTOR('',#2328,3.8E0);
#2330=CARTESIAN_POINT('',(-8.6E0,3.975E0,-9.05E0));
#2331=LINE('',#2330,#2329);
#2332=DIRECTION('',(0.E0,1.E0,0.E0));
#2333=VECTOR('',#2332,3.75E0);
#2334=CARTESIAN_POINT('',(-8.6E0,2.25E-1,-9.05E0));
#2335=LINE('',#2334,#2333);
#2336=DIRECTION('',(1.E0,0.E0,0.E0));
#2337=VECTOR('',#2336,3.8E0);
#2338=CARTESIAN_POINT('',(-1.24E1,2.25E-1,-9.05E0));
#2339=LINE('',#2338,#2337);
#2340=DIRECTION('',(0.E0,-1.E0,0.E0));
#2341=VECTOR('',#2340,1.E0);
#2342=CARTESIAN_POINT('',(-1.1E1,2.6E0,-9.05E0));
#2343=LINE('',#2342,#2341);
#2344=DIRECTION('',(1.E0,0.E0,0.E0));
#2345=VECTOR('',#2344,1.E0);
#2346=CARTESIAN_POINT('',(-1.1E1,1.6E0,-9.05E0));
#2347=LINE('',#2346,#2345);
#2348=DIRECTION('',(0.E0,1.E0,0.E0));
#2349=VECTOR('',#2348,1.E0);
#2350=CARTESIAN_POINT('',(-1.E1,1.6E0,-9.05E0));
#2351=LINE('',#2350,#2349);
#2352=DIRECTION('',(-1.E0,0.E0,0.E0));
#2353=VECTOR('',#2352,1.E0);
#2354=CARTESIAN_POINT('',(-1.E1,2.6E0,-9.05E0));
#2355=LINE('',#2354,#2353);
#2356=DIRECTION('',(1.E0,0.E0,0.E0));
#2357=VECTOR('',#2356,1.E0);
#2358=CARTESIAN_POINT('',(-1.1E1,-2.6E0,-9.05E0));
#2359=LINE('',#2358,#2357);
#2360=DIRECTION('',(0.E0,1.E0,0.E0));
#2361=VECTOR('',#2360,1.E0);
#2362=CARTESIAN_POINT('',(-1.E1,-2.6E0,-9.05E0));
#2363=LINE('',#2362,#2361);
#2364=DIRECTION('',(-1.E0,0.E0,0.E0));
#2365=VECTOR('',#2364,1.E0);
#2366=CARTESIAN_POINT('',(-1.E1,-1.6E0,-9.05E0));
#2367=LINE('',#2366,#2365);
#2368=DIRECTION('',(0.E0,-1.E0,0.E0));
#2369=VECTOR('',#2368,1.E0);
#2370=CARTESIAN_POINT('',(-1.1E1,-1.6E0,-9.05E0));
#2371=LINE('',#2370,#2369);
#2372=DIRECTION('',(-7.071067811865E-1,7.071067811865E-1,0.E0));
#2373=VECTOR('',#2372,1.414213562373E0);
#2374=CARTESIAN_POINT('',(-8.6E0,-1.225E0,-9.05E0));
#2375=LINE('',#2374,#2373);
#2376=DIRECTION('',(0.E0,1.E0,0.E0));
#2377=VECTOR('',#2376,2.75E0);
#2378=CARTESIAN_POINT('',(-8.6E0,-3.975E0,-9.05E0));
#2379=LINE('',#2378,#2377);
#2380=DIRECTION('',(1.E0,0.E0,0.E0));
#2381=VECTOR('',#2380,3.8E0);
#2382=CARTESIAN_POINT('',(-1.24E1,-3.975E0,-9.05E0));
#2383=LINE('',#2382,#2381);
#2384=DIRECTION('',(0.E0,-1.E0,0.E0));
#2385=VECTOR('',#2384,2.75E0);
#2386=CARTESIAN_POINT('',(-1.24E1,-1.225E0,-9.05E0));
#2387=LINE('',#2386,#2385);
#2388=DIRECTION('',(-7.071067811865E-1,-7.071067811865E-1,0.E0));
#2389=VECTOR('',#2388,1.414213562373E0);
#2390=CARTESIAN_POINT('',(-1.14E1,-2.25E-1,-9.05E0));
#2391=LINE('',#2390,#2389);
#2392=DIRECTION('',(-1.E0,0.E0,0.E0));
#2393=VECTOR('',#2392,1.8E0);
#2394=CARTESIAN_POINT('',(-9.6E0,-2.25E-1,-9.05E0));
#2395=LINE('',#2394,#2393);
#2396=DIRECTION('',(0.E0,0.E0,1.E0));
#2397=VECTOR('',#2396,5.7E0);
#2398=CARTESIAN_POINT('',(-1.1E1,2.6E0,-9.05E0));
#2399=LINE('',#2398,#2397);
#2400=DIRECTION('',(0.E0,0.E0,1.E0));
#2401=VECTOR('',#2400,5.7E0);
#2402=CARTESIAN_POINT('',(-1.E1,2.6E0,-9.05E0));
#2403=LINE('',#2402,#2401);
#2404=DIRECTION('',(0.E0,0.E0,1.E0));
#2405=VECTOR('',#2404,5.7E0);
#2406=CARTESIAN_POINT('',(-1.E1,1.6E0,-9.05E0));
#2407=LINE('',#2406,#2405);
#2408=DIRECTION('',(0.E0,0.E0,1.E0));
#2409=VECTOR('',#2408,5.7E0);
#2410=CARTESIAN_POINT('',(-1.1E1,1.6E0,-9.05E0));
#2411=LINE('',#2410,#2409);
#2412=DIRECTION('',(0.E0,-1.E0,0.E0));
#2413=VECTOR('',#2412,1.E0);
#2414=CARTESIAN_POINT('',(-1.1E1,2.6E0,-3.35E0));
#2415=LINE('',#2414,#2413);
#2416=DIRECTION('',(-1.E0,0.E0,0.E0));
#2417=VECTOR('',#2416,1.E0);
#2418=CARTESIAN_POINT('',(-1.E1,2.6E0,-3.35E0));
#2419=LINE('',#2418,#2417);
#2420=DIRECTION('',(0.E0,1.E0,0.E0));
#2421=VECTOR('',#2420,1.E0);
#2422=CARTESIAN_POINT('',(-1.E1,1.6E0,-3.35E0));
#2423=LINE('',#2422,#2421);
#2424=DIRECTION('',(1.E0,0.E0,0.E0));
#2425=VECTOR('',#2424,1.E0);
#2426=CARTESIAN_POINT('',(-1.1E1,1.6E0,-3.35E0));
#2427=LINE('',#2426,#2425);
#2428=DIRECTION('',(1.E0,0.E0,0.E0));
#2429=VECTOR('',#2428,1.E0);
#2430=CARTESIAN_POINT('',(-1.1E1,-2.6E0,-3.35E0));
#2431=LINE('',#2430,#2429);
#2432=DIRECTION('',(0.E0,-1.E0,0.E0));
#2433=VECTOR('',#2432,1.E0);
#2434=CARTESIAN_POINT('',(-1.1E1,-1.6E0,-3.35E0));
#2435=LINE('',#2434,#2433);
#2436=DIRECTION('',(-1.E0,0.E0,0.E0));
#2437=VECTOR('',#2436,1.E0);
#2438=CARTESIAN_POINT('',(-1.E1,-1.6E0,-3.35E0));
#2439=LINE('',#2438,#2437);
#2440=DIRECTION('',(0.E0,1.E0,0.E0));
#2441=VECTOR('',#2440,1.E0);
#2442=CARTESIAN_POINT('',(-1.E1,-2.6E0,-3.35E0));
#2443=LINE('',#2442,#2441);
#2444=DIRECTION('',(0.E0,0.E0,1.E0));
#2445=VECTOR('',#2444,5.7E0);
#2446=CARTESIAN_POINT('',(-1.1E1,-2.6E0,-9.05E0));
#2447=LINE('',#2446,#2445);
#2448=DIRECTION('',(0.E0,0.E0,1.E0));
#2449=VECTOR('',#2448,5.7E0);
#2450=CARTESIAN_POINT('',(-1.1E1,-1.6E0,-9.05E0));
#2451=LINE('',#2450,#2449);
#2452=DIRECTION('',(0.E0,0.E0,1.E0));
#2453=VECTOR('',#2452,5.7E0);
#2454=CARTESIAN_POINT('',(-1.E1,-1.6E0,-9.05E0));
#2455=LINE('',#2454,#2453);
#2456=DIRECTION('',(0.E0,0.E0,1.E0));
#2457=VECTOR('',#2456,5.7E0);
#2458=CARTESIAN_POINT('',(-1.E1,-2.6E0,-9.05E0));
#2459=LINE('',#2458,#2457);
#2460=DIRECTION('',(7.071067811865E-1,-7.071067811865E-1,0.E0));
#2461=VECTOR('',#2460,1.414213562373E0);
#2462=CARTESIAN_POINT('',(-9.6E0,-2.25E-1,0.E0));
#2463=LINE('',#2462,#2461);
#2464=DIRECTION('',(0.E0,0.E0,-1.E0));
#2465=VECTOR('',#2464,9.05E0);
#2466=CARTESIAN_POINT('',(-9.6E0,-2.25E-1,0.E0));
#2467=LINE('',#2466,#2465);
#2468=DIRECTION('',(0.E0,0.E0,-1.E0));
#2469=VECTOR('',#2468,9.05E0);
#2470=CARTESIAN_POINT('',(-1.14E1,-2.25E-1,0.E0));
#2471=LINE('',#2470,#2469);
#2472=DIRECTION('',(7.071067811865E-1,7.071067811865E-1,0.E0));
#2473=VECTOR('',#2472,1.414213562373E0);
#2474=CARTESIAN_POINT('',(-1.24E1,-1.225E0,0.E0));
#2475=LINE('',#2474,#2473);
#2476=DIRECTION('',(0.E0,0.E0,-1.E0));
#2477=VECTOR('',#2476,9.05E0);
#2478=CARTESIAN_POINT('',(-1.24E1,-1.225E0,0.E0));
#2479=LINE('',#2478,#2477);
#2480=DIRECTION('',(0.E0,0.E0,-1.E0));
#2481=VECTOR('',#2480,9.05E0);
#2482=CARTESIAN_POINT('',(-1.24E1,-3.975E0,0.E0));
#2483=LINE('',#2482,#2481);
#2484=DIRECTION('',(0.E0,0.E0,-1.E0));
#2485=VECTOR('',#2484,9.05E0);
#2486=CARTESIAN_POINT('',(-8.6E0,-1.225E0,0.E0));
#2487=LINE('',#2486,#2485);
#2488=DIRECTION('',(0.E0,0.E0,-1.E0));
#2489=VECTOR('',#2488,9.05E0);
#2490=CARTESIAN_POINT('',(-8.6E0,-3.975E0,0.E0));
#2491=LINE('',#2490,#2489);
#2492=DIRECTION('',(0.E0,0.E0,-1.E0));
#2493=VECTOR('',#2492,9.05E0);
#2494=CARTESIAN_POINT('',(-8.2E0,3.975E0,0.E0));
#2495=LINE('',#2494,#2493);
#2496=DIRECTION('',(0.E0,0.E0,-1.E0));
#2497=VECTOR('',#2496,9.05E0);
#2498=CARTESIAN_POINT('',(-4.4E0,3.975E0,0.E0));
#2499=LINE('',#2498,#2497);
#2500=DIRECTION('',(0.E0,0.E0,-1.E0));
#2501=VECTOR('',#2500,9.05E0);
#2502=CARTESIAN_POINT('',(-4.4E0,2.25E-1,0.E0));
#2503=LINE('',#2502,#2501);
#2504=DIRECTION('',(0.E0,0.E0,-1.E0));
#2505=VECTOR('',#2504,9.05E0);
#2506=CARTESIAN_POINT('',(-8.2E0,2.25E-1,0.E0));
#2507=LINE('',#2506,#2505);
#2508=DIRECTION('',(0.E0,-1.E0,0.E0));
#2509=VECTOR('',#2508,3.75E0);
#2510=CARTESIAN_POINT('',(-8.2E0,3.975E0,-9.05E0));
#2511=LINE('',#2510,#2509);
#2512=DIRECTION('',(-1.E0,0.E0,0.E0));
#2513=VECTOR('',#2512,3.8E0);
#2514=CARTESIAN_POINT('',(-4.4E0,3.975E0,-9.05E0));
#2515=LINE('',#2514,#2513);
#2516=DIRECTION('',(0.E0,1.E0,0.E0));
#2517=VECTOR('',#2516,3.75E0);
#2518=CARTESIAN_POINT('',(-4.4E0,2.25E-1,-9.05E0));
#2519=LINE('',#2518,#2517);
#2520=DIRECTION('',(1.E0,0.E0,0.E0));
#2521=VECTOR('',#2520,3.8E0);
#2522=CARTESIAN_POINT('',(-8.2E0,2.25E-1,-9.05E0));
#2523=LINE('',#2522,#2521);
#2524=DIRECTION('',(0.E0,-1.E0,0.E0));
#2525=VECTOR('',#2524,1.E0);
#2526=CARTESIAN_POINT('',(-6.8E0,2.6E0,-9.05E0));
#2527=LINE('',#2526,#2525);
#2528=DIRECTION('',(1.E0,0.E0,0.E0));
#2529=VECTOR('',#2528,1.E0);
#2530=CARTESIAN_POINT('',(-6.8E0,1.6E0,-9.05E0));
#2531=LINE('',#2530,#2529);
#2532=DIRECTION('',(0.E0,1.E0,0.E0));
#2533=VECTOR('',#2532,1.E0);
#2534=CARTESIAN_POINT('',(-5.8E0,1.6E0,-9.05E0));
#2535=LINE('',#2534,#2533);
#2536=DIRECTION('',(-1.E0,0.E0,0.E0));
#2537=VECTOR('',#2536,1.E0);
#2538=CARTESIAN_POINT('',(-5.8E0,2.6E0,-9.05E0));
#2539=LINE('',#2538,#2537);
#2540=DIRECTION('',(1.E0,0.E0,0.E0));
#2541=VECTOR('',#2540,1.E0);
#2542=CARTESIAN_POINT('',(-6.8E0,-2.6E0,-9.05E0));
#2543=LINE('',#2542,#2541);
#2544=DIRECTION('',(0.E0,1.E0,0.E0));
#2545=VECTOR('',#2544,1.E0);
#2546=CARTESIAN_POINT('',(-5.8E0,-2.6E0,-9.05E0));
#2547=LINE('',#2546,#2545);
#2548=DIRECTION('',(-1.E0,0.E0,0.E0));
#2549=VECTOR('',#2548,1.E0);
#2550=CARTESIAN_POINT('',(-5.8E0,-1.6E0,-9.05E0));
#2551=LINE('',#2550,#2549);
#2552=DIRECTION('',(0.E0,-1.E0,0.E0));
#2553=VECTOR('',#2552,1.E0);
#2554=CARTESIAN_POINT('',(-6.8E0,-1.6E0,-9.05E0));
#2555=LINE('',#2554,#2553);
#2556=DIRECTION('',(-7.071067811865E-1,7.071067811865E-1,0.E0));
#2557=VECTOR('',#2556,1.414213562373E0);
#2558=CARTESIAN_POINT('',(-4.4E0,-1.225E0,-9.05E0));
#2559=LINE('',#2558,#2557);
#2560=DIRECTION('',(0.E0,1.E0,0.E0));
#2561=VECTOR('',#2560,2.75E0);
#2562=CARTESIAN_POINT('',(-4.4E0,-3.975E0,-9.05E0));
#2563=LINE('',#2562,#2561);
#2564=DIRECTION('',(1.E0,0.E0,0.E0));
#2565=VECTOR('',#2564,3.8E0);
#2566=CARTESIAN_POINT('',(-8.2E0,-3.975E0,-9.05E0));
#2567=LINE('',#2566,#2565);
#2568=DIRECTION('',(0.E0,-1.E0,0.E0));
#2569=VECTOR('',#2568,2.75E0);
#2570=CARTESIAN_POINT('',(-8.2E0,-1.225E0,-9.05E0));
#2571=LINE('',#2570,#2569);
#2572=DIRECTION('',(-7.071067811865E-1,-7.071067811865E-1,0.E0));
#2573=VECTOR('',#2572,1.414213562373E0);
#2574=CARTESIAN_POINT('',(-7.2E0,-2.25E-1,-9.05E0));
#2575=LINE('',#2574,#2573);
#2576=DIRECTION('',(-1.E0,0.E0,0.E0));
#2577=VECTOR('',#2576,1.8E0);
#2578=CARTESIAN_POINT('',(-5.4E0,-2.25E-1,-9.05E0));
#2579=LINE('',#2578,#2577);
#2580=DIRECTION('',(0.E0,0.E0,1.E0));
#2581=VECTOR('',#2580,5.7E0);
#2582=CARTESIAN_POINT('',(-6.8E0,2.6E0,-9.05E0));
#2583=LINE('',#2582,#2581);
#2584=DIRECTION('',(0.E0,0.E0,1.E0));
#2585=VECTOR('',#2584,5.7E0);
#2586=CARTESIAN_POINT('',(-5.8E0,2.6E0,-9.05E0));
#2587=LINE('',#2586,#2585);
#2588=DIRECTION('',(0.E0,0.E0,1.E0));
#2589=VECTOR('',#2588,5.7E0);
#2590=CARTESIAN_POINT('',(-5.8E0,1.6E0,-9.05E0));
#2591=LINE('',#2590,#2589);
#2592=DIRECTION('',(0.E0,0.E0,1.E0));
#2593=VECTOR('',#2592,5.7E0);
#2594=CARTESIAN_POINT('',(-6.8E0,1.6E0,-9.05E0));
#2595=LINE('',#2594,#2593);
#2596=DIRECTION('',(0.E0,-1.E0,0.E0));
#2597=VECTOR('',#2596,1.E0);
#2598=CARTESIAN_POINT('',(-6.8E0,2.6E0,-3.35E0));
#2599=LINE('',#2598,#2597);
#2600=DIRECTION('',(-1.E0,0.E0,0.E0));
#2601=VECTOR('',#2600,1.E0);
#2602=CARTESIAN_POINT('',(-5.8E0,2.6E0,-3.35E0));
#2603=LINE('',#2602,#2601);
#2604=DIRECTION('',(0.E0,1.E0,0.E0));
#2605=VECTOR('',#2604,1.E0);
#2606=CARTESIAN_POINT('',(-5.8E0,1.6E0,-3.35E0));
#2607=LINE('',#2606,#2605);
#2608=DIRECTION('',(1.E0,0.E0,0.E0));
#2609=VECTOR('',#2608,1.E0);
#2610=CARTESIAN_POINT('',(-6.8E0,1.6E0,-3.35E0));
#2611=LINE('',#2610,#2609);
#2612=DIRECTION('',(1.E0,0.E0,0.E0));
#2613=VECTOR('',#2612,1.E0);
#2614=CARTESIAN_POINT('',(-6.8E0,-2.6E0,-3.35E0));
#2615=LINE('',#2614,#2613);
#2616=DIRECTION('',(0.E0,-1.E0,0.E0));
#2617=VECTOR('',#2616,1.E0);
#2618=CARTESIAN_POINT('',(-6.8E0,-1.6E0,-3.35E0));
#2619=LINE('',#2618,#2617);
#2620=DIRECTION('',(-1.E0,0.E0,0.E0));
#2621=VECTOR('',#2620,1.E0);
#2622=CARTESIAN_POINT('',(-5.8E0,-1.6E0,-3.35E0));
#2623=LINE('',#2622,#2621);
#2624=DIRECTION('',(0.E0,1.E0,0.E0));
#2625=VECTOR('',#2624,1.E0);
#2626=CARTESIAN_POINT('',(-5.8E0,-2.6E0,-3.35E0));
#2627=LINE('',#2626,#2625);
#2628=DIRECTION('',(0.E0,0.E0,1.E0));
#2629=VECTOR('',#2628,5.7E0);
#2630=CARTESIAN_POINT('',(-6.8E0,-2.6E0,-9.05E0));
#2631=LINE('',#2630,#2629);
#2632=DIRECTION('',(0.E0,0.E0,1.E0));
#2633=VECTOR('',#2632,5.7E0);
#2634=CARTESIAN_POINT('',(-6.8E0,-1.6E0,-9.05E0));
#2635=LINE('',#2634,#2633);
#2636=DIRECTION('',(0.E0,0.E0,1.E0));
#2637=VECTOR('',#2636,5.7E0);
#2638=CARTESIAN_POINT('',(-5.8E0,-1.6E0,-9.05E0));
#2639=LINE('',#2638,#2637);
#2640=DIRECTION('',(0.E0,0.E0,1.E0));
#2641=VECTOR('',#2640,5.7E0);
#2642=CARTESIAN_POINT('',(-5.8E0,-2.6E0,-9.05E0));
#2643=LINE('',#2642,#2641);
#2644=DIRECTION('',(7.071067811865E-1,-7.071067811865E-1,0.E0));
#2645=VECTOR('',#2644,1.414213562373E0);
#2646=CARTESIAN_POINT('',(-5.4E0,-2.25E-1,0.E0));
#2647=LINE('',#2646,#2645);
#2648=DIRECTION('',(0.E0,0.E0,-1.E0));
#2649=VECTOR('',#2648,9.05E0);
#2650=CARTESIAN_POINT('',(-5.4E0,-2.25E-1,0.E0));
#2651=LINE('',#2650,#2649);
#2652=DIRECTION('',(0.E0,0.E0,-1.E0));
#2653=VECTOR('',#2652,9.05E0);
#2654=CARTESIAN_POINT('',(-7.2E0,-2.25E-1,0.E0));
#2655=LINE('',#2654,#2653);
#2656=DIRECTION('',(7.071067811865E-1,7.071067811865E-1,0.E0));
#2657=VECTOR('',#2656,1.414213562373E0);
#2658=CARTESIAN_POINT('',(-8.2E0,-1.225E0,0.E0));
#2659=LINE('',#2658,#2657);
#2660=DIRECTION('',(0.E0,0.E0,-1.E0));
#2661=VECTOR('',#2660,9.05E0);
#2662=CARTESIAN_POINT('',(-8.2E0,-1.225E0,0.E0));
#2663=LINE('',#2662,#2661);
#2664=DIRECTION('',(0.E0,0.E0,-1.E0));
#2665=VECTOR('',#2664,9.05E0);
#2666=CARTESIAN_POINT('',(-8.2E0,-3.975E0,0.E0));
#2667=LINE('',#2666,#2665);
#2668=DIRECTION('',(0.E0,0.E0,-1.E0));
#2669=VECTOR('',#2668,9.05E0);
#2670=CARTESIAN_POINT('',(-4.4E0,-1.225E0,0.E0));
#2671=LINE('',#2670,#2669);
#2672=DIRECTION('',(0.E0,0.E0,-1.E0));
#2673=VECTOR('',#2672,9.05E0);
#2674=CARTESIAN_POINT('',(-4.4E0,-3.975E0,0.E0));
#2675=LINE('',#2674,#2673);
#2676=DIRECTION('',(0.E0,0.E0,-1.E0));
#2677=VECTOR('',#2676,9.05E0);
#2678=CARTESIAN_POINT('',(-4.E0,-3.975E0,0.E0));
#2679=LINE('',#2678,#2677);
#2680=DIRECTION('',(0.E0,0.E0,-1.E0));
#2681=VECTOR('',#2680,9.05E0);
#2682=CARTESIAN_POINT('',(-4.E0,-2.25E-1,0.E0));
#2683=LINE('',#2682,#2681);
#2684=DIRECTION('',(0.E0,0.E0,-1.E0));
#2685=VECTOR('',#2684,9.05E0);
#2686=CARTESIAN_POINT('',(-2.E-1,-2.25E-1,0.E0));
#2687=LINE('',#2686,#2685);
#2688=DIRECTION('',(0.E0,0.E0,-1.E0));
#2689=VECTOR('',#2688,9.05E0);
#2690=CARTESIAN_POINT('',(-2.E-1,-3.975E0,0.E0));
#2691=LINE('',#2690,#2689);
#2692=DIRECTION('',(0.E0,-1.E0,0.E0));
#2693=VECTOR('',#2692,1.E0);
#2694=CARTESIAN_POINT('',(-2.6E0,2.6E0,-9.05E0));
#2695=LINE('',#2694,#2693);
#2696=DIRECTION('',(1.E0,0.E0,0.E0));
#2697=VECTOR('',#2696,1.E0);
#2698=CARTESIAN_POINT('',(-2.6E0,1.6E0,-9.05E0));
#2699=LINE('',#2698,#2697);
#2700=DIRECTION('',(0.E0,1.E0,0.E0));
#2701=VECTOR('',#2700,1.E0);
#2702=CARTESIAN_POINT('',(-1.6E0,1.6E0,-9.05E0));
#2703=LINE('',#2702,#2701);
#2704=DIRECTION('',(-1.E0,0.E0,0.E0));
#2705=VECTOR('',#2704,1.E0);
#2706=CARTESIAN_POINT('',(-1.6E0,2.6E0,-9.05E0));
#2707=LINE('',#2706,#2705);
#2708=DIRECTION('',(1.E0,0.E0,0.E0));
#2709=VECTOR('',#2708,3.8E0);
#2710=CARTESIAN_POINT('',(-4.E0,-3.975E0,-9.05E0));
#2711=LINE('',#2710,#2709);
#2712=DIRECTION('',(0.E0,-1.E0,0.E0));
#2713=VECTOR('',#2712,3.75E0);
#2714=CARTESIAN_POINT('',(-4.E0,-2.25E-1,-9.05E0));
#2715=LINE('',#2714,#2713);
#2716=DIRECTION('',(-1.E0,0.E0,0.E0));
#2717=VECTOR('',#2716,3.8E0);
#2718=CARTESIAN_POINT('',(-2.E-1,-2.25E-1,-9.05E0));
#2719=LINE('',#2718,#2717);
#2720=DIRECTION('',(0.E0,1.E0,0.E0));
#2721=VECTOR('',#2720,3.75E0);
#2722=CARTESIAN_POINT('',(-2.E-1,-3.975E0,-9.05E0));
#2723=LINE('',#2722,#2721);
#2724=DIRECTION('',(1.E0,0.E0,0.E0));
#2725=VECTOR('',#2724,1.E0);
#2726=CARTESIAN_POINT('',(-2.6E0,-2.6E0,-9.05E0));
#2727=LINE('',#2726,#2725);
#2728=DIRECTION('',(0.E0,1.E0,0.E0));
#2729=VECTOR('',#2728,1.E0);
#2730=CARTESIAN_POINT('',(-1.6E0,-2.6E0,-9.05E0));
#2731=LINE('',#2730,#2729);
#2732=DIRECTION('',(-1.E0,0.E0,0.E0));
#2733=VECTOR('',#2732,1.E0);
#2734=CARTESIAN_POINT('',(-1.6E0,-1.6E0,-9.05E0));
#2735=LINE('',#2734,#2733);
#2736=DIRECTION('',(0.E0,-1.E0,0.E0));
#2737=VECTOR('',#2736,1.E0);
#2738=CARTESIAN_POINT('',(-2.6E0,-1.6E0,-9.05E0));
#2739=LINE('',#2738,#2737);
#2740=DIRECTION('',(-7.071067811865E-1,7.071067811865E-1,0.E0));
#2741=VECTOR('',#2740,1.414213562373E0);
#2742=CARTESIAN_POINT('',(-2.E-1,2.975E0,-9.05E0));
#2743=LINE('',#2742,#2741);
#2744=DIRECTION('',(0.E0,1.E0,0.E0));
#2745=VECTOR('',#2744,2.75E0);
#2746=CARTESIAN_POINT('',(-2.E-1,2.25E-1,-9.05E0));
#2747=LINE('',#2746,#2745);
#2748=DIRECTION('',(1.E0,0.E0,0.E0));
#2749=VECTOR('',#2748,3.8E0);
#2750=CARTESIAN_POINT('',(-4.E0,2.25E-1,-9.05E0));
#2751=LINE('',#2750,#2749);
#2752=DIRECTION('',(0.E0,-1.E0,0.E0));
#2753=VECTOR('',#2752,2.75E0);
#2754=CARTESIAN_POINT('',(-4.E0,2.975E0,-9.05E0));
#2755=LINE('',#2754,#2753);
#2756=DIRECTION('',(-7.071067811865E-1,-7.071067811865E-1,0.E0));
#2757=VECTOR('',#2756,1.414213562373E0);
#2758=CARTESIAN_POINT('',(-3.E0,3.975E0,-9.05E0));
#2759=LINE('',#2758,#2757);
#2760=DIRECTION('',(-1.E0,0.E0,0.E0));
#2761=VECTOR('',#2760,1.8E0);
#2762=CARTESIAN_POINT('',(-1.2E0,3.975E0,-9.05E0));
#2763=LINE('',#2762,#2761);
#2764=DIRECTION('',(0.E0,0.E0,1.E0));
#2765=VECTOR('',#2764,5.7E0);
#2766=CARTESIAN_POINT('',(-2.6E0,2.6E0,-9.05E0));
#2767=LINE('',#2766,#2765);
#2768=DIRECTION('',(0.E0,0.E0,1.E0));
#2769=VECTOR('',#2768,5.7E0);
#2770=CARTESIAN_POINT('',(-1.6E0,2.6E0,-9.05E0));
#2771=LINE('',#2770,#2769);
#2772=DIRECTION('',(0.E0,0.E0,1.E0));
#2773=VECTOR('',#2772,5.7E0);
#2774=CARTESIAN_POINT('',(-1.6E0,1.6E0,-9.05E0));
#2775=LINE('',#2774,#2773);
#2776=DIRECTION('',(0.E0,0.E0,1.E0));
#2777=VECTOR('',#2776,5.7E0);
#2778=CARTESIAN_POINT('',(-2.6E0,1.6E0,-9.05E0));
#2779=LINE('',#2778,#2777);
#2780=DIRECTION('',(0.E0,-1.E0,0.E0));
#2781=VECTOR('',#2780,1.E0);
#2782=CARTESIAN_POINT('',(-2.6E0,2.6E0,-3.35E0));
#2783=LINE('',#2782,#2781);
#2784=DIRECTION('',(-1.E0,0.E0,0.E0));
#2785=VECTOR('',#2784,1.E0);
#2786=CARTESIAN_POINT('',(-1.6E0,2.6E0,-3.35E0));
#2787=LINE('',#2786,#2785);
#2788=DIRECTION('',(0.E0,1.E0,0.E0));
#2789=VECTOR('',#2788,1.E0);
#2790=CARTESIAN_POINT('',(-1.6E0,1.6E0,-3.35E0));
#2791=LINE('',#2790,#2789);
#2792=DIRECTION('',(1.E0,0.E0,0.E0));
#2793=VECTOR('',#2792,1.E0);
#2794=CARTESIAN_POINT('',(-2.6E0,1.6E0,-3.35E0));
#2795=LINE('',#2794,#2793);
#2796=DIRECTION('',(1.E0,0.E0,0.E0));
#2797=VECTOR('',#2796,1.E0);
#2798=CARTESIAN_POINT('',(-2.6E0,-2.6E0,-3.35E0));
#2799=LINE('',#2798,#2797);
#2800=DIRECTION('',(0.E0,-1.E0,0.E0));
#2801=VECTOR('',#2800,1.E0);
#2802=CARTESIAN_POINT('',(-2.6E0,-1.6E0,-3.35E0));
#2803=LINE('',#2802,#2801);
#2804=DIRECTION('',(-1.E0,0.E0,0.E0));
#2805=VECTOR('',#2804,1.E0);
#2806=CARTESIAN_POINT('',(-1.6E0,-1.6E0,-3.35E0));
#2807=LINE('',#2806,#2805);
#2808=DIRECTION('',(0.E0,1.E0,0.E0));
#2809=VECTOR('',#2808,1.E0);
#2810=CARTESIAN_POINT('',(-1.6E0,-2.6E0,-3.35E0));
#2811=LINE('',#2810,#2809);
#2812=DIRECTION('',(0.E0,0.E0,1.E0));
#2813=VECTOR('',#2812,5.7E0);
#2814=CARTESIAN_POINT('',(-2.6E0,-2.6E0,-9.05E0));
#2815=LINE('',#2814,#2813);
#2816=DIRECTION('',(0.E0,0.E0,1.E0));
#2817=VECTOR('',#2816,5.7E0);
#2818=CARTESIAN_POINT('',(-2.6E0,-1.6E0,-9.05E0));
#2819=LINE('',#2818,#2817);
#2820=DIRECTION('',(0.E0,0.E0,1.E0));
#2821=VECTOR('',#2820,5.7E0);
#2822=CARTESIAN_POINT('',(-1.6E0,-1.6E0,-9.05E0));
#2823=LINE('',#2822,#2821);
#2824=DIRECTION('',(0.E0,0.E0,1.E0));
#2825=VECTOR('',#2824,5.7E0);
#2826=CARTESIAN_POINT('',(-1.6E0,-2.6E0,-9.05E0));
#2827=LINE('',#2826,#2825);
#2828=DIRECTION('',(7.071067811865E-1,-7.071067811865E-1,0.E0));
#2829=VECTOR('',#2828,1.414213562373E0);
#2830=CARTESIAN_POINT('',(-1.2E0,3.975E0,0.E0));
#2831=LINE('',#2830,#2829);
#2832=DIRECTION('',(0.E0,0.E0,-1.E0));
#2833=VECTOR('',#2832,9.05E0);
#2834=CARTESIAN_POINT('',(-1.2E0,3.975E0,0.E0));
#2835=LINE('',#2834,#2833);
#2836=DIRECTION('',(0.E0,0.E0,-1.E0));
#2837=VECTOR('',#2836,9.05E0);
#2838=CARTESIAN_POINT('',(-3.E0,3.975E0,0.E0));
#2839=LINE('',#2838,#2837);
#2840=DIRECTION('',(7.071067811865E-1,7.071067811865E-1,0.E0));
#2841=VECTOR('',#2840,1.414213562373E0);
#2842=CARTESIAN_POINT('',(-4.E0,2.975E0,0.E0));
#2843=LINE('',#2842,#2841);
#2844=DIRECTION('',(0.E0,0.E0,-1.E0));
#2845=VECTOR('',#2844,9.05E0);
#2846=CARTESIAN_POINT('',(-4.E0,2.975E0,0.E0));
#2847=LINE('',#2846,#2845);
#2848=DIRECTION('',(0.E0,0.E0,-1.E0));
#2849=VECTOR('',#2848,9.05E0);
#2850=CARTESIAN_POINT('',(-4.E0,2.25E-1,0.E0));
#2851=LINE('',#2850,#2849);
#2852=DIRECTION('',(0.E0,0.E0,-1.E0));
#2853=VECTOR('',#2852,9.05E0);
#2854=CARTESIAN_POINT('',(-2.E-1,2.975E0,0.E0));
#2855=LINE('',#2854,#2853);
#2856=DIRECTION('',(0.E0,0.E0,-1.E0));
#2857=VECTOR('',#2856,9.05E0);
#2858=CARTESIAN_POINT('',(-2.E-1,2.25E-1,0.E0));
#2859=LINE('',#2858,#2857);
#2860=DIRECTION('',(0.E0,0.E0,-1.E0));
#2861=VECTOR('',#2860,9.05E0);
#2862=CARTESIAN_POINT('',(2.E-1,-3.975E0,0.E0));
#2863=LINE('',#2862,#2861);
#2864=DIRECTION('',(0.E0,0.E0,-1.E0));
#2865=VECTOR('',#2864,9.05E0);
#2866=CARTESIAN_POINT('',(2.E-1,-2.25E-1,0.E0));
#2867=LINE('',#2866,#2865);
#2868=DIRECTION('',(0.E0,0.E0,-1.E0));
#2869=VECTOR('',#2868,9.05E0);
#2870=CARTESIAN_POINT('',(4.E0,-2.25E-1,0.E0));
#2871=LINE('',#2870,#2869);
#2872=DIRECTION('',(0.E0,0.E0,-1.E0));
#2873=VECTOR('',#2872,9.05E0);
#2874=CARTESIAN_POINT('',(4.E0,-3.975E0,0.E0));
#2875=LINE('',#2874,#2873);
#2876=DIRECTION('',(0.E0,-1.E0,0.E0));
#2877=VECTOR('',#2876,1.E0);
#2878=CARTESIAN_POINT('',(1.6E0,2.6E0,-9.05E0));
#2879=LINE('',#2878,#2877);
#2880=DIRECTION('',(1.E0,0.E0,0.E0));
#2881=VECTOR('',#2880,1.E0);
#2882=CARTESIAN_POINT('',(1.6E0,1.6E0,-9.05E0));
#2883=LINE('',#2882,#2881);
#2884=DIRECTION('',(0.E0,1.E0,0.E0));
#2885=VECTOR('',#2884,1.E0);
#2886=CARTESIAN_POINT('',(2.6E0,1.6E0,-9.05E0));
#2887=LINE('',#2886,#2885);
#2888=DIRECTION('',(-1.E0,0.E0,0.E0));
#2889=VECTOR('',#2888,1.E0);
#2890=CARTESIAN_POINT('',(2.6E0,2.6E0,-9.05E0));
#2891=LINE('',#2890,#2889);
#2892=DIRECTION('',(1.E0,0.E0,0.E0));
#2893=VECTOR('',#2892,3.8E0);
#2894=CARTESIAN_POINT('',(2.E-1,-3.975E0,-9.05E0));
#2895=LINE('',#2894,#2893);
#2896=DIRECTION('',(0.E0,-1.E0,0.E0));
#2897=VECTOR('',#2896,3.75E0);
#2898=CARTESIAN_POINT('',(2.E-1,-2.25E-1,-9.05E0));
#2899=LINE('',#2898,#2897);
#2900=DIRECTION('',(-1.E0,0.E0,0.E0));
#2901=VECTOR('',#2900,3.8E0);
#2902=CARTESIAN_POINT('',(4.E0,-2.25E-1,-9.05E0));
#2903=LINE('',#2902,#2901);
#2904=DIRECTION('',(0.E0,1.E0,0.E0));
#2905=VECTOR('',#2904,3.75E0);
#2906=CARTESIAN_POINT('',(4.E0,-3.975E0,-9.05E0));
#2907=LINE('',#2906,#2905);
#2908=DIRECTION('',(1.E0,0.E0,0.E0));
#2909=VECTOR('',#2908,1.E0);
#2910=CARTESIAN_POINT('',(1.6E0,-2.6E0,-9.05E0));
#2911=LINE('',#2910,#2909);
#2912=DIRECTION('',(0.E0,1.E0,0.E0));
#2913=VECTOR('',#2912,1.E0);
#2914=CARTESIAN_POINT('',(2.6E0,-2.6E0,-9.05E0));
#2915=LINE('',#2914,#2913);
#2916=DIRECTION('',(-1.E0,0.E0,0.E0));
#2917=VECTOR('',#2916,1.E0);
#2918=CARTESIAN_POINT('',(2.6E0,-1.6E0,-9.05E0));
#2919=LINE('',#2918,#2917);
#2920=DIRECTION('',(0.E0,-1.E0,0.E0));
#2921=VECTOR('',#2920,1.E0);
#2922=CARTESIAN_POINT('',(1.6E0,-1.6E0,-9.05E0));
#2923=LINE('',#2922,#2921);
#2924=DIRECTION('',(-7.071067811865E-1,7.071067811865E-1,0.E0));
#2925=VECTOR('',#2924,1.414213562373E0);
#2926=CARTESIAN_POINT('',(4.E0,2.975E0,-9.05E0));
#2927=LINE('',#2926,#2925);
#2928=DIRECTION('',(0.E0,1.E0,0.E0));
#2929=VECTOR('',#2928,2.75E0);
#2930=CARTESIAN_POINT('',(4.E0,2.25E-1,-9.05E0));
#2931=LINE('',#2930,#2929);
#2932=DIRECTION('',(1.E0,0.E0,0.E0));
#2933=VECTOR('',#2932,3.8E0);
#2934=CARTESIAN_POINT('',(2.E-1,2.25E-1,-9.05E0));
#2935=LINE('',#2934,#2933);
#2936=DIRECTION('',(0.E0,-1.E0,0.E0));
#2937=VECTOR('',#2936,2.75E0);
#2938=CARTESIAN_POINT('',(2.E-1,2.975E0,-9.05E0));
#2939=LINE('',#2938,#2937);
#2940=DIRECTION('',(-7.071067811865E-1,-7.071067811865E-1,0.E0));
#2941=VECTOR('',#2940,1.414213562373E0);
#2942=CARTESIAN_POINT('',(1.2E0,3.975E0,-9.05E0));
#2943=LINE('',#2942,#2941);
#2944=DIRECTION('',(-1.E0,0.E0,0.E0));
#2945=VECTOR('',#2944,1.8E0);
#2946=CARTESIAN_POINT('',(3.E0,3.975E0,-9.05E0));
#2947=LINE('',#2946,#2945);
#2948=DIRECTION('',(0.E0,0.E0,1.E0));
#2949=VECTOR('',#2948,5.7E0);
#2950=CARTESIAN_POINT('',(1.6E0,2.6E0,-9.05E0));
#2951=LINE('',#2950,#2949);
#2952=DIRECTION('',(0.E0,0.E0,1.E0));
#2953=VECTOR('',#2952,5.7E0);
#2954=CARTESIAN_POINT('',(2.6E0,2.6E0,-9.05E0));
#2955=LINE('',#2954,#2953);
#2956=DIRECTION('',(0.E0,0.E0,1.E0));
#2957=VECTOR('',#2956,5.7E0);
#2958=CARTESIAN_POINT('',(2.6E0,1.6E0,-9.05E0));
#2959=LINE('',#2958,#2957);
#2960=DIRECTION('',(0.E0,0.E0,1.E0));
#2961=VECTOR('',#2960,5.7E0);
#2962=CARTESIAN_POINT('',(1.6E0,1.6E0,-9.05E0));
#2963=LINE('',#2962,#2961);
#2964=DIRECTION('',(0.E0,-1.E0,0.E0));
#2965=VECTOR('',#2964,1.E0);
#2966=CARTESIAN_POINT('',(1.6E0,2.6E0,-3.35E0));
#2967=LINE('',#2966,#2965);
#2968=DIRECTION('',(-1.E0,0.E0,0.E0));
#2969=VECTOR('',#2968,1.E0);
#2970=CARTESIAN_POINT('',(2.6E0,2.6E0,-3.35E0));
#2971=LINE('',#2970,#2969);
#2972=DIRECTION('',(0.E0,1.E0,0.E0));
#2973=VECTOR('',#2972,1.E0);
#2974=CARTESIAN_POINT('',(2.6E0,1.6E0,-3.35E0));
#2975=LINE('',#2974,#2973);
#2976=DIRECTION('',(1.E0,0.E0,0.E0));
#2977=VECTOR('',#2976,1.E0);
#2978=CARTESIAN_POINT('',(1.6E0,1.6E0,-3.35E0));
#2979=LINE('',#2978,#2977);
#2980=DIRECTION('',(1.E0,0.E0,0.E0));
#2981=VECTOR('',#2980,1.E0);
#2982=CARTESIAN_POINT('',(1.6E0,-2.6E0,-3.35E0));
#2983=LINE('',#2982,#2981);
#2984=DIRECTION('',(0.E0,-1.E0,0.E0));
#2985=VECTOR('',#2984,1.E0);
#2986=CARTESIAN_POINT('',(1.6E0,-1.6E0,-3.35E0));
#2987=LINE('',#2986,#2985);
#2988=DIRECTION('',(-1.E0,0.E0,0.E0));
#2989=VECTOR('',#2988,1.E0);
#2990=CARTESIAN_POINT('',(2.6E0,-1.6E0,-3.35E0));
#2991=LINE('',#2990,#2989);
#2992=DIRECTION('',(0.E0,1.E0,0.E0));
#2993=VECTOR('',#2992,1.E0);
#2994=CARTESIAN_POINT('',(2.6E0,-2.6E0,-3.35E0));
#2995=LINE('',#2994,#2993);
#2996=DIRECTION('',(0.E0,0.E0,1.E0));
#2997=VECTOR('',#2996,5.7E0);
#2998=CARTESIAN_POINT('',(1.6E0,-2.6E0,-9.05E0));
#2999=LINE('',#2998,#2997);
#3000=DIRECTION('',(0.E0,0.E0,1.E0));
#3001=VECTOR('',#3000,5.7E0);
#3002=CARTESIAN_POINT('',(1.6E0,-1.6E0,-9.05E0));
#3003=LINE('',#3002,#3001);
#3004=DIRECTION('',(0.E0,0.E0,1.E0));
#3005=VECTOR('',#3004,5.7E0);
#3006=CARTESIAN_POINT('',(2.6E0,-1.6E0,-9.05E0));
#3007=LINE('',#3006,#3005);
#3008=DIRECTION('',(0.E0,0.E0,1.E0));
#3009=VECTOR('',#3008,5.7E0);
#3010=CARTESIAN_POINT('',(2.6E0,-2.6E0,-9.05E0));
#3011=LINE('',#3010,#3009);
#3012=DIRECTION('',(7.071067811865E-1,-7.071067811865E-1,0.E0));
#3013=VECTOR('',#3012,1.414213562373E0);
#3014=CARTESIAN_POINT('',(3.E0,3.975E0,0.E0));
#3015=LINE('',#3014,#3013);
#3016=DIRECTION('',(0.E0,0.E0,-1.E0));
#3017=VECTOR('',#3016,9.05E0);
#3018=CARTESIAN_POINT('',(3.E0,3.975E0,0.E0));
#3019=LINE('',#3018,#3017);
#3020=DIRECTION('',(0.E0,0.E0,-1.E0));
#3021=VECTOR('',#3020,9.05E0);
#3022=CARTESIAN_POINT('',(1.2E0,3.975E0,0.E0));
#3023=LINE('',#3022,#3021);
#3024=DIRECTION('',(7.071067811865E-1,7.071067811865E-1,0.E0));
#3025=VECTOR('',#3024,1.414213562373E0);
#3026=CARTESIAN_POINT('',(2.E-1,2.975E0,0.E0));
#3027=LINE('',#3026,#3025);
#3028=DIRECTION('',(0.E0,0.E0,-1.E0));
#3029=VECTOR('',#3028,9.05E0);
#3030=CARTESIAN_POINT('',(2.E-1,2.975E0,0.E0));
#3031=LINE('',#3030,#3029);
#3032=DIRECTION('',(0.E0,0.E0,-1.E0));
#3033=VECTOR('',#3032,9.05E0);
#3034=CARTESIAN_POINT('',(2.E-1,2.25E-1,0.E0));
#3035=LINE('',#3034,#3033);
#3036=DIRECTION('',(0.E0,0.E0,-1.E0));
#3037=VECTOR('',#3036,9.05E0);
#3038=CARTESIAN_POINT('',(4.E0,2.975E0,0.E0));
#3039=LINE('',#3038,#3037);
#3040=DIRECTION('',(0.E0,0.E0,-1.E0));
#3041=VECTOR('',#3040,9.05E0);
#3042=CARTESIAN_POINT('',(4.E0,2.25E-1,0.E0));
#3043=LINE('',#3042,#3041);
#3044=DIRECTION('',(0.E0,0.E0,-1.E0));
#3045=VECTOR('',#3044,9.05E0);
#3046=CARTESIAN_POINT('',(4.4E0,3.975E0,0.E0));
#3047=LINE('',#3046,#3045);
#3048=DIRECTION('',(0.E0,0.E0,-1.E0));
#3049=VECTOR('',#3048,9.05E0);
#3050=CARTESIAN_POINT('',(8.2E0,3.975E0,0.E0));
#3051=LINE('',#3050,#3049);
#3052=DIRECTION('',(0.E0,0.E0,-1.E0));
#3053=VECTOR('',#3052,9.05E0);
#3054=CARTESIAN_POINT('',(8.2E0,2.25E-1,0.E0));
#3055=LINE('',#3054,#3053);
#3056=DIRECTION('',(0.E0,0.E0,-1.E0));
#3057=VECTOR('',#3056,9.05E0);
#3058=CARTESIAN_POINT('',(4.4E0,2.25E-1,0.E0));
#3059=LINE('',#3058,#3057);
#3060=DIRECTION('',(0.E0,-1.E0,0.E0));
#3061=VECTOR('',#3060,3.75E0);
#3062=CARTESIAN_POINT('',(4.4E0,3.975E0,-9.05E0));
#3063=LINE('',#3062,#3061);
#3064=DIRECTION('',(-1.E0,0.E0,0.E0));
#3065=VECTOR('',#3064,3.8E0);
#3066=CARTESIAN_POINT('',(8.2E0,3.975E0,-9.05E0));
#3067=LINE('',#3066,#3065);
#3068=DIRECTION('',(0.E0,1.E0,0.E0));
#3069=VECTOR('',#3068,3.75E0);
#3070=CARTESIAN_POINT('',(8.2E0,2.25E-1,-9.05E0));
#3071=LINE('',#3070,#3069);
#3072=DIRECTION('',(1.E0,0.E0,0.E0));
#3073=VECTOR('',#3072,3.8E0);
#3074=CARTESIAN_POINT('',(4.4E0,2.25E-1,-9.05E0));
#3075=LINE('',#3074,#3073);
#3076=DIRECTION('',(0.E0,-1.E0,0.E0));
#3077=VECTOR('',#3076,1.E0);
#3078=CARTESIAN_POINT('',(5.8E0,2.6E0,-9.05E0));
#3079=LINE('',#3078,#3077);
#3080=DIRECTION('',(1.E0,0.E0,0.E0));
#3081=VECTOR('',#3080,1.E0);
#3082=CARTESIAN_POINT('',(5.8E0,1.6E0,-9.05E0));
#3083=LINE('',#3082,#3081);
#3084=DIRECTION('',(0.E0,1.E0,0.E0));
#3085=VECTOR('',#3084,1.E0);
#3086=CARTESIAN_POINT('',(6.8E0,1.6E0,-9.05E0));
#3087=LINE('',#3086,#3085);
#3088=DIRECTION('',(-1.E0,0.E0,0.E0));
#3089=VECTOR('',#3088,1.E0);
#3090=CARTESIAN_POINT('',(6.8E0,2.6E0,-9.05E0));
#3091=LINE('',#3090,#3089);
#3092=DIRECTION('',(1.E0,0.E0,0.E0));
#3093=VECTOR('',#3092,1.E0);
#3094=CARTESIAN_POINT('',(5.8E0,-2.6E0,-9.05E0));
#3095=LINE('',#3094,#3093);
#3096=DIRECTION('',(0.E0,1.E0,0.E0));
#3097=VECTOR('',#3096,1.E0);
#3098=CARTESIAN_POINT('',(6.8E0,-2.6E0,-9.05E0));
#3099=LINE('',#3098,#3097);
#3100=DIRECTION('',(-1.E0,0.E0,0.E0));
#3101=VECTOR('',#3100,1.E0);
#3102=CARTESIAN_POINT('',(6.8E0,-1.6E0,-9.05E0));
#3103=LINE('',#3102,#3101);
#3104=DIRECTION('',(0.E0,-1.E0,0.E0));
#3105=VECTOR('',#3104,1.E0);
#3106=CARTESIAN_POINT('',(5.8E0,-1.6E0,-9.05E0));
#3107=LINE('',#3106,#3105);
#3108=DIRECTION('',(-7.071067811865E-1,7.071067811865E-1,0.E0));
#3109=VECTOR('',#3108,1.414213562373E0);
#3110=CARTESIAN_POINT('',(8.2E0,-1.225E0,-9.05E0));
#3111=LINE('',#3110,#3109);
#3112=DIRECTION('',(0.E0,1.E0,0.E0));
#3113=VECTOR('',#3112,2.75E0);
#3114=CARTESIAN_POINT('',(8.2E0,-3.975E0,-9.05E0));
#3115=LINE('',#3114,#3113);
#3116=DIRECTION('',(1.E0,0.E0,0.E0));
#3117=VECTOR('',#3116,3.8E0);
#3118=CARTESIAN_POINT('',(4.4E0,-3.975E0,-9.05E0));
#3119=LINE('',#3118,#3117);
#3120=DIRECTION('',(0.E0,-1.E0,0.E0));
#3121=VECTOR('',#3120,2.75E0);
#3122=CARTESIAN_POINT('',(4.4E0,-1.225E0,-9.05E0));
#3123=LINE('',#3122,#3121);
#3124=DIRECTION('',(-7.071067811865E-1,-7.071067811865E-1,0.E0));
#3125=VECTOR('',#3124,1.414213562373E0);
#3126=CARTESIAN_POINT('',(5.4E0,-2.25E-1,-9.05E0));
#3127=LINE('',#3126,#3125);
#3128=DIRECTION('',(-1.E0,0.E0,0.E0));
#3129=VECTOR('',#3128,1.8E0);
#3130=CARTESIAN_POINT('',(7.2E0,-2.25E-1,-9.05E0));
#3131=LINE('',#3130,#3129);
#3132=DIRECTION('',(0.E0,0.E0,1.E0));
#3133=VECTOR('',#3132,5.7E0);
#3134=CARTESIAN_POINT('',(5.8E0,2.6E0,-9.05E0));
#3135=LINE('',#3134,#3133);
#3136=DIRECTION('',(0.E0,0.E0,1.E0));
#3137=VECTOR('',#3136,5.7E0);
#3138=CARTESIAN_POINT('',(6.8E0,2.6E0,-9.05E0));
#3139=LINE('',#3138,#3137);
#3140=DIRECTION('',(0.E0,0.E0,1.E0));
#3141=VECTOR('',#3140,5.7E0);
#3142=CARTESIAN_POINT('',(6.8E0,1.6E0,-9.05E0));
#3143=LINE('',#3142,#3141);
#3144=DIRECTION('',(0.E0,0.E0,1.E0));
#3145=VECTOR('',#3144,5.7E0);
#3146=CARTESIAN_POINT('',(5.8E0,1.6E0,-9.05E0));
#3147=LINE('',#3146,#3145);
#3148=DIRECTION('',(0.E0,-1.E0,0.E0));
#3149=VECTOR('',#3148,1.E0);
#3150=CARTESIAN_POINT('',(5.8E0,2.6E0,-3.35E0));
#3151=LINE('',#3150,#3149);
#3152=DIRECTION('',(-1.E0,0.E0,0.E0));
#3153=VECTOR('',#3152,1.E0);
#3154=CARTESIAN_POINT('',(6.8E0,2.6E0,-3.35E0));
#3155=LINE('',#3154,#3153);
#3156=DIRECTION('',(0.E0,1.E0,0.E0));
#3157=VECTOR('',#3156,1.E0);
#3158=CARTESIAN_POINT('',(6.8E0,1.6E0,-3.35E0));
#3159=LINE('',#3158,#3157);
#3160=DIRECTION('',(1.E0,0.E0,0.E0));
#3161=VECTOR('',#3160,1.E0);
#3162=CARTESIAN_POINT('',(5.8E0,1.6E0,-3.35E0));
#3163=LINE('',#3162,#3161);
#3164=DIRECTION('',(1.E0,0.E0,0.E0));
#3165=VECTOR('',#3164,1.E0);
#3166=CARTESIAN_POINT('',(5.8E0,-2.6E0,-3.35E0));
#3167=LINE('',#3166,#3165);
#3168=DIRECTION('',(0.E0,-1.E0,0.E0));
#3169=VECTOR('',#3168,1.E0);
#3170=CARTESIAN_POINT('',(5.8E0,-1.6E0,-3.35E0));
#3171=LINE('',#3170,#3169);
#3172=DIRECTION('',(-1.E0,0.E0,0.E0));
#3173=VECTOR('',#3172,1.E0);
#3174=CARTESIAN_POINT('',(6.8E0,-1.6E0,-3.35E0));
#3175=LINE('',#3174,#3173);
#3176=DIRECTION('',(0.E0,1.E0,0.E0));
#3177=VECTOR('',#3176,1.E0);
#3178=CARTESIAN_POINT('',(6.8E0,-2.6E0,-3.35E0));
#3179=LINE('',#3178,#3177);
#3180=DIRECTION('',(0.E0,0.E0,1.E0));
#3181=VECTOR('',#3180,5.7E0);
#3182=CARTESIAN_POINT('',(5.8E0,-2.6E0,-9.05E0));
#3183=LINE('',#3182,#3181);
#3184=DIRECTION('',(0.E0,0.E0,1.E0));
#3185=VECTOR('',#3184,5.7E0);
#3186=CARTESIAN_POINT('',(5.8E0,-1.6E0,-9.05E0));
#3187=LINE('',#3186,#3185);
#3188=DIRECTION('',(0.E0,0.E0,1.E0));
#3189=VECTOR('',#3188,5.7E0);
#3190=CARTESIAN_POINT('',(6.8E0,-1.6E0,-9.05E0));
#3191=LINE('',#3190,#3189);
#3192=DIRECTION('',(0.E0,0.E0,1.E0));
#3193=VECTOR('',#3192,5.7E0);
#3194=CARTESIAN_POINT('',(6.8E0,-2.6E0,-9.05E0));
#3195=LINE('',#3194,#3193);
#3196=DIRECTION('',(7.071067811865E-1,-7.071067811865E-1,0.E0));
#3197=VECTOR('',#3196,1.414213562373E0);
#3198=CARTESIAN_POINT('',(7.2E0,-2.25E-1,0.E0));
#3199=LINE('',#3198,#3197);
#3200=DIRECTION('',(0.E0,0.E0,-1.E0));
#3201=VECTOR('',#3200,9.05E0);
#3202=CARTESIAN_POINT('',(7.2E0,-2.25E-1,0.E0));
#3203=LINE('',#3202,#3201);
#3204=DIRECTION('',(0.E0,0.E0,-1.E0));
#3205=VECTOR('',#3204,9.05E0);
#3206=CARTESIAN_POINT('',(5.4E0,-2.25E-1,0.E0));
#3207=LINE('',#3206,#3205);
#3208=DIRECTION('',(7.071067811865E-1,7.071067811865E-1,0.E0));
#3209=VECTOR('',#3208,1.414213562373E0);
#3210=CARTESIAN_POINT('',(4.4E0,-1.225E0,0.E0));
#3211=LINE('',#3210,#3209);
#3212=DIRECTION('',(0.E0,0.E0,-1.E0));
#3213=VECTOR('',#3212,9.05E0);
#3214=CARTESIAN_POINT('',(4.4E0,-1.225E0,0.E0));
#3215=LINE('',#3214,#3213);
#3216=DIRECTION('',(0.E0,0.E0,-1.E0));
#3217=VECTOR('',#3216,9.05E0);
#3218=CARTESIAN_POINT('',(4.4E0,-3.975E0,0.E0));
#3219=LINE('',#3218,#3217);
#3220=DIRECTION('',(0.E0,0.E0,-1.E0));
#3221=VECTOR('',#3220,9.05E0);
#3222=CARTESIAN_POINT('',(8.2E0,-1.225E0,0.E0));
#3223=LINE('',#3222,#3221);
#3224=DIRECTION('',(0.E0,0.E0,-1.E0));
#3225=VECTOR('',#3224,9.05E0);
#3226=CARTESIAN_POINT('',(8.2E0,-3.975E0,0.E0));
#3227=LINE('',#3226,#3225);
#3228=DIRECTION('',(0.E0,0.E0,-1.E0));
#3229=VECTOR('',#3228,9.05E0);
#3230=CARTESIAN_POINT('',(8.6E0,3.975E0,0.E0));
#3231=LINE('',#3230,#3229);
#3232=DIRECTION('',(0.E0,0.E0,-1.E0));
#3233=VECTOR('',#3232,9.05E0);
#3234=CARTESIAN_POINT('',(1.24E1,3.975E0,0.E0));
#3235=LINE('',#3234,#3233);
#3236=DIRECTION('',(0.E0,0.E0,-1.E0));
#3237=VECTOR('',#3236,9.05E0);
#3238=CARTESIAN_POINT('',(1.24E1,2.25E-1,0.E0));
#3239=LINE('',#3238,#3237);
#3240=DIRECTION('',(0.E0,0.E0,-1.E0));
#3241=VECTOR('',#3240,9.05E0);
#3242=CARTESIAN_POINT('',(8.6E0,2.25E-1,0.E0));
#3243=LINE('',#3242,#3241);
#3244=DIRECTION('',(0.E0,-1.E0,0.E0));
#3245=VECTOR('',#3244,3.75E0);
#3246=CARTESIAN_POINT('',(8.6E0,3.975E0,-9.05E0));
#3247=LINE('',#3246,#3245);
#3248=DIRECTION('',(-1.E0,0.E0,0.E0));
#3249=VECTOR('',#3248,3.8E0);
#3250=CARTESIAN_POINT('',(1.24E1,3.975E0,-9.05E0));
#3251=LINE('',#3250,#3249);
#3252=DIRECTION('',(0.E0,1.E0,0.E0));
#3253=VECTOR('',#3252,3.75E0);
#3254=CARTESIAN_POINT('',(1.24E1,2.25E-1,-9.05E0));
#3255=LINE('',#3254,#3253);
#3256=DIRECTION('',(1.E0,0.E0,0.E0));
#3257=VECTOR('',#3256,3.8E0);
#3258=CARTESIAN_POINT('',(8.6E0,2.25E-1,-9.05E0));
#3259=LINE('',#3258,#3257);
#3260=DIRECTION('',(0.E0,-1.E0,0.E0));
#3261=VECTOR('',#3260,1.E0);
#3262=CARTESIAN_POINT('',(1.E1,2.6E0,-9.05E0));
#3263=LINE('',#3262,#3261);
#3264=DIRECTION('',(1.E0,0.E0,0.E0));
#3265=VECTOR('',#3264,1.E0);
#3266=CARTESIAN_POINT('',(1.E1,1.6E0,-9.05E0));
#3267=LINE('',#3266,#3265);
#3268=DIRECTION('',(0.E0,1.E0,0.E0));
#3269=VECTOR('',#3268,1.E0);
#3270=CARTESIAN_POINT('',(1.1E1,1.6E0,-9.05E0));
#3271=LINE('',#3270,#3269);
#3272=DIRECTION('',(-1.E0,0.E0,0.E0));
#3273=VECTOR('',#3272,1.E0);
#3274=CARTESIAN_POINT('',(1.1E1,2.6E0,-9.05E0));
#3275=LINE('',#3274,#3273);
#3276=DIRECTION('',(1.E0,0.E0,0.E0));
#3277=VECTOR('',#3276,1.E0);
#3278=CARTESIAN_POINT('',(1.E1,-2.6E0,-9.05E0));
#3279=LINE('',#3278,#3277);
#3280=DIRECTION('',(0.E0,1.E0,0.E0));
#3281=VECTOR('',#3280,1.E0);
#3282=CARTESIAN_POINT('',(1.1E1,-2.6E0,-9.05E0));
#3283=LINE('',#3282,#3281);
#3284=DIRECTION('',(-1.E0,0.E0,0.E0));
#3285=VECTOR('',#3284,1.E0);
#3286=CARTESIAN_POINT('',(1.1E1,-1.6E0,-9.05E0));
#3287=LINE('',#3286,#3285);
#3288=DIRECTION('',(0.E0,-1.E0,0.E0));
#3289=VECTOR('',#3288,1.E0);
#3290=CARTESIAN_POINT('',(1.E1,-1.6E0,-9.05E0));
#3291=LINE('',#3290,#3289);
#3292=DIRECTION('',(-7.071067811865E-1,7.071067811865E-1,0.E0));
#3293=VECTOR('',#3292,1.414213562373E0);
#3294=CARTESIAN_POINT('',(1.24E1,-1.225E0,-9.05E0));
#3295=LINE('',#3294,#3293);
#3296=DIRECTION('',(0.E0,1.E0,0.E0));
#3297=VECTOR('',#3296,2.75E0);
#3298=CARTESIAN_POINT('',(1.24E1,-3.975E0,-9.05E0));
#3299=LINE('',#3298,#3297);
#3300=DIRECTION('',(1.E0,0.E0,0.E0));
#3301=VECTOR('',#3300,3.8E0);
#3302=CARTESIAN_POINT('',(8.6E0,-3.975E0,-9.05E0));
#3303=LINE('',#3302,#3301);
#3304=DIRECTION('',(0.E0,-1.E0,0.E0));
#3305=VECTOR('',#3304,2.75E0);
#3306=CARTESIAN_POINT('',(8.6E0,-1.225E0,-9.05E0));
#3307=LINE('',#3306,#3305);
#3308=DIRECTION('',(-7.071067811865E-1,-7.071067811865E-1,0.E0));
#3309=VECTOR('',#3308,1.414213562373E0);
#3310=CARTESIAN_POINT('',(9.6E0,-2.25E-1,-9.05E0));
#3311=LINE('',#3310,#3309);
#3312=DIRECTION('',(-1.E0,0.E0,0.E0));
#3313=VECTOR('',#3312,1.8E0);
#3314=CARTESIAN_POINT('',(1.14E1,-2.25E-1,-9.05E0));
#3315=LINE('',#3314,#3313);
#3316=DIRECTION('',(0.E0,0.E0,1.E0));
#3317=VECTOR('',#3316,5.7E0);
#3318=CARTESIAN_POINT('',(1.E1,2.6E0,-9.05E0));
#3319=LINE('',#3318,#3317);
#3320=DIRECTION('',(0.E0,0.E0,1.E0));
#3321=VECTOR('',#3320,5.7E0);
#3322=CARTESIAN_POINT('',(1.1E1,2.6E0,-9.05E0));
#3323=LINE('',#3322,#3321);
#3324=DIRECTION('',(0.E0,0.E0,1.E0));
#3325=VECTOR('',#3324,5.7E0);
#3326=CARTESIAN_POINT('',(1.1E1,1.6E0,-9.05E0));
#3327=LINE('',#3326,#3325);
#3328=DIRECTION('',(0.E0,0.E0,1.E0));
#3329=VECTOR('',#3328,5.7E0);
#3330=CARTESIAN_POINT('',(1.E1,1.6E0,-9.05E0));
#3331=LINE('',#3330,#3329);
#3332=DIRECTION('',(0.E0,-1.E0,0.E0));
#3333=VECTOR('',#3332,1.E0);
#3334=CARTESIAN_POINT('',(1.E1,2.6E0,-3.35E0));
#3335=LINE('',#3334,#3333);
#3336=DIRECTION('',(-1.E0,0.E0,0.E0));
#3337=VECTOR('',#3336,1.E0);
#3338=CARTESIAN_POINT('',(1.1E1,2.6E0,-3.35E0));
#3339=LINE('',#3338,#3337);
#3340=DIRECTION('',(0.E0,1.E0,0.E0));
#3341=VECTOR('',#3340,1.E0);
#3342=CARTESIAN_POINT('',(1.1E1,1.6E0,-3.35E0));
#3343=LINE('',#3342,#3341);
#3344=DIRECTION('',(1.E0,0.E0,0.E0));
#3345=VECTOR('',#3344,1.E0);
#3346=CARTESIAN_POINT('',(1.E1,1.6E0,-3.35E0));
#3347=LINE('',#3346,#3345);
#3348=DIRECTION('',(1.E0,0.E0,0.E0));
#3349=VECTOR('',#3348,1.E0);
#3350=CARTESIAN_POINT('',(1.E1,-2.6E0,-3.35E0));
#3351=LINE('',#3350,#3349);
#3352=DIRECTION('',(0.E0,-1.E0,0.E0));
#3353=VECTOR('',#3352,1.E0);
#3354=CARTESIAN_POINT('',(1.E1,-1.6E0,-3.35E0));
#3355=LINE('',#3354,#3353);
#3356=DIRECTION('',(-1.E0,0.E0,0.E0));
#3357=VECTOR('',#3356,1.E0);
#3358=CARTESIAN_POINT('',(1.1E1,-1.6E0,-3.35E0));
#3359=LINE('',#3358,#3357);
#3360=DIRECTION('',(0.E0,1.E0,0.E0));
#3361=VECTOR('',#3360,1.E0);
#3362=CARTESIAN_POINT('',(1.1E1,-2.6E0,-3.35E0));
#3363=LINE('',#3362,#3361);
#3364=DIRECTION('',(0.E0,0.E0,1.E0));
#3365=VECTOR('',#3364,5.7E0);
#3366=CARTESIAN_POINT('',(1.E1,-2.6E0,-9.05E0));
#3367=LINE('',#3366,#3365);
#3368=DIRECTION('',(0.E0,0.E0,1.E0));
#3369=VECTOR('',#3368,5.7E0);
#3370=CARTESIAN_POINT('',(1.E1,-1.6E0,-9.05E0));
#3371=LINE('',#3370,#3369);
#3372=DIRECTION('',(0.E0,0.E0,1.E0));
#3373=VECTOR('',#3372,5.7E0);
#3374=CARTESIAN_POINT('',(1.1E1,-1.6E0,-9.05E0));
#3375=LINE('',#3374,#3373);
#3376=DIRECTION('',(0.E0,0.E0,1.E0));
#3377=VECTOR('',#3376,5.7E0);
#3378=CARTESIAN_POINT('',(1.1E1,-2.6E0,-9.05E0));
#3379=LINE('',#3378,#3377);
#3380=DIRECTION('',(7.071067811865E-1,-7.071067811865E-1,0.E0));
#3381=VECTOR('',#3380,1.414213562373E0);
#3382=CARTESIAN_POINT('',(1.14E1,-2.25E-1,0.E0));
#3383=LINE('',#3382,#3381);
#3384=DIRECTION('',(0.E0,0.E0,-1.E0));
#3385=VECTOR('',#3384,9.05E0);
#3386=CARTESIAN_POINT('',(1.14E1,-2.25E-1,0.E0));
#3387=LINE('',#3386,#3385);
#3388=DIRECTION('',(0.E0,0.E0,-1.E0));
#3389=VECTOR('',#3388,9.05E0);
#3390=CARTESIAN_POINT('',(9.6E0,-2.25E-1,0.E0));
#3391=LINE('',#3390,#3389);
#3392=DIRECTION('',(7.071067811865E-1,7.071067811865E-1,0.E0));
#3393=VECTOR('',#3392,1.414213562373E0);
#3394=CARTESIAN_POINT('',(8.6E0,-1.225E0,0.E0));
#3395=LINE('',#3394,#3393);
#3396=DIRECTION('',(0.E0,0.E0,-1.E0));
#3397=VECTOR('',#3396,9.05E0);
#3398=CARTESIAN_POINT('',(8.6E0,-1.225E0,0.E0));
#3399=LINE('',#3398,#3397);
#3400=DIRECTION('',(0.E0,0.E0,-1.E0));
#3401=VECTOR('',#3400,9.05E0);
#3402=CARTESIAN_POINT('',(8.6E0,-3.975E0,0.E0));
#3403=LINE('',#3402,#3401);
#3404=DIRECTION('',(0.E0,0.E0,-1.E0));
#3405=VECTOR('',#3404,9.05E0);
#3406=CARTESIAN_POINT('',(1.24E1,-1.225E0,0.E0));
#3407=LINE('',#3406,#3405);
#3408=DIRECTION('',(0.E0,0.E0,-1.E0));
#3409=VECTOR('',#3408,9.05E0);
#3410=CARTESIAN_POINT('',(1.24E1,-3.975E0,0.E0));
#3411=LINE('',#3410,#3409);
#3412=DIRECTION('',(0.E0,0.E0,-1.E0));
#3413=VECTOR('',#3412,9.05E0);
#3414=CARTESIAN_POINT('',(1.28E1,-3.975E0,0.E0));
#3415=LINE('',#3414,#3413);
#3416=DIRECTION('',(0.E0,0.E0,-1.E0));
#3417=VECTOR('',#3416,9.05E0);
#3418=CARTESIAN_POINT('',(1.28E1,-2.25E-1,0.E0));
#3419=LINE('',#3418,#3417);
#3420=DIRECTION('',(0.E0,0.E0,-1.E0));
#3421=VECTOR('',#3420,9.05E0);
#3422=CARTESIAN_POINT('',(1.66E1,-2.25E-1,0.E0));
#3423=LINE('',#3422,#3421);
#3424=DIRECTION('',(0.E0,0.E0,-1.E0));
#3425=VECTOR('',#3424,9.05E0);
#3426=CARTESIAN_POINT('',(1.66E1,-3.975E0,0.E0));
#3427=LINE('',#3426,#3425);
#3428=DIRECTION('',(0.E0,-1.E0,0.E0));
#3429=VECTOR('',#3428,1.E0);
#3430=CARTESIAN_POINT('',(1.42E1,2.6E0,-9.05E0));
#3431=LINE('',#3430,#3429);
#3432=DIRECTION('',(1.E0,0.E0,0.E0));
#3433=VECTOR('',#3432,1.E0);
#3434=CARTESIAN_POINT('',(1.42E1,1.6E0,-9.05E0));
#3435=LINE('',#3434,#3433);
#3436=DIRECTION('',(0.E0,1.E0,0.E0));
#3437=VECTOR('',#3436,1.E0);
#3438=CARTESIAN_POINT('',(1.52E1,1.6E0,-9.05E0));
#3439=LINE('',#3438,#3437);
#3440=DIRECTION('',(-1.E0,0.E0,0.E0));
#3441=VECTOR('',#3440,1.E0);
#3442=CARTESIAN_POINT('',(1.52E1,2.6E0,-9.05E0));
#3443=LINE('',#3442,#3441);
#3444=DIRECTION('',(1.E0,0.E0,0.E0));
#3445=VECTOR('',#3444,3.8E0);
#3446=CARTESIAN_POINT('',(1.28E1,-3.975E0,-9.05E0));
#3447=LINE('',#3446,#3445);
#3448=DIRECTION('',(0.E0,-1.E0,0.E0));
#3449=VECTOR('',#3448,3.75E0);
#3450=CARTESIAN_POINT('',(1.28E1,-2.25E-1,-9.05E0));
#3451=LINE('',#3450,#3449);
#3452=DIRECTION('',(-1.E0,0.E0,0.E0));
#3453=VECTOR('',#3452,3.8E0);
#3454=CARTESIAN_POINT('',(1.66E1,-2.25E-1,-9.05E0));
#3455=LINE('',#3454,#3453);
#3456=DIRECTION('',(0.E0,1.E0,0.E0));
#3457=VECTOR('',#3456,3.75E0);
#3458=CARTESIAN_POINT('',(1.66E1,-3.975E0,-9.05E0));
#3459=LINE('',#3458,#3457);
#3460=DIRECTION('',(1.E0,0.E0,0.E0));
#3461=VECTOR('',#3460,1.E0);
#3462=CARTESIAN_POINT('',(1.42E1,-2.6E0,-9.05E0));
#3463=LINE('',#3462,#3461);
#3464=DIRECTION('',(0.E0,1.E0,0.E0));
#3465=VECTOR('',#3464,1.E0);
#3466=CARTESIAN_POINT('',(1.52E1,-2.6E0,-9.05E0));
#3467=LINE('',#3466,#3465);
#3468=DIRECTION('',(-1.E0,0.E0,0.E0));
#3469=VECTOR('',#3468,1.E0);
#3470=CARTESIAN_POINT('',(1.52E1,-1.6E0,-9.05E0));
#3471=LINE('',#3470,#3469);
#3472=DIRECTION('',(0.E0,-1.E0,0.E0));
#3473=VECTOR('',#3472,1.E0);
#3474=CARTESIAN_POINT('',(1.42E1,-1.6E0,-9.05E0));
#3475=LINE('',#3474,#3473);
#3476=DIRECTION('',(-7.071067811865E-1,7.071067811865E-1,0.E0));
#3477=VECTOR('',#3476,1.414213562373E0);
#3478=CARTESIAN_POINT('',(1.66E1,2.975E0,-9.05E0));
#3479=LINE('',#3478,#3477);
#3480=DIRECTION('',(0.E0,1.E0,0.E0));
#3481=VECTOR('',#3480,2.75E0);
#3482=CARTESIAN_POINT('',(1.66E1,2.25E-1,-9.05E0));
#3483=LINE('',#3482,#3481);
#3484=DIRECTION('',(1.E0,0.E0,0.E0));
#3485=VECTOR('',#3484,3.8E0);
#3486=CARTESIAN_POINT('',(1.28E1,2.25E-1,-9.05E0));
#3487=LINE('',#3486,#3485);
#3488=DIRECTION('',(0.E0,-1.E0,0.E0));
#3489=VECTOR('',#3488,2.75E0);
#3490=CARTESIAN_POINT('',(1.28E1,2.975E0,-9.05E0));
#3491=LINE('',#3490,#3489);
#3492=DIRECTION('',(-7.071067811865E-1,-7.071067811865E-1,0.E0));
#3493=VECTOR('',#3492,1.414213562373E0);
#3494=CARTESIAN_POINT('',(1.38E1,3.975E0,-9.05E0));
#3495=LINE('',#3494,#3493);
#3496=DIRECTION('',(-1.E0,0.E0,0.E0));
#3497=VECTOR('',#3496,1.8E0);
#3498=CARTESIAN_POINT('',(1.56E1,3.975E0,-9.05E0));
#3499=LINE('',#3498,#3497);
#3500=DIRECTION('',(0.E0,0.E0,1.E0));
#3501=VECTOR('',#3500,5.7E0);
#3502=CARTESIAN_POINT('',(1.42E1,2.6E0,-9.05E0));
#3503=LINE('',#3502,#3501);
#3504=DIRECTION('',(0.E0,0.E0,1.E0));
#3505=VECTOR('',#3504,5.7E0);
#3506=CARTESIAN_POINT('',(1.52E1,2.6E0,-9.05E0));
#3507=LINE('',#3506,#3505);
#3508=DIRECTION('',(0.E0,0.E0,1.E0));
#3509=VECTOR('',#3508,5.7E0);
#3510=CARTESIAN_POINT('',(1.52E1,1.6E0,-9.05E0));
#3511=LINE('',#3510,#3509);
#3512=DIRECTION('',(0.E0,0.E0,1.E0));
#3513=VECTOR('',#3512,5.7E0);
#3514=CARTESIAN_POINT('',(1.42E1,1.6E0,-9.05E0));
#3515=LINE('',#3514,#3513);
#3516=DIRECTION('',(0.E0,-1.E0,0.E0));
#3517=VECTOR('',#3516,1.E0);
#3518=CARTESIAN_POINT('',(1.42E1,2.6E0,-3.35E0));
#3519=LINE('',#3518,#3517);
#3520=DIRECTION('',(-1.E0,0.E0,0.E0));
#3521=VECTOR('',#3520,1.E0);
#3522=CARTESIAN_POINT('',(1.52E1,2.6E0,-3.35E0));
#3523=LINE('',#3522,#3521);
#3524=DIRECTION('',(0.E0,1.E0,0.E0));
#3525=VECTOR('',#3524,1.E0);
#3526=CARTESIAN_POINT('',(1.52E1,1.6E0,-3.35E0));
#3527=LINE('',#3526,#3525);
#3528=DIRECTION('',(1.E0,0.E0,0.E0));
#3529=VECTOR('',#3528,1.E0);
#3530=CARTESIAN_POINT('',(1.42E1,1.6E0,-3.35E0));
#3531=LINE('',#3530,#3529);
#3532=DIRECTION('',(1.E0,0.E0,0.E0));
#3533=VECTOR('',#3532,1.E0);
#3534=CARTESIAN_POINT('',(1.42E1,-2.6E0,-3.35E0));
#3535=LINE('',#3534,#3533);
#3536=DIRECTION('',(0.E0,-1.E0,0.E0));
#3537=VECTOR('',#3536,1.E0);
#3538=CARTESIAN_POINT('',(1.42E1,-1.6E0,-3.35E0));
#3539=LINE('',#3538,#3537);
#3540=DIRECTION('',(-1.E0,0.E0,0.E0));
#3541=VECTOR('',#3540,1.E0);
#3542=CARTESIAN_POINT('',(1.52E1,-1.6E0,-3.35E0));
#3543=LINE('',#3542,#3541);
#3544=DIRECTION('',(0.E0,1.E0,0.E0));
#3545=VECTOR('',#3544,1.E0);
#3546=CARTESIAN_POINT('',(1.52E1,-2.6E0,-3.35E0));
#3547=LINE('',#3546,#3545);
#3548=DIRECTION('',(0.E0,0.E0,1.E0));
#3549=VECTOR('',#3548,5.7E0);
#3550=CARTESIAN_POINT('',(1.42E1,-2.6E0,-9.05E0));
#3551=LINE('',#3550,#3549);
#3552=DIRECTION('',(0.E0,0.E0,1.E0));
#3553=VECTOR('',#3552,5.7E0);
#3554=CARTESIAN_POINT('',(1.42E1,-1.6E0,-9.05E0));
#3555=LINE('',#3554,#3553);
#3556=DIRECTION('',(0.E0,0.E0,1.E0));
#3557=VECTOR('',#3556,5.7E0);
#3558=CARTESIAN_POINT('',(1.52E1,-1.6E0,-9.05E0));
#3559=LINE('',#3558,#3557);
#3560=DIRECTION('',(0.E0,0.E0,1.E0));
#3561=VECTOR('',#3560,5.7E0);
#3562=CARTESIAN_POINT('',(1.52E1,-2.6E0,-9.05E0));
#3563=LINE('',#3562,#3561);
#3564=DIRECTION('',(7.071067811865E-1,-7.071067811865E-1,0.E0));
#3565=VECTOR('',#3564,1.414213562373E0);
#3566=CARTESIAN_POINT('',(1.56E1,3.975E0,0.E0));
#3567=LINE('',#3566,#3565);
#3568=DIRECTION('',(0.E0,0.E0,-1.E0));
#3569=VECTOR('',#3568,9.05E0);
#3570=CARTESIAN_POINT('',(1.56E1,3.975E0,0.E0));
#3571=LINE('',#3570,#3569);
#3572=DIRECTION('',(0.E0,0.E0,-1.E0));
#3573=VECTOR('',#3572,9.05E0);
#3574=CARTESIAN_POINT('',(1.38E1,3.975E0,0.E0));
#3575=LINE('',#3574,#3573);
#3576=DIRECTION('',(7.071067811865E-1,7.071067811865E-1,0.E0));
#3577=VECTOR('',#3576,1.414213562373E0);
#3578=CARTESIAN_POINT('',(1.28E1,2.975E0,0.E0));
#3579=LINE('',#3578,#3577);
#3580=DIRECTION('',(0.E0,0.E0,-1.E0));
#3581=VECTOR('',#3580,9.05E0);
#3582=CARTESIAN_POINT('',(1.28E1,2.975E0,0.E0));
#3583=LINE('',#3582,#3581);
#3584=DIRECTION('',(0.E0,0.E0,-1.E0));
#3585=VECTOR('',#3584,9.05E0);
#3586=CARTESIAN_POINT('',(1.28E1,2.25E-1,0.E0));
#3587=LINE('',#3586,#3585);
#3588=DIRECTION('',(0.E0,0.E0,-1.E0));
#3589=VECTOR('',#3588,9.05E0);
#3590=CARTESIAN_POINT('',(1.66E1,2.975E0,0.E0));
#3591=LINE('',#3590,#3589);
#3592=DIRECTION('',(0.E0,0.E0,-1.E0));
#3593=VECTOR('',#3592,9.05E0);
#3594=CARTESIAN_POINT('',(1.66E1,2.25E-1,0.E0));
#3595=LINE('',#3594,#3593);
#3596=DIRECTION('',(0.E0,0.E0,-1.E0));
#3597=VECTOR('',#3596,9.05E0);
#3598=CARTESIAN_POINT('',(1.7E1,-3.975E0,0.E0));
#3599=LINE('',#3598,#3597);
#3600=DIRECTION('',(0.E0,0.E0,-1.E0));
#3601=VECTOR('',#3600,9.05E0);
#3602=CARTESIAN_POINT('',(1.7E1,-2.25E-1,0.E0));
#3603=LINE('',#3602,#3601);
#3604=DIRECTION('',(0.E0,0.E0,-1.E0));
#3605=VECTOR('',#3604,9.05E0);
#3606=CARTESIAN_POINT('',(2.08E1,-2.25E-1,0.E0));
#3607=LINE('',#3606,#3605);
#3608=DIRECTION('',(0.E0,0.E0,-1.E0));
#3609=VECTOR('',#3608,9.05E0);
#3610=CARTESIAN_POINT('',(2.08E1,-3.975E0,0.E0));
#3611=LINE('',#3610,#3609);
#3612=DIRECTION('',(0.E0,-1.E0,0.E0));
#3613=VECTOR('',#3612,1.E0);
#3614=CARTESIAN_POINT('',(1.84E1,2.6E0,-9.05E0));
#3615=LINE('',#3614,#3613);
#3616=DIRECTION('',(1.E0,0.E0,0.E0));
#3617=VECTOR('',#3616,1.E0);
#3618=CARTESIAN_POINT('',(1.84E1,1.6E0,-9.05E0));
#3619=LINE('',#3618,#3617);
#3620=DIRECTION('',(0.E0,1.E0,0.E0));
#3621=VECTOR('',#3620,1.E0);
#3622=CARTESIAN_POINT('',(1.94E1,1.6E0,-9.05E0));
#3623=LINE('',#3622,#3621);
#3624=DIRECTION('',(-1.E0,0.E0,0.E0));
#3625=VECTOR('',#3624,1.E0);
#3626=CARTESIAN_POINT('',(1.94E1,2.6E0,-9.05E0));
#3627=LINE('',#3626,#3625);
#3628=DIRECTION('',(1.E0,0.E0,0.E0));
#3629=VECTOR('',#3628,3.8E0);
#3630=CARTESIAN_POINT('',(1.7E1,-3.975E0,-9.05E0));
#3631=LINE('',#3630,#3629);
#3632=DIRECTION('',(0.E0,-1.E0,0.E0));
#3633=VECTOR('',#3632,3.75E0);
#3634=CARTESIAN_POINT('',(1.7E1,-2.25E-1,-9.05E0));
#3635=LINE('',#3634,#3633);
#3636=DIRECTION('',(-1.E0,0.E0,0.E0));
#3637=VECTOR('',#3636,3.8E0);
#3638=CARTESIAN_POINT('',(2.08E1,-2.25E-1,-9.05E0));
#3639=LINE('',#3638,#3637);
#3640=DIRECTION('',(0.E0,1.E0,0.E0));
#3641=VECTOR('',#3640,3.75E0);
#3642=CARTESIAN_POINT('',(2.08E1,-3.975E0,-9.05E0));
#3643=LINE('',#3642,#3641);
#3644=DIRECTION('',(1.E0,0.E0,0.E0));
#3645=VECTOR('',#3644,1.E0);
#3646=CARTESIAN_POINT('',(1.84E1,-2.6E0,-9.05E0));
#3647=LINE('',#3646,#3645);
#3648=DIRECTION('',(0.E0,1.E0,0.E0));
#3649=VECTOR('',#3648,1.E0);
#3650=CARTESIAN_POINT('',(1.94E1,-2.6E0,-9.05E0));
#3651=LINE('',#3650,#3649);
#3652=DIRECTION('',(-1.E0,0.E0,0.E0));
#3653=VECTOR('',#3652,1.E0);
#3654=CARTESIAN_POINT('',(1.94E1,-1.6E0,-9.05E0));
#3655=LINE('',#3654,#3653);
#3656=DIRECTION('',(0.E0,-1.E0,0.E0));
#3657=VECTOR('',#3656,1.E0);
#3658=CARTESIAN_POINT('',(1.84E1,-1.6E0,-9.05E0));
#3659=LINE('',#3658,#3657);
#3660=DIRECTION('',(-7.071067811865E-1,7.071067811865E-1,0.E0));
#3661=VECTOR('',#3660,1.414213562373E0);
#3662=CARTESIAN_POINT('',(2.08E1,2.975E0,-9.05E0));
#3663=LINE('',#3662,#3661);
#3664=DIRECTION('',(0.E0,1.E0,0.E0));
#3665=VECTOR('',#3664,2.75E0);
#3666=CARTESIAN_POINT('',(2.08E1,2.25E-1,-9.05E0));
#3667=LINE('',#3666,#3665);
#3668=DIRECTION('',(1.E0,0.E0,0.E0));
#3669=VECTOR('',#3668,3.8E0);
#3670=CARTESIAN_POINT('',(1.7E1,2.25E-1,-9.05E0));
#3671=LINE('',#3670,#3669);
#3672=DIRECTION('',(0.E0,-1.E0,0.E0));
#3673=VECTOR('',#3672,2.75E0);
#3674=CARTESIAN_POINT('',(1.7E1,2.975E0,-9.05E0));
#3675=LINE('',#3674,#3673);
#3676=DIRECTION('',(-7.071067811865E-1,-7.071067811865E-1,0.E0));
#3677=VECTOR('',#3676,1.414213562373E0);
#3678=CARTESIAN_POINT('',(1.8E1,3.975E0,-9.05E0));
#3679=LINE('',#3678,#3677);
#3680=DIRECTION('',(-1.E0,0.E0,0.E0));
#3681=VECTOR('',#3680,1.8E0);
#3682=CARTESIAN_POINT('',(1.98E1,3.975E0,-9.05E0));
#3683=LINE('',#3682,#3681);
#3684=DIRECTION('',(0.E0,0.E0,1.E0));
#3685=VECTOR('',#3684,5.7E0);
#3686=CARTESIAN_POINT('',(1.84E1,2.6E0,-9.05E0));
#3687=LINE('',#3686,#3685);
#3688=DIRECTION('',(0.E0,0.E0,1.E0));
#3689=VECTOR('',#3688,5.7E0);
#3690=CARTESIAN_POINT('',(1.94E1,2.6E0,-9.05E0));
#3691=LINE('',#3690,#3689);
#3692=DIRECTION('',(0.E0,0.E0,1.E0));
#3693=VECTOR('',#3692,5.7E0);
#3694=CARTESIAN_POINT('',(1.94E1,1.6E0,-9.05E0));
#3695=LINE('',#3694,#3693);
#3696=DIRECTION('',(0.E0,0.E0,1.E0));
#3697=VECTOR('',#3696,5.7E0);
#3698=CARTESIAN_POINT('',(1.84E1,1.6E0,-9.05E0));
#3699=LINE('',#3698,#3697);
#3700=DIRECTION('',(0.E0,-1.E0,0.E0));
#3701=VECTOR('',#3700,1.E0);
#3702=CARTESIAN_POINT('',(1.84E1,2.6E0,-3.35E0));
#3703=LINE('',#3702,#3701);
#3704=DIRECTION('',(-1.E0,0.E0,0.E0));
#3705=VECTOR('',#3704,1.E0);
#3706=CARTESIAN_POINT('',(1.94E1,2.6E0,-3.35E0));
#3707=LINE('',#3706,#3705);
#3708=DIRECTION('',(0.E0,1.E0,0.E0));
#3709=VECTOR('',#3708,1.E0);
#3710=CARTESIAN_POINT('',(1.94E1,1.6E0,-3.35E0));
#3711=LINE('',#3710,#3709);
#3712=DIRECTION('',(1.E0,0.E0,0.E0));
#3713=VECTOR('',#3712,1.E0);
#3714=CARTESIAN_POINT('',(1.84E1,1.6E0,-3.35E0));
#3715=LINE('',#3714,#3713);
#3716=DIRECTION('',(1.E0,0.E0,0.E0));
#3717=VECTOR('',#3716,1.E0);
#3718=CARTESIAN_POINT('',(1.84E1,-2.6E0,-3.35E0));
#3719=LINE('',#3718,#3717);
#3720=DIRECTION('',(0.E0,-1.E0,0.E0));
#3721=VECTOR('',#3720,1.E0);
#3722=CARTESIAN_POINT('',(1.84E1,-1.6E0,-3.35E0));
#3723=LINE('',#3722,#3721);
#3724=DIRECTION('',(-1.E0,0.E0,0.E0));
#3725=VECTOR('',#3724,1.E0);
#3726=CARTESIAN_POINT('',(1.94E1,-1.6E0,-3.35E0));
#3727=LINE('',#3726,#3725);
#3728=DIRECTION('',(0.E0,1.E0,0.E0));
#3729=VECTOR('',#3728,1.E0);
#3730=CARTESIAN_POINT('',(1.94E1,-2.6E0,-3.35E0));
#3731=LINE('',#3730,#3729);
#3732=DIRECTION('',(0.E0,0.E0,1.E0));
#3733=VECTOR('',#3732,5.7E0);
#3734=CARTESIAN_POINT('',(1.84E1,-2.6E0,-9.05E0));
#3735=LINE('',#3734,#3733);
#3736=DIRECTION('',(0.E0,0.E0,1.E0));
#3737=VECTOR('',#3736,5.7E0);
#3738=CARTESIAN_POINT('',(1.84E1,-1.6E0,-9.05E0));
#3739=LINE('',#3738,#3737);
#3740=DIRECTION('',(0.E0,0.E0,1.E0));
#3741=VECTOR('',#3740,5.7E0);
#3742=CARTESIAN_POINT('',(1.94E1,-1.6E0,-9.05E0));
#3743=LINE('',#3742,#3741);
#3744=DIRECTION('',(0.E0,0.E0,1.E0));
#3745=VECTOR('',#3744,5.7E0);
#3746=CARTESIAN_POINT('',(1.94E1,-2.6E0,-9.05E0));
#3747=LINE('',#3746,#3745);
#3748=DIRECTION('',(7.071067811865E-1,-7.071067811865E-1,0.E0));
#3749=VECTOR('',#3748,1.414213562373E0);
#3750=CARTESIAN_POINT('',(1.98E1,3.975E0,0.E0));
#3751=LINE('',#3750,#3749);
#3752=DIRECTION('',(0.E0,0.E0,-1.E0));
#3753=VECTOR('',#3752,9.05E0);
#3754=CARTESIAN_POINT('',(1.98E1,3.975E0,0.E0));
#3755=LINE('',#3754,#3753);
#3756=DIRECTION('',(0.E0,0.E0,-1.E0));
#3757=VECTOR('',#3756,9.05E0);
#3758=CARTESIAN_POINT('',(1.8E1,3.975E0,0.E0));
#3759=LINE('',#3758,#3757);
#3760=DIRECTION('',(7.071067811865E-1,7.071067811865E-1,0.E0));
#3761=VECTOR('',#3760,1.414213562373E0);
#3762=CARTESIAN_POINT('',(1.7E1,2.975E0,0.E0));
#3763=LINE('',#3762,#3761);
#3764=DIRECTION('',(0.E0,0.E0,-1.E0));
#3765=VECTOR('',#3764,9.05E0);
#3766=CARTESIAN_POINT('',(1.7E1,2.975E0,0.E0));
#3767=LINE('',#3766,#3765);
#3768=DIRECTION('',(0.E0,0.E0,-1.E0));
#3769=VECTOR('',#3768,9.05E0);
#3770=CARTESIAN_POINT('',(1.7E1,2.25E-1,0.E0));
#3771=LINE('',#3770,#3769);
#3772=DIRECTION('',(0.E0,0.E0,-1.E0));
#3773=VECTOR('',#3772,9.05E0);
#3774=CARTESIAN_POINT('',(2.08E1,2.975E0,0.E0));
#3775=LINE('',#3774,#3773);
#3776=DIRECTION('',(0.E0,0.E0,-1.E0));
#3777=VECTOR('',#3776,9.05E0);
#3778=CARTESIAN_POINT('',(2.08E1,2.25E-1,0.E0));
#3779=LINE('',#3778,#3777);
#3780=DIRECTION('',(0.E0,0.E0,-1.E0));
#3781=VECTOR('',#3780,9.05E0);
#3782=CARTESIAN_POINT('',(2.12E1,3.975E0,0.E0));
#3783=LINE('',#3782,#3781);
#3784=DIRECTION('',(0.E0,0.E0,-1.E0));
#3785=VECTOR('',#3784,9.05E0);
#3786=CARTESIAN_POINT('',(2.5E1,3.975E0,0.E0));
#3787=LINE('',#3786,#3785);
#3788=DIRECTION('',(0.E0,0.E0,-1.E0));
#3789=VECTOR('',#3788,9.05E0);
#3790=CARTESIAN_POINT('',(2.5E1,2.25E-1,0.E0));
#3791=LINE('',#3790,#3789);
#3792=DIRECTION('',(0.E0,0.E0,-1.E0));
#3793=VECTOR('',#3792,9.05E0);
#3794=CARTESIAN_POINT('',(2.12E1,2.25E-1,0.E0));
#3795=LINE('',#3794,#3793);
#3796=DIRECTION('',(0.E0,-1.E0,0.E0));
#3797=VECTOR('',#3796,3.75E0);
#3798=CARTESIAN_POINT('',(2.12E1,3.975E0,-9.05E0));
#3799=LINE('',#3798,#3797);
#3800=DIRECTION('',(-1.E0,0.E0,0.E0));
#3801=VECTOR('',#3800,3.8E0);
#3802=CARTESIAN_POINT('',(2.5E1,3.975E0,-9.05E0));
#3803=LINE('',#3802,#3801);
#3804=DIRECTION('',(0.E0,1.E0,0.E0));
#3805=VECTOR('',#3804,3.75E0);
#3806=CARTESIAN_POINT('',(2.5E1,2.25E-1,-9.05E0));
#3807=LINE('',#3806,#3805);
#3808=DIRECTION('',(1.E0,0.E0,0.E0));
#3809=VECTOR('',#3808,3.8E0);
#3810=CARTESIAN_POINT('',(2.12E1,2.25E-1,-9.05E0));
#3811=LINE('',#3810,#3809);
#3812=DIRECTION('',(0.E0,-1.E0,0.E0));
#3813=VECTOR('',#3812,1.E0);
#3814=CARTESIAN_POINT('',(2.26E1,2.6E0,-9.05E0));
#3815=LINE('',#3814,#3813);
#3816=DIRECTION('',(1.E0,0.E0,0.E0));
#3817=VECTOR('',#3816,1.E0);
#3818=CARTESIAN_POINT('',(2.26E1,1.6E0,-9.05E0));
#3819=LINE('',#3818,#3817);
#3820=DIRECTION('',(0.E0,1.E0,0.E0));
#3821=VECTOR('',#3820,1.E0);
#3822=CARTESIAN_POINT('',(2.36E1,1.6E0,-9.05E0));
#3823=LINE('',#3822,#3821);
#3824=DIRECTION('',(-1.E0,0.E0,0.E0));
#3825=VECTOR('',#3824,1.E0);
#3826=CARTESIAN_POINT('',(2.36E1,2.6E0,-9.05E0));
#3827=LINE('',#3826,#3825);
#3828=DIRECTION('',(1.E0,0.E0,0.E0));
#3829=VECTOR('',#3828,1.E0);
#3830=CARTESIAN_POINT('',(2.26E1,-2.6E0,-9.05E0));
#3831=LINE('',#3830,#3829);
#3832=DIRECTION('',(0.E0,1.E0,0.E0));
#3833=VECTOR('',#3832,1.E0);
#3834=CARTESIAN_POINT('',(2.36E1,-2.6E0,-9.05E0));
#3835=LINE('',#3834,#3833);
#3836=DIRECTION('',(-1.E0,0.E0,0.E0));
#3837=VECTOR('',#3836,1.E0);
#3838=CARTESIAN_POINT('',(2.36E1,-1.6E0,-9.05E0));
#3839=LINE('',#3838,#3837);
#3840=DIRECTION('',(0.E0,-1.E0,0.E0));
#3841=VECTOR('',#3840,1.E0);
#3842=CARTESIAN_POINT('',(2.26E1,-1.6E0,-9.05E0));
#3843=LINE('',#3842,#3841);
#3844=DIRECTION('',(-7.071067811865E-1,7.071067811865E-1,0.E0));
#3845=VECTOR('',#3844,1.414213562373E0);
#3846=CARTESIAN_POINT('',(2.5E1,-1.225E0,-9.05E0));
#3847=LINE('',#3846,#3845);
#3848=DIRECTION('',(0.E0,1.E0,0.E0));
#3849=VECTOR('',#3848,2.75E0);
#3850=CARTESIAN_POINT('',(2.5E1,-3.975E0,-9.05E0));
#3851=LINE('',#3850,#3849);
#3852=DIRECTION('',(1.E0,0.E0,0.E0));
#3853=VECTOR('',#3852,3.8E0);
#3854=CARTESIAN_POINT('',(2.12E1,-3.975E0,-9.05E0));
#3855=LINE('',#3854,#3853);
#3856=DIRECTION('',(0.E0,-1.E0,0.E0));
#3857=VECTOR('',#3856,2.75E0);
#3858=CARTESIAN_POINT('',(2.12E1,-1.225E0,-9.05E0));
#3859=LINE('',#3858,#3857);
#3860=DIRECTION('',(-7.071067811865E-1,-7.071067811865E-1,0.E0));
#3861=VECTOR('',#3860,1.414213562373E0);
#3862=CARTESIAN_POINT('',(2.22E1,-2.25E-1,-9.05E0));
#3863=LINE('',#3862,#3861);
#3864=DIRECTION('',(-1.E0,0.E0,0.E0));
#3865=VECTOR('',#3864,1.8E0);
#3866=CARTESIAN_POINT('',(2.4E1,-2.25E-1,-9.05E0));
#3867=LINE('',#3866,#3865);
#3868=DIRECTION('',(0.E0,0.E0,1.E0));
#3869=VECTOR('',#3868,5.7E0);
#3870=CARTESIAN_POINT('',(2.26E1,2.6E0,-9.05E0));
#3871=LINE('',#3870,#3869);
#3872=DIRECTION('',(0.E0,0.E0,1.E0));
#3873=VECTOR('',#3872,5.7E0);
#3874=CARTESIAN_POINT('',(2.36E1,2.6E0,-9.05E0));
#3875=LINE('',#3874,#3873);
#3876=DIRECTION('',(0.E0,0.E0,1.E0));
#3877=VECTOR('',#3876,5.7E0);
#3878=CARTESIAN_POINT('',(2.36E1,1.6E0,-9.05E0));
#3879=LINE('',#3878,#3877);
#3880=DIRECTION('',(0.E0,0.E0,1.E0));
#3881=VECTOR('',#3880,5.7E0);
#3882=CARTESIAN_POINT('',(2.26E1,1.6E0,-9.05E0));
#3883=LINE('',#3882,#3881);
#3884=DIRECTION('',(0.E0,-1.E0,0.E0));
#3885=VECTOR('',#3884,1.E0);
#3886=CARTESIAN_POINT('',(2.26E1,2.6E0,-3.35E0));
#3887=LINE('',#3886,#3885);
#3888=DIRECTION('',(-1.E0,0.E0,0.E0));
#3889=VECTOR('',#3888,1.E0);
#3890=CARTESIAN_POINT('',(2.36E1,2.6E0,-3.35E0));
#3891=LINE('',#3890,#3889);
#3892=DIRECTION('',(0.E0,1.E0,0.E0));
#3893=VECTOR('',#3892,1.E0);
#3894=CARTESIAN_POINT('',(2.36E1,1.6E0,-3.35E0));
#3895=LINE('',#3894,#3893);
#3896=DIRECTION('',(1.E0,0.E0,0.E0));
#3897=VECTOR('',#3896,1.E0);
#3898=CARTESIAN_POINT('',(2.26E1,1.6E0,-3.35E0));
#3899=LINE('',#3898,#3897);
#3900=DIRECTION('',(1.E0,0.E0,0.E0));
#3901=VECTOR('',#3900,1.E0);
#3902=CARTESIAN_POINT('',(2.26E1,-2.6E0,-3.35E0));
#3903=LINE('',#3902,#3901);
#3904=DIRECTION('',(0.E0,-1.E0,0.E0));
#3905=VECTOR('',#3904,1.E0);
#3906=CARTESIAN_POINT('',(2.26E1,-1.6E0,-3.35E0));
#3907=LINE('',#3906,#3905);
#3908=DIRECTION('',(-1.E0,0.E0,0.E0));
#3909=VECTOR('',#3908,1.E0);
#3910=CARTESIAN_POINT('',(2.36E1,-1.6E0,-3.35E0));
#3911=LINE('',#3910,#3909);
#3912=DIRECTION('',(0.E0,1.E0,0.E0));
#3913=VECTOR('',#3912,1.E0);
#3914=CARTESIAN_POINT('',(2.36E1,-2.6E0,-3.35E0));
#3915=LINE('',#3914,#3913);
#3916=DIRECTION('',(0.E0,0.E0,1.E0));
#3917=VECTOR('',#3916,5.7E0);
#3918=CARTESIAN_POINT('',(2.26E1,-2.6E0,-9.05E0));
#3919=LINE('',#3918,#3917);
#3920=DIRECTION('',(0.E0,0.E0,1.E0));
#3921=VECTOR('',#3920,5.7E0);
#3922=CARTESIAN_POINT('',(2.26E1,-1.6E0,-9.05E0));
#3923=LINE('',#3922,#3921);
#3924=DIRECTION('',(0.E0,0.E0,1.E0));
#3925=VECTOR('',#3924,5.7E0);
#3926=CARTESIAN_POINT('',(2.36E1,-1.6E0,-9.05E0));
#3927=LINE('',#3926,#3925);
#3928=DIRECTION('',(0.E0,0.E0,1.E0));
#3929=VECTOR('',#3928,5.7E0);
#3930=CARTESIAN_POINT('',(2.36E1,-2.6E0,-9.05E0));
#3931=LINE('',#3930,#3929);
#3932=DIRECTION('',(7.071067811865E-1,-7.071067811865E-1,0.E0));
#3933=VECTOR('',#3932,1.414213562373E0);
#3934=CARTESIAN_POINT('',(2.4E1,-2.25E-1,0.E0));
#3935=LINE('',#3934,#3933);
#3936=DIRECTION('',(0.E0,0.E0,-1.E0));
#3937=VECTOR('',#3936,9.05E0);
#3938=CARTESIAN_POINT('',(2.4E1,-2.25E-1,0.E0));
#3939=LINE('',#3938,#3937);
#3940=DIRECTION('',(0.E0,0.E0,-1.E0));
#3941=VECTOR('',#3940,9.05E0);
#3942=CARTESIAN_POINT('',(2.22E1,-2.25E-1,0.E0));
#3943=LINE('',#3942,#3941);
#3944=DIRECTION('',(7.071067811865E-1,7.071067811865E-1,0.E0));
#3945=VECTOR('',#3944,1.414213562373E0);
#3946=CARTESIAN_POINT('',(2.12E1,-1.225E0,0.E0));
#3947=LINE('',#3946,#3945);
#3948=DIRECTION('',(0.E0,0.E0,-1.E0));
#3949=VECTOR('',#3948,9.05E0);
#3950=CARTESIAN_POINT('',(2.12E1,-1.225E0,0.E0));
#3951=LINE('',#3950,#3949);
#3952=DIRECTION('',(0.E0,0.E0,-1.E0));
#3953=VECTOR('',#3952,9.05E0);
#3954=CARTESIAN_POINT('',(2.12E1,-3.975E0,0.E0));
#3955=LINE('',#3954,#3953);
#3956=DIRECTION('',(0.E0,0.E0,-1.E0));
#3957=VECTOR('',#3956,9.05E0);
#3958=CARTESIAN_POINT('',(2.5E1,-1.225E0,0.E0));
#3959=LINE('',#3958,#3957);
#3960=DIRECTION('',(0.E0,0.E0,-1.E0));
#3961=VECTOR('',#3960,9.05E0);
#3962=CARTESIAN_POINT('',(2.5E1,-3.975E0,0.E0));
#3963=LINE('',#3962,#3961);
#3964=DIRECTION('',(0.E0,0.E0,1.E0));
#3965=VECTOR('',#3964,1.28E1);
#3966=CARTESIAN_POINT('',(-2.575E1,2.8E0,-1.28E1));
#3967=LINE('',#3966,#3965);
#3968=DIRECTION('',(0.E0,0.E0,1.E0));
#3969=VECTOR('',#3968,1.28E1);
#3970=CARTESIAN_POINT('',(-2.575E1,4.8E0,-1.28E1));
#3971=LINE('',#3970,#3969);
#3972=DIRECTION('',(0.E0,0.E0,1.E0));
#3973=VECTOR('',#3972,1.28E1);
#3974=CARTESIAN_POINT('',(-2.575E1,2.1E0,-1.28E1));
#3975=LINE('',#3974,#3973);
#3976=DIRECTION('',(1.E0,0.E0,0.E0));
#3977=VECTOR('',#3976,2.E0);
#3978=CARTESIAN_POINT('',(2.21E1,4.8E0,-1.18E1));
#3979=LINE('',#3978,#3977);
#3980=DIRECTION('',(0.E0,0.E0,1.E0));
#3981=VECTOR('',#3980,1.E0);
#3982=CARTESIAN_POINT('',(2.41E1,4.8E0,-1.28E1));
#3983=LINE('',#3982,#3981);
#3984=DIRECTION('',(0.E0,0.E0,1.E0));
#3985=VECTOR('',#3984,1.28E1);
#3986=CARTESIAN_POINT('',(2.575E1,4.8E0,-1.28E1));
#3987=LINE('',#3986,#3985);
#3988=DIRECTION('',(0.E0,0.E0,1.E0));
#3989=VECTOR('',#3988,1.E0);
#3990=CARTESIAN_POINT('',(-2.41E1,4.8E0,-1.28E1));
#3991=LINE('',#3990,#3989);
#3992=DIRECTION('',(1.E0,0.E0,0.E0));
#3993=VECTOR('',#3992,2.E0);
#3994=CARTESIAN_POINT('',(-2.41E1,4.8E0,-1.18E1));
#3995=LINE('',#3994,#3993);
#3996=DIRECTION('',(0.E0,0.E0,1.E0));
#3997=VECTOR('',#3996,1.E0);
#3998=CARTESIAN_POINT('',(-2.21E1,4.8E0,-1.28E1));
#3999=LINE('',#3998,#3997);
#4000=DIRECTION('',(0.E0,0.E0,1.E0));
#4001=VECTOR('',#4000,1.E0);
#4002=CARTESIAN_POINT('',(-1.99E1,4.8E0,-1.28E1));
#4003=LINE('',#4002,#4001);
#4004=DIRECTION('',(1.E0,0.E0,0.E0));
#4005=VECTOR('',#4004,2.E0);
#4006=CARTESIAN_POINT('',(-1.99E1,4.8E0,-1.18E1));
#4007=LINE('',#4006,#4005);
#4008=DIRECTION('',(0.E0,0.E0,1.E0));
#4009=VECTOR('',#4008,1.E0);
#4010=CARTESIAN_POINT('',(-1.79E1,4.8E0,-1.28E1));
#4011=LINE('',#4010,#4009);
#4012=DIRECTION('',(0.E0,0.E0,1.E0));
#4013=VECTOR('',#4012,1.E0);
#4014=CARTESIAN_POINT('',(-1.57E1,4.8E0,-1.28E1));
#4015=LINE('',#4014,#4013);
#4016=DIRECTION('',(1.E0,0.E0,0.E0));
#4017=VECTOR('',#4016,2.E0);
#4018=CARTESIAN_POINT('',(-1.57E1,4.8E0,-1.18E1));
#4019=LINE('',#4018,#4017);
#4020=DIRECTION('',(0.E0,0.E0,1.E0));
#4021=VECTOR('',#4020,1.E0);
#4022=CARTESIAN_POINT('',(-1.37E1,4.8E0,-1.28E1));
#4023=LINE('',#4022,#4021);
#4024=DIRECTION('',(0.E0,0.E0,1.E0));
#4025=VECTOR('',#4024,1.E0);
#4026=CARTESIAN_POINT('',(-1.15E1,4.8E0,-1.28E1));
#4027=LINE('',#4026,#4025);
#4028=DIRECTION('',(1.E0,0.E0,0.E0));
#4029=VECTOR('',#4028,2.E0);
#4030=CARTESIAN_POINT('',(-1.15E1,4.8E0,-1.18E1));
#4031=LINE('',#4030,#4029);
#4032=DIRECTION('',(0.E0,0.E0,1.E0));
#4033=VECTOR('',#4032,1.E0);
#4034=CARTESIAN_POINT('',(-9.5E0,4.8E0,-1.28E1));
#4035=LINE('',#4034,#4033);
#4036=DIRECTION('',(0.E0,0.E0,1.E0));
#4037=VECTOR('',#4036,1.E0);
#4038=CARTESIAN_POINT('',(-7.3E0,4.8E0,-1.28E1));
#4039=LINE('',#4038,#4037);
#4040=DIRECTION('',(1.E0,0.E0,0.E0));
#4041=VECTOR('',#4040,2.E0);
#4042=CARTESIAN_POINT('',(-7.3E0,4.8E0,-1.18E1));
#4043=LINE('',#4042,#4041);
#4044=DIRECTION('',(0.E0,0.E0,1.E0));
#4045=VECTOR('',#4044,1.E0);
#4046=CARTESIAN_POINT('',(-5.3E0,4.8E0,-1.28E1));
#4047=LINE('',#4046,#4045);
#4048=DIRECTION('',(0.E0,0.E0,1.E0));
#4049=VECTOR('',#4048,1.E0);
#4050=CARTESIAN_POINT('',(-3.1E0,4.8E0,-1.28E1));
#4051=LINE('',#4050,#4049);
#4052=DIRECTION('',(1.E0,0.E0,0.E0));
#4053=VECTOR('',#4052,2.E0);
#4054=CARTESIAN_POINT('',(-3.1E0,4.8E0,-1.18E1));
#4055=LINE('',#4054,#4053);
#4056=DIRECTION('',(0.E0,0.E0,1.E0));
#4057=VECTOR('',#4056,1.E0);
#4058=CARTESIAN_POINT('',(-1.1E0,4.8E0,-1.28E1));
#4059=LINE('',#4058,#4057);
#4060=DIRECTION('',(0.E0,0.E0,1.E0));
#4061=VECTOR('',#4060,1.E0);
#4062=CARTESIAN_POINT('',(1.1E0,4.8E0,-1.28E1));
#4063=LINE('',#4062,#4061);
#4064=DIRECTION('',(1.E0,0.E0,0.E0));
#4065=VECTOR('',#4064,2.E0);
#4066=CARTESIAN_POINT('',(1.1E0,4.8E0,-1.18E1));
#4067=LINE('',#4066,#4065);
#4068=DIRECTION('',(0.E0,0.E0,1.E0));
#4069=VECTOR('',#4068,1.E0);
#4070=CARTESIAN_POINT('',(3.1E0,4.8E0,-1.28E1));
#4071=LINE('',#4070,#4069);
#4072=DIRECTION('',(0.E0,0.E0,1.E0));
#4073=VECTOR('',#4072,1.E0);
#4074=CARTESIAN_POINT('',(5.3E0,4.8E0,-1.28E1));
#4075=LINE('',#4074,#4073);
#4076=DIRECTION('',(1.E0,0.E0,0.E0));
#4077=VECTOR('',#4076,2.E0);
#4078=CARTESIAN_POINT('',(5.3E0,4.8E0,-1.18E1));
#4079=LINE('',#4078,#4077);
#4080=DIRECTION('',(0.E0,0.E0,1.E0));
#4081=VECTOR('',#4080,1.E0);
#4082=CARTESIAN_POINT('',(7.3E0,4.8E0,-1.28E1));
#4083=LINE('',#4082,#4081);
#4084=DIRECTION('',(0.E0,0.E0,1.E0));
#4085=VECTOR('',#4084,1.E0);
#4086=CARTESIAN_POINT('',(9.5E0,4.8E0,-1.28E1));
#4087=LINE('',#4086,#4085);
#4088=DIRECTION('',(1.E0,0.E0,0.E0));
#4089=VECTOR('',#4088,2.E0);
#4090=CARTESIAN_POINT('',(9.5E0,4.8E0,-1.18E1));
#4091=LINE('',#4090,#4089);
#4092=DIRECTION('',(0.E0,0.E0,1.E0));
#4093=VECTOR('',#4092,1.E0);
#4094=CARTESIAN_POINT('',(1.15E1,4.8E0,-1.28E1));
#4095=LINE('',#4094,#4093);
#4096=DIRECTION('',(0.E0,0.E0,1.E0));
#4097=VECTOR('',#4096,1.E0);
#4098=CARTESIAN_POINT('',(1.37E1,4.8E0,-1.28E1));
#4099=LINE('',#4098,#4097);
#4100=DIRECTION('',(1.E0,0.E0,0.E0));
#4101=VECTOR('',#4100,2.E0);
#4102=CARTESIAN_POINT('',(1.37E1,4.8E0,-1.18E1));
#4103=LINE('',#4102,#4101);
#4104=DIRECTION('',(0.E0,0.E0,1.E0));
#4105=VECTOR('',#4104,1.E0);
#4106=CARTESIAN_POINT('',(1.57E1,4.8E0,-1.28E1));
#4107=LINE('',#4106,#4105);
#4108=DIRECTION('',(0.E0,0.E0,1.E0));
#4109=VECTOR('',#4108,1.E0);
#4110=CARTESIAN_POINT('',(1.79E1,4.8E0,-1.28E1));
#4111=LINE('',#4110,#4109);
#4112=DIRECTION('',(1.E0,0.E0,0.E0));
#4113=VECTOR('',#4112,2.E0);
#4114=CARTESIAN_POINT('',(1.79E1,4.8E0,-1.18E1));
#4115=LINE('',#4114,#4113);
#4116=DIRECTION('',(0.E0,0.E0,1.E0));
#4117=VECTOR('',#4116,1.E0);
#4118=CARTESIAN_POINT('',(1.99E1,4.8E0,-1.28E1));
#4119=LINE('',#4118,#4117);
#4120=DIRECTION('',(0.E0,0.E0,1.E0));
#4121=VECTOR('',#4120,1.E0);
#4122=CARTESIAN_POINT('',(2.21E1,4.8E0,-1.28E1));
#4123=LINE('',#4122,#4121);
#4124=DIRECTION('',(0.E0,0.E0,-1.E0));
#4125=VECTOR('',#4124,1.E0);
#4126=CARTESIAN_POINT('',(2.41E1,3.975E0,-1.18E1));
#4127=LINE('',#4126,#4125);
#4128=DIRECTION('',(0.E0,0.E0,1.E0));
#4129=VECTOR('',#4128,1.E0);
#4130=CARTESIAN_POINT('',(-2.5E1,3.975E0,-1.28E1));
#4131=LINE('',#4130,#4129);
#4132=DIRECTION('',(0.E0,0.E0,1.E0));
#4133=VECTOR('',#4132,1.E0);
#4134=CARTESIAN_POINT('',(-2.5E1,2.25E-1,-1.28E1));
#4135=LINE('',#4134,#4133);
#4136=DIRECTION('',(0.E0,0.E0,1.E0));
#4137=VECTOR('',#4136,1.E0);
#4138=CARTESIAN_POINT('',(2.5E1,2.25E-1,-1.28E1));
#4139=LINE('',#4138,#4137);
#4140=DIRECTION('',(0.E0,0.E0,1.E0));
#4141=VECTOR('',#4140,1.E0);
#4142=CARTESIAN_POINT('',(2.5E1,3.975E0,-1.28E1));
#4143=LINE('',#4142,#4141);
#4144=DIRECTION('',(0.E0,0.E0,-1.E0));
#4145=VECTOR('',#4144,1.E0);
#4146=CARTESIAN_POINT('',(-2.41E1,3.975E0,-1.18E1));
#4147=LINE('',#4146,#4145);
#4148=DIRECTION('',(0.E0,0.E0,-1.E0));
#4149=VECTOR('',#4148,1.E0);
#4150=CARTESIAN_POINT('',(-2.21E1,3.975E0,-1.18E1));
#4151=LINE('',#4150,#4149);
#4152=DIRECTION('',(0.E0,0.E0,-1.E0));
#4153=VECTOR('',#4152,1.E0);
#4154=CARTESIAN_POINT('',(-1.99E1,3.975E0,-1.18E1));
#4155=LINE('',#4154,#4153);
#4156=DIRECTION('',(0.E0,0.E0,-1.E0));
#4157=VECTOR('',#4156,1.E0);
#4158=CARTESIAN_POINT('',(-1.79E1,3.975E0,-1.18E1));
#4159=LINE('',#4158,#4157);
#4160=DIRECTION('',(0.E0,0.E0,-1.E0));
#4161=VECTOR('',#4160,1.E0);
#4162=CARTESIAN_POINT('',(-1.57E1,3.975E0,-1.18E1));
#4163=LINE('',#4162,#4161);
#4164=DIRECTION('',(0.E0,0.E0,-1.E0));
#4165=VECTOR('',#4164,1.E0);
#4166=CARTESIAN_POINT('',(-1.37E1,3.975E0,-1.18E1));
#4167=LINE('',#4166,#4165);
#4168=DIRECTION('',(0.E0,0.E0,-1.E0));
#4169=VECTOR('',#4168,1.E0);
#4170=CARTESIAN_POINT('',(-1.15E1,3.975E0,-1.18E1));
#4171=LINE('',#4170,#4169);
#4172=DIRECTION('',(0.E0,0.E0,-1.E0));
#4173=VECTOR('',#4172,1.E0);
#4174=CARTESIAN_POINT('',(-9.5E0,3.975E0,-1.18E1));
#4175=LINE('',#4174,#4173);
#4176=DIRECTION('',(0.E0,0.E0,-1.E0));
#4177=VECTOR('',#4176,1.E0);
#4178=CARTESIAN_POINT('',(-7.3E0,3.975E0,-1.18E1));
#4179=LINE('',#4178,#4177);
#4180=DIRECTION('',(0.E0,0.E0,-1.E0));
#4181=VECTOR('',#4180,1.E0);
#4182=CARTESIAN_POINT('',(-5.3E0,3.975E0,-1.18E1));
#4183=LINE('',#4182,#4181);
#4184=DIRECTION('',(0.E0,0.E0,-1.E0));
#4185=VECTOR('',#4184,1.E0);
#4186=CARTESIAN_POINT('',(-3.1E0,3.975E0,-1.18E1));
#4187=LINE('',#4186,#4185);
#4188=DIRECTION('',(0.E0,0.E0,-1.E0));
#4189=VECTOR('',#4188,1.E0);
#4190=CARTESIAN_POINT('',(-1.1E0,3.975E0,-1.18E1));
#4191=LINE('',#4190,#4189);
#4192=DIRECTION('',(0.E0,0.E0,-1.E0));
#4193=VECTOR('',#4192,1.E0);
#4194=CARTESIAN_POINT('',(1.1E0,3.975E0,-1.18E1));
#4195=LINE('',#4194,#4193);
#4196=DIRECTION('',(0.E0,0.E0,-1.E0));
#4197=VECTOR('',#4196,1.E0);
#4198=CARTESIAN_POINT('',(3.1E0,3.975E0,-1.18E1));
#4199=LINE('',#4198,#4197);
#4200=DIRECTION('',(0.E0,0.E0,-1.E0));
#4201=VECTOR('',#4200,1.E0);
#4202=CARTESIAN_POINT('',(5.3E0,3.975E0,-1.18E1));
#4203=LINE('',#4202,#4201);
#4204=DIRECTION('',(0.E0,0.E0,-1.E0));
#4205=VECTOR('',#4204,1.E0);
#4206=CARTESIAN_POINT('',(7.3E0,3.975E0,-1.18E1));
#4207=LINE('',#4206,#4205);
#4208=DIRECTION('',(0.E0,0.E0,-1.E0));
#4209=VECTOR('',#4208,1.E0);
#4210=CARTESIAN_POINT('',(9.5E0,3.975E0,-1.18E1));
#4211=LINE('',#4210,#4209);
#4212=DIRECTION('',(0.E0,0.E0,-1.E0));
#4213=VECTOR('',#4212,1.E0);
#4214=CARTESIAN_POINT('',(1.15E1,3.975E0,-1.18E1));
#4215=LINE('',#4214,#4213);
#4216=DIRECTION('',(0.E0,0.E0,-1.E0));
#4217=VECTOR('',#4216,1.E0);
#4218=CARTESIAN_POINT('',(1.37E1,3.975E0,-1.18E1));
#4219=LINE('',#4218,#4217);
#4220=DIRECTION('',(0.E0,0.E0,-1.E0));
#4221=VECTOR('',#4220,1.E0);
#4222=CARTESIAN_POINT('',(1.57E1,3.975E0,-1.18E1));
#4223=LINE('',#4222,#4221);
#4224=DIRECTION('',(0.E0,0.E0,-1.E0));
#4225=VECTOR('',#4224,1.E0);
#4226=CARTESIAN_POINT('',(1.79E1,3.975E0,-1.18E1));
#4227=LINE('',#4226,#4225);
#4228=DIRECTION('',(0.E0,0.E0,-1.E0));
#4229=VECTOR('',#4228,1.E0);
#4230=CARTESIAN_POINT('',(1.99E1,3.975E0,-1.18E1));
#4231=LINE('',#4230,#4229);
#4232=DIRECTION('',(0.E0,0.E0,-1.E0));
#4233=VECTOR('',#4232,1.E0);
#4234=CARTESIAN_POINT('',(2.21E1,3.975E0,-1.18E1));
#4235=LINE('',#4234,#4233);
#4236=DIRECTION('',(0.E0,0.E0,1.E0));
#4237=VECTOR('',#4236,1.28E1);
#4238=CARTESIAN_POINT('',(2.575E1,-4.8E0,-1.28E1));
#4239=LINE('',#4238,#4237);
#4240=DIRECTION('',(0.E0,1.E0,0.E0));
#4241=VECTOR('',#4240,1.3E0);
#4242=CARTESIAN_POINT('',(1.7E0,-6.1E0,-3.2E0));
#4243=LINE('',#4242,#4241);
#4244=DIRECTION('',(0.E0,0.E0,-1.E0));
#4245=VECTOR('',#4244,7.5E-1);
#4246=CARTESIAN_POINT('',(1.7E0,-6.1E0,-2.45E0));
#4247=LINE('',#4246,#4245);
#4248=DIRECTION('',(0.E0,-4.687158068994E-1,-8.833490206949E-1));
#4249=VECTOR('',#4248,2.773535649672E0);
#4250=CARTESIAN_POINT('',(1.7E0,-4.8E0,0.E0));
#4251=LINE('',#4250,#4249);
#4252=DIRECTION('',(1.E0,0.E0,0.E0));
#4253=VECTOR('',#4252,3.4E0);
#4254=CARTESIAN_POINT('',(-1.7E0,-6.1E0,-3.2E0));
#4255=LINE('',#4254,#4253);
#4256=DIRECTION('',(1.E0,0.E0,0.E0));
#4257=VECTOR('',#4256,3.4E0);
#4258=CARTESIAN_POINT('',(-1.7E0,-6.1E0,-2.45E0));
#4259=LINE('',#4258,#4257);
#4260=DIRECTION('',(0.E0,0.E0,-1.E0));
#4261=VECTOR('',#4260,1.E0);
#4262=CARTESIAN_POINT('',(2.41E1,-3.975E0,-1.18E1));
#4263=LINE('',#4262,#4261);
#4264=DIRECTION('',(0.E0,0.E0,-1.E0));
#4265=VECTOR('',#4264,1.E0);
#4266=CARTESIAN_POINT('',(2.21E1,-3.975E0,-1.18E1));
#4267=LINE('',#4266,#4265);
#4268=DIRECTION('',(0.E0,0.E0,-1.E0));
#4269=VECTOR('',#4268,1.E0);
#4270=CARTESIAN_POINT('',(1.99E1,-3.975E0,-1.18E1));
#4271=LINE('',#4270,#4269);
#4272=DIRECTION('',(0.E0,0.E0,-1.E0));
#4273=VECTOR('',#4272,1.E0);
#4274=CARTESIAN_POINT('',(1.79E1,-3.975E0,-1.18E1));
#4275=LINE('',#4274,#4273);
#4276=DIRECTION('',(0.E0,0.E0,-1.E0));
#4277=VECTOR('',#4276,1.E0);
#4278=CARTESIAN_POINT('',(1.57E1,-3.975E0,-1.18E1));
#4279=LINE('',#4278,#4277);
#4280=DIRECTION('',(0.E0,0.E0,-1.E0));
#4281=VECTOR('',#4280,1.E0);
#4282=CARTESIAN_POINT('',(1.37E1,-3.975E0,-1.18E1));
#4283=LINE('',#4282,#4281);
#4284=DIRECTION('',(0.E0,0.E0,-1.E0));
#4285=VECTOR('',#4284,1.E0);
#4286=CARTESIAN_POINT('',(1.15E1,-3.975E0,-1.18E1));
#4287=LINE('',#4286,#4285);
#4288=DIRECTION('',(0.E0,0.E0,-1.E0));
#4289=VECTOR('',#4288,1.E0);
#4290=CARTESIAN_POINT('',(9.5E0,-3.975E0,-1.18E1));
#4291=LINE('',#4290,#4289);
#4292=DIRECTION('',(0.E0,0.E0,-1.E0));
#4293=VECTOR('',#4292,1.E0);
#4294=CARTESIAN_POINT('',(7.3E0,-3.975E0,-1.18E1));
#4295=LINE('',#4294,#4293);
#4296=DIRECTION('',(0.E0,0.E0,-1.E0));
#4297=VECTOR('',#4296,1.E0);
#4298=CARTESIAN_POINT('',(5.3E0,-3.975E0,-1.18E1));
#4299=LINE('',#4298,#4297);
#4300=DIRECTION('',(0.E0,0.E0,-1.E0));
#4301=VECTOR('',#4300,1.E0);
#4302=CARTESIAN_POINT('',(3.1E0,-3.975E0,-1.18E1));
#4303=LINE('',#4302,#4301);
#4304=DIRECTION('',(0.E0,0.E0,-1.E0));
#4305=VECTOR('',#4304,1.E0);
#4306=CARTESIAN_POINT('',(1.1E0,-3.975E0,-1.18E1));
#4307=LINE('',#4306,#4305);
#4308=DIRECTION('',(0.E0,0.E0,-1.E0));
#4309=VECTOR('',#4308,1.E0);
#4310=CARTESIAN_POINT('',(-1.1E0,-3.975E0,-1.18E1));
#4311=LINE('',#4310,#4309);
#4312=DIRECTION('',(0.E0,0.E0,-1.E0));
#4313=VECTOR('',#4312,1.E0);
#4314=CARTESIAN_POINT('',(-3.1E0,-3.975E0,-1.18E1));
#4315=LINE('',#4314,#4313);
#4316=DIRECTION('',(0.E0,0.E0,-1.E0));
#4317=VECTOR('',#4316,1.E0);
#4318=CARTESIAN_POINT('',(-5.3E0,-3.975E0,-1.18E1));
#4319=LINE('',#4318,#4317);
#4320=DIRECTION('',(0.E0,0.E0,-1.E0));
#4321=VECTOR('',#4320,1.E0);
#4322=CARTESIAN_POINT('',(-7.3E0,-3.975E0,-1.18E1));
#4323=LINE('',#4322,#4321);
#4324=DIRECTION('',(0.E0,0.E0,-1.E0));
#4325=VECTOR('',#4324,1.E0);
#4326=CARTESIAN_POINT('',(-9.5E0,-3.975E0,-1.18E1));
#4327=LINE('',#4326,#4325);
#4328=DIRECTION('',(0.E0,0.E0,-1.E0));
#4329=VECTOR('',#4328,1.E0);
#4330=CARTESIAN_POINT('',(-1.15E1,-3.975E0,-1.18E1));
#4331=LINE('',#4330,#4329);
#4332=DIRECTION('',(0.E0,0.E0,-1.E0));
#4333=VECTOR('',#4332,1.E0);
#4334=CARTESIAN_POINT('',(-1.37E1,-3.975E0,-1.18E1));
#4335=LINE('',#4334,#4333);
#4336=DIRECTION('',(0.E0,0.E0,-1.E0));
#4337=VECTOR('',#4336,1.E0);
#4338=CARTESIAN_POINT('',(-1.57E1,-3.975E0,-1.18E1));
#4339=LINE('',#4338,#4337);
#4340=DIRECTION('',(0.E0,0.E0,-1.E0));
#4341=VECTOR('',#4340,1.E0);
#4342=CARTESIAN_POINT('',(-1.79E1,-3.975E0,-1.18E1));
#4343=LINE('',#4342,#4341);
#4344=DIRECTION('',(0.E0,0.E0,-1.E0));
#4345=VECTOR('',#4344,1.E0);
#4346=CARTESIAN_POINT('',(-2.21E1,-3.975E0,-1.18E1));
#4347=LINE('',#4346,#4345);
#4348=DIRECTION('',(0.E0,0.E0,-1.E0));
#4349=VECTOR('',#4348,1.E0);
#4350=CARTESIAN_POINT('',(-2.41E1,-3.975E0,-1.18E1));
#4351=LINE('',#4350,#4349);
#4352=DIRECTION('',(0.E0,0.E0,-1.E0));
#4353=VECTOR('',#4352,4.2E0);
#4354=CARTESIAN_POINT('',(-2.367E1,-3.025E0,-1.18E1));
#4355=LINE('',#4354,#4353);
#4356=DIRECTION('',(0.E0,0.E0,-1.E0));
#4357=VECTOR('',#4356,4.2E0);
#4358=CARTESIAN_POINT('',(-2.253E1,-3.025E0,-1.18E1));
#4359=LINE('',#4358,#4357);
#4360=DIRECTION('',(0.E0,0.E0,-1.E0));
#4361=VECTOR('',#4360,4.2E0);
#4362=CARTESIAN_POINT('',(-2.253E1,-2.475E0,-1.18E1));
#4363=LINE('',#4362,#4361);
#4364=DIRECTION('',(0.E0,0.E0,-1.E0));
#4365=VECTOR('',#4364,4.2E0);
#4366=CARTESIAN_POINT('',(-2.367E1,-2.475E0,-1.18E1));
#4367=LINE('',#4366,#4365);
#4368=DIRECTION('',(0.E0,1.E0,0.E0));
#4369=VECTOR('',#4368,5.5E-1);
#4370=CARTESIAN_POINT('',(-2.367E1,-3.025E0,-1.6E1));
#4371=LINE('',#4370,#4369);
#4372=DIRECTION('',(-1.E0,0.E0,0.E0));
#4373=VECTOR('',#4372,1.14E0);
#4374=CARTESIAN_POINT('',(-2.253E1,-3.025E0,-1.6E1));
#4375=LINE('',#4374,#4373);
#4376=DIRECTION('',(0.E0,-1.E0,0.E0));
#4377=VECTOR('',#4376,5.5E-1);
#4378=CARTESIAN_POINT('',(-2.253E1,-2.475E0,-1.6E1));
#4379=LINE('',#4378,#4377);
#4380=DIRECTION('',(1.E0,0.E0,0.E0));
#4381=VECTOR('',#4380,1.14E0);
#4382=CARTESIAN_POINT('',(-2.367E1,-2.475E0,-1.6E1));
#4383=LINE('',#4382,#4381);
#4384=DIRECTION('',(1.E0,0.E0,0.E0));
#4385=VECTOR('',#4384,1.14E0);
#4386=CARTESIAN_POINT('',(-2.367E1,3.025E0,-1.6E1));
#4387=LINE('',#4386,#4385);
#4388=DIRECTION('',(0.E0,1.E0,0.E0));
#4389=VECTOR('',#4388,5.5E-1);
#4390=CARTESIAN_POINT('',(-2.367E1,2.475E0,-1.6E1));
#4391=LINE('',#4390,#4389);
#4392=DIRECTION('',(-1.E0,0.E0,0.E0));
#4393=VECTOR('',#4392,1.14E0);
#4394=CARTESIAN_POINT('',(-2.253E1,2.475E0,-1.6E1));
#4395=LINE('',#4394,#4393);
#4396=DIRECTION('',(0.E0,-1.E0,0.E0));
#4397=VECTOR('',#4396,5.5E-1);
#4398=CARTESIAN_POINT('',(-2.253E1,3.025E0,-1.6E1));
#4399=LINE('',#4398,#4397);
#4400=DIRECTION('',(0.E0,0.E0,-1.E0));
#4401=VECTOR('',#4400,4.2E0);
#4402=CARTESIAN_POINT('',(-2.367E1,3.025E0,-1.18E1));
#4403=LINE('',#4402,#4401);
#4404=DIRECTION('',(0.E0,0.E0,-1.E0));
#4405=VECTOR('',#4404,4.2E0);
#4406=CARTESIAN_POINT('',(-2.367E1,2.475E0,-1.18E1));
#4407=LINE('',#4406,#4405);
#4408=DIRECTION('',(0.E0,0.E0,-1.E0));
#4409=VECTOR('',#4408,4.2E0);
#4410=CARTESIAN_POINT('',(-2.253E1,2.475E0,-1.18E1));
#4411=LINE('',#4410,#4409);
#4412=DIRECTION('',(0.E0,0.E0,-1.E0));
#4413=VECTOR('',#4412,4.2E0);
#4414=CARTESIAN_POINT('',(-2.253E1,3.025E0,-1.18E1));
#4415=LINE('',#4414,#4413);
#4416=DIRECTION('',(0.E0,0.E0,-1.E0));
#4417=VECTOR('',#4416,4.2E0);
#4418=CARTESIAN_POINT('',(-1.947E1,-3.025E0,-1.18E1));
#4419=LINE('',#4418,#4417);
#4420=DIRECTION('',(0.E0,0.E0,-1.E0));
#4421=VECTOR('',#4420,4.2E0);
#4422=CARTESIAN_POINT('',(-1.833E1,-3.025E0,-1.18E1));
#4423=LINE('',#4422,#4421);
#4424=DIRECTION('',(0.E0,0.E0,-1.E0));
#4425=VECTOR('',#4424,4.2E0);
#4426=CARTESIAN_POINT('',(-1.833E1,-2.475E0,-1.18E1));
#4427=LINE('',#4426,#4425);
#4428=DIRECTION('',(0.E0,0.E0,-1.E0));
#4429=VECTOR('',#4428,4.2E0);
#4430=CARTESIAN_POINT('',(-1.947E1,-2.475E0,-1.18E1));
#4431=LINE('',#4430,#4429);
#4432=DIRECTION('',(0.E0,1.E0,0.E0));
#4433=VECTOR('',#4432,5.5E-1);
#4434=CARTESIAN_POINT('',(-1.947E1,-3.025E0,-1.6E1));
#4435=LINE('',#4434,#4433);
#4436=DIRECTION('',(-1.E0,0.E0,0.E0));
#4437=VECTOR('',#4436,1.14E0);
#4438=CARTESIAN_POINT('',(-1.833E1,-3.025E0,-1.6E1));
#4439=LINE('',#4438,#4437);
#4440=DIRECTION('',(0.E0,-1.E0,0.E0));
#4441=VECTOR('',#4440,5.5E-1);
#4442=CARTESIAN_POINT('',(-1.833E1,-2.475E0,-1.6E1));
#4443=LINE('',#4442,#4441);
#4444=DIRECTION('',(1.E0,0.E0,0.E0));
#4445=VECTOR('',#4444,1.14E0);
#4446=CARTESIAN_POINT('',(-1.947E1,-2.475E0,-1.6E1));
#4447=LINE('',#4446,#4445);
#4448=DIRECTION('',(1.E0,0.E0,0.E0));
#4449=VECTOR('',#4448,1.14E0);
#4450=CARTESIAN_POINT('',(-1.947E1,3.025E0,-1.6E1));
#4451=LINE('',#4450,#4449);
#4452=DIRECTION('',(0.E0,1.E0,0.E0));
#4453=VECTOR('',#4452,5.5E-1);
#4454=CARTESIAN_POINT('',(-1.947E1,2.475E0,-1.6E1));
#4455=LINE('',#4454,#4453);
#4456=DIRECTION('',(-1.E0,0.E0,0.E0));
#4457=VECTOR('',#4456,1.14E0);
#4458=CARTESIAN_POINT('',(-1.833E1,2.475E0,-1.6E1));
#4459=LINE('',#4458,#4457);
#4460=DIRECTION('',(0.E0,-1.E0,0.E0));
#4461=VECTOR('',#4460,5.5E-1);
#4462=CARTESIAN_POINT('',(-1.833E1,3.025E0,-1.6E1));
#4463=LINE('',#4462,#4461);
#4464=DIRECTION('',(0.E0,0.E0,-1.E0));
#4465=VECTOR('',#4464,4.2E0);
#4466=CARTESIAN_POINT('',(-1.947E1,3.025E0,-1.18E1));
#4467=LINE('',#4466,#4465);
#4468=DIRECTION('',(0.E0,0.E0,-1.E0));
#4469=VECTOR('',#4468,4.2E0);
#4470=CARTESIAN_POINT('',(-1.947E1,2.475E0,-1.18E1));
#4471=LINE('',#4470,#4469);
#4472=DIRECTION('',(0.E0,0.E0,-1.E0));
#4473=VECTOR('',#4472,4.2E0);
#4474=CARTESIAN_POINT('',(-1.833E1,2.475E0,-1.18E1));
#4475=LINE('',#4474,#4473);
#4476=DIRECTION('',(0.E0,0.E0,-1.E0));
#4477=VECTOR('',#4476,4.2E0);
#4478=CARTESIAN_POINT('',(-1.833E1,3.025E0,-1.18E1));
#4479=LINE('',#4478,#4477);
#4480=DIRECTION('',(0.E0,0.E0,-1.E0));
#4481=VECTOR('',#4480,4.2E0);
#4482=CARTESIAN_POINT('',(-1.527E1,-3.025E0,-1.18E1));
#4483=LINE('',#4482,#4481);
#4484=DIRECTION('',(0.E0,0.E0,-1.E0));
#4485=VECTOR('',#4484,4.2E0);
#4486=CARTESIAN_POINT('',(-1.413E1,-3.025E0,-1.18E1));
#4487=LINE('',#4486,#4485);
#4488=DIRECTION('',(0.E0,0.E0,-1.E0));
#4489=VECTOR('',#4488,4.2E0);
#4490=CARTESIAN_POINT('',(-1.413E1,-2.475E0,-1.18E1));
#4491=LINE('',#4490,#4489);
#4492=DIRECTION('',(0.E0,0.E0,-1.E0));
#4493=VECTOR('',#4492,4.2E0);
#4494=CARTESIAN_POINT('',(-1.527E1,-2.475E0,-1.18E1));
#4495=LINE('',#4494,#4493);
#4496=DIRECTION('',(0.E0,1.E0,0.E0));
#4497=VECTOR('',#4496,5.5E-1);
#4498=CARTESIAN_POINT('',(-1.527E1,-3.025E0,-1.6E1));
#4499=LINE('',#4498,#4497);
#4500=DIRECTION('',(-1.E0,0.E0,0.E0));
#4501=VECTOR('',#4500,1.14E0);
#4502=CARTESIAN_POINT('',(-1.413E1,-3.025E0,-1.6E1));
#4503=LINE('',#4502,#4501);
#4504=DIRECTION('',(0.E0,-1.E0,0.E0));
#4505=VECTOR('',#4504,5.5E-1);
#4506=CARTESIAN_POINT('',(-1.413E1,-2.475E0,-1.6E1));
#4507=LINE('',#4506,#4505);
#4508=DIRECTION('',(1.E0,0.E0,0.E0));
#4509=VECTOR('',#4508,1.14E0);
#4510=CARTESIAN_POINT('',(-1.527E1,-2.475E0,-1.6E1));
#4511=LINE('',#4510,#4509);
#4512=DIRECTION('',(1.E0,0.E0,0.E0));
#4513=VECTOR('',#4512,1.14E0);
#4514=CARTESIAN_POINT('',(-1.527E1,3.025E0,-1.6E1));
#4515=LINE('',#4514,#4513);
#4516=DIRECTION('',(0.E0,1.E0,0.E0));
#4517=VECTOR('',#4516,5.5E-1);
#4518=CARTESIAN_POINT('',(-1.527E1,2.475E0,-1.6E1));
#4519=LINE('',#4518,#4517);
#4520=DIRECTION('',(-1.E0,0.E0,0.E0));
#4521=VECTOR('',#4520,1.14E0);
#4522=CARTESIAN_POINT('',(-1.413E1,2.475E0,-1.6E1));
#4523=LINE('',#4522,#4521);
#4524=DIRECTION('',(0.E0,-1.E0,0.E0));
#4525=VECTOR('',#4524,5.5E-1);
#4526=CARTESIAN_POINT('',(-1.413E1,3.025E0,-1.6E1));
#4527=LINE('',#4526,#4525);
#4528=DIRECTION('',(0.E0,0.E0,-1.E0));
#4529=VECTOR('',#4528,4.2E0);
#4530=CARTESIAN_POINT('',(-1.527E1,3.025E0,-1.18E1));
#4531=LINE('',#4530,#4529);
#4532=DIRECTION('',(0.E0,0.E0,-1.E0));
#4533=VECTOR('',#4532,4.2E0);
#4534=CARTESIAN_POINT('',(-1.527E1,2.475E0,-1.18E1));
#4535=LINE('',#4534,#4533);
#4536=DIRECTION('',(0.E0,0.E0,-1.E0));
#4537=VECTOR('',#4536,4.2E0);
#4538=CARTESIAN_POINT('',(-1.413E1,2.475E0,-1.18E1));
#4539=LINE('',#4538,#4537);
#4540=DIRECTION('',(0.E0,0.E0,-1.E0));
#4541=VECTOR('',#4540,4.2E0);
#4542=CARTESIAN_POINT('',(-1.413E1,3.025E0,-1.18E1));
#4543=LINE('',#4542,#4541);
#4544=DIRECTION('',(0.E0,0.E0,-1.E0));
#4545=VECTOR('',#4544,4.2E0);
#4546=CARTESIAN_POINT('',(-1.107E1,-3.025E0,-1.18E1));
#4547=LINE('',#4546,#4545);
#4548=DIRECTION('',(0.E0,0.E0,-1.E0));
#4549=VECTOR('',#4548,4.2E0);
#4550=CARTESIAN_POINT('',(-9.93E0,-3.025E0,-1.18E1));
#4551=LINE('',#4550,#4549);
#4552=DIRECTION('',(0.E0,0.E0,-1.E0));
#4553=VECTOR('',#4552,4.2E0);
#4554=CARTESIAN_POINT('',(-9.93E0,-2.475E0,-1.18E1));
#4555=LINE('',#4554,#4553);
#4556=DIRECTION('',(0.E0,0.E0,-1.E0));
#4557=VECTOR('',#4556,4.2E0);
#4558=CARTESIAN_POINT('',(-1.107E1,-2.475E0,-1.18E1));
#4559=LINE('',#4558,#4557);
#4560=DIRECTION('',(0.E0,1.E0,0.E0));
#4561=VECTOR('',#4560,5.5E-1);
#4562=CARTESIAN_POINT('',(-1.107E1,-3.025E0,-1.6E1));
#4563=LINE('',#4562,#4561);
#4564=DIRECTION('',(-1.E0,0.E0,0.E0));
#4565=VECTOR('',#4564,1.14E0);
#4566=CARTESIAN_POINT('',(-9.93E0,-3.025E0,-1.6E1));
#4567=LINE('',#4566,#4565);
#4568=DIRECTION('',(0.E0,-1.E0,0.E0));
#4569=VECTOR('',#4568,5.5E-1);
#4570=CARTESIAN_POINT('',(-9.93E0,-2.475E0,-1.6E1));
#4571=LINE('',#4570,#4569);
#4572=DIRECTION('',(1.E0,0.E0,0.E0));
#4573=VECTOR('',#4572,1.14E0);
#4574=CARTESIAN_POINT('',(-1.107E1,-2.475E0,-1.6E1));
#4575=LINE('',#4574,#4573);
#4576=DIRECTION('',(1.E0,0.E0,0.E0));
#4577=VECTOR('',#4576,1.14E0);
#4578=CARTESIAN_POINT('',(-1.107E1,3.025E0,-1.6E1));
#4579=LINE('',#4578,#4577);
#4580=DIRECTION('',(0.E0,1.E0,0.E0));
#4581=VECTOR('',#4580,5.5E-1);
#4582=CARTESIAN_POINT('',(-1.107E1,2.475E0,-1.6E1));
#4583=LINE('',#4582,#4581);
#4584=DIRECTION('',(-1.E0,0.E0,0.E0));
#4585=VECTOR('',#4584,1.14E0);
#4586=CARTESIAN_POINT('',(-9.93E0,2.475E0,-1.6E1));
#4587=LINE('',#4586,#4585);
#4588=DIRECTION('',(0.E0,-1.E0,0.E0));
#4589=VECTOR('',#4588,5.5E-1);
#4590=CARTESIAN_POINT('',(-9.93E0,3.025E0,-1.6E1));
#4591=LINE('',#4590,#4589);
#4592=DIRECTION('',(0.E0,0.E0,-1.E0));
#4593=VECTOR('',#4592,4.2E0);
#4594=CARTESIAN_POINT('',(-1.107E1,3.025E0,-1.18E1));
#4595=LINE('',#4594,#4593);
#4596=DIRECTION('',(0.E0,0.E0,-1.E0));
#4597=VECTOR('',#4596,4.2E0);
#4598=CARTESIAN_POINT('',(-1.107E1,2.475E0,-1.18E1));
#4599=LINE('',#4598,#4597);
#4600=DIRECTION('',(0.E0,0.E0,-1.E0));
#4601=VECTOR('',#4600,4.2E0);
#4602=CARTESIAN_POINT('',(-9.93E0,2.475E0,-1.18E1));
#4603=LINE('',#4602,#4601);
#4604=DIRECTION('',(0.E0,0.E0,-1.E0));
#4605=VECTOR('',#4604,4.2E0);
#4606=CARTESIAN_POINT('',(-9.93E0,3.025E0,-1.18E1));
#4607=LINE('',#4606,#4605);
#4608=DIRECTION('',(0.E0,0.E0,-1.E0));
#4609=VECTOR('',#4608,4.2E0);
#4610=CARTESIAN_POINT('',(-6.87E0,-3.025E0,-1.18E1));
#4611=LINE('',#4610,#4609);
#4612=DIRECTION('',(0.E0,0.E0,-1.E0));
#4613=VECTOR('',#4612,4.2E0);
#4614=CARTESIAN_POINT('',(-5.73E0,-3.025E0,-1.18E1));
#4615=LINE('',#4614,#4613);
#4616=DIRECTION('',(0.E0,0.E0,-1.E0));
#4617=VECTOR('',#4616,4.2E0);
#4618=CARTESIAN_POINT('',(-5.73E0,-2.475E0,-1.18E1));
#4619=LINE('',#4618,#4617);
#4620=DIRECTION('',(0.E0,0.E0,-1.E0));
#4621=VECTOR('',#4620,4.2E0);
#4622=CARTESIAN_POINT('',(-6.87E0,-2.475E0,-1.18E1));
#4623=LINE('',#4622,#4621);
#4624=DIRECTION('',(0.E0,1.E0,0.E0));
#4625=VECTOR('',#4624,5.5E-1);
#4626=CARTESIAN_POINT('',(-6.87E0,-3.025E0,-1.6E1));
#4627=LINE('',#4626,#4625);
#4628=DIRECTION('',(-1.E0,0.E0,0.E0));
#4629=VECTOR('',#4628,1.14E0);
#4630=CARTESIAN_POINT('',(-5.73E0,-3.025E0,-1.6E1));
#4631=LINE('',#4630,#4629);
#4632=DIRECTION('',(0.E0,-1.E0,0.E0));
#4633=VECTOR('',#4632,5.5E-1);
#4634=CARTESIAN_POINT('',(-5.73E0,-2.475E0,-1.6E1));
#4635=LINE('',#4634,#4633);
#4636=DIRECTION('',(1.E0,0.E0,0.E0));
#4637=VECTOR('',#4636,1.14E0);
#4638=CARTESIAN_POINT('',(-6.87E0,-2.475E0,-1.6E1));
#4639=LINE('',#4638,#4637);
#4640=DIRECTION('',(1.E0,0.E0,0.E0));
#4641=VECTOR('',#4640,1.14E0);
#4642=CARTESIAN_POINT('',(-6.87E0,3.025E0,-1.6E1));
#4643=LINE('',#4642,#4641);
#4644=DIRECTION('',(0.E0,1.E0,0.E0));
#4645=VECTOR('',#4644,5.5E-1);
#4646=CARTESIAN_POINT('',(-6.87E0,2.475E0,-1.6E1));
#4647=LINE('',#4646,#4645);
#4648=DIRECTION('',(-1.E0,0.E0,0.E0));
#4649=VECTOR('',#4648,1.14E0);
#4650=CARTESIAN_POINT('',(-5.73E0,2.475E0,-1.6E1));
#4651=LINE('',#4650,#4649);
#4652=DIRECTION('',(0.E0,-1.E0,0.E0));
#4653=VECTOR('',#4652,5.5E-1);
#4654=CARTESIAN_POINT('',(-5.73E0,3.025E0,-1.6E1));
#4655=LINE('',#4654,#4653);
#4656=DIRECTION('',(0.E0,0.E0,-1.E0));
#4657=VECTOR('',#4656,4.2E0);
#4658=CARTESIAN_POINT('',(-6.87E0,3.025E0,-1.18E1));
#4659=LINE('',#4658,#4657);
#4660=DIRECTION('',(0.E0,0.E0,-1.E0));
#4661=VECTOR('',#4660,4.2E0);
#4662=CARTESIAN_POINT('',(-6.87E0,2.475E0,-1.18E1));
#4663=LINE('',#4662,#4661);
#4664=DIRECTION('',(0.E0,0.E0,-1.E0));
#4665=VECTOR('',#4664,4.2E0);
#4666=CARTESIAN_POINT('',(-5.73E0,2.475E0,-1.18E1));
#4667=LINE('',#4666,#4665);
#4668=DIRECTION('',(0.E0,0.E0,-1.E0));
#4669=VECTOR('',#4668,4.2E0);
#4670=CARTESIAN_POINT('',(-5.73E0,3.025E0,-1.18E1));
#4671=LINE('',#4670,#4669);
#4672=DIRECTION('',(0.E0,0.E0,-1.E0));
#4673=VECTOR('',#4672,4.2E0);
#4674=CARTESIAN_POINT('',(-2.67E0,-3.025E0,-1.18E1));
#4675=LINE('',#4674,#4673);
#4676=DIRECTION('',(0.E0,0.E0,-1.E0));
#4677=VECTOR('',#4676,4.2E0);
#4678=CARTESIAN_POINT('',(-1.53E0,-3.025E0,-1.18E1));
#4679=LINE('',#4678,#4677);
#4680=DIRECTION('',(0.E0,0.E0,-1.E0));
#4681=VECTOR('',#4680,4.2E0);
#4682=CARTESIAN_POINT('',(-1.53E0,-2.475E0,-1.18E1));
#4683=LINE('',#4682,#4681);
#4684=DIRECTION('',(0.E0,0.E0,-1.E0));
#4685=VECTOR('',#4684,4.2E0);
#4686=CARTESIAN_POINT('',(-2.67E0,-2.475E0,-1.18E1));
#4687=LINE('',#4686,#4685);
#4688=DIRECTION('',(0.E0,1.E0,0.E0));
#4689=VECTOR('',#4688,5.5E-1);
#4690=CARTESIAN_POINT('',(-2.67E0,-3.025E0,-1.6E1));
#4691=LINE('',#4690,#4689);
#4692=DIRECTION('',(-1.E0,0.E0,0.E0));
#4693=VECTOR('',#4692,1.14E0);
#4694=CARTESIAN_POINT('',(-1.53E0,-3.025E0,-1.6E1));
#4695=LINE('',#4694,#4693);
#4696=DIRECTION('',(0.E0,-1.E0,0.E0));
#4697=VECTOR('',#4696,5.5E-1);
#4698=CARTESIAN_POINT('',(-1.53E0,-2.475E0,-1.6E1));
#4699=LINE('',#4698,#4697);
#4700=DIRECTION('',(1.E0,0.E0,0.E0));
#4701=VECTOR('',#4700,1.14E0);
#4702=CARTESIAN_POINT('',(-2.67E0,-2.475E0,-1.6E1));
#4703=LINE('',#4702,#4701);
#4704=DIRECTION('',(1.E0,0.E0,0.E0));
#4705=VECTOR('',#4704,1.14E0);
#4706=CARTESIAN_POINT('',(-2.67E0,3.025E0,-1.6E1));
#4707=LINE('',#4706,#4705);
#4708=DIRECTION('',(0.E0,1.E0,0.E0));
#4709=VECTOR('',#4708,5.5E-1);
#4710=CARTESIAN_POINT('',(-2.67E0,2.475E0,-1.6E1));
#4711=LINE('',#4710,#4709);
#4712=DIRECTION('',(-1.E0,0.E0,0.E0));
#4713=VECTOR('',#4712,1.14E0);
#4714=CARTESIAN_POINT('',(-1.53E0,2.475E0,-1.6E1));
#4715=LINE('',#4714,#4713);
#4716=DIRECTION('',(0.E0,-1.E0,0.E0));
#4717=VECTOR('',#4716,5.5E-1);
#4718=CARTESIAN_POINT('',(-1.53E0,3.025E0,-1.6E1));
#4719=LINE('',#4718,#4717);
#4720=DIRECTION('',(0.E0,0.E0,-1.E0));
#4721=VECTOR('',#4720,4.2E0);
#4722=CARTESIAN_POINT('',(-2.67E0,3.025E0,-1.18E1));
#4723=LINE('',#4722,#4721);
#4724=DIRECTION('',(0.E0,0.E0,-1.E0));
#4725=VECTOR('',#4724,4.2E0);
#4726=CARTESIAN_POINT('',(-2.67E0,2.475E0,-1.18E1));
#4727=LINE('',#4726,#4725);
#4728=DIRECTION('',(0.E0,0.E0,-1.E0));
#4729=VECTOR('',#4728,4.2E0);
#4730=CARTESIAN_POINT('',(-1.53E0,2.475E0,-1.18E1));
#4731=LINE('',#4730,#4729);
#4732=DIRECTION('',(0.E0,0.E0,-1.E0));
#4733=VECTOR('',#4732,4.2E0);
#4734=CARTESIAN_POINT('',(-1.53E0,3.025E0,-1.18E1));
#4735=LINE('',#4734,#4733);
#4736=DIRECTION('',(0.E0,0.E0,-1.E0));
#4737=VECTOR('',#4736,4.2E0);
#4738=CARTESIAN_POINT('',(1.53E0,-3.025E0,-1.18E1));
#4739=LINE('',#4738,#4737);
#4740=DIRECTION('',(0.E0,0.E0,-1.E0));
#4741=VECTOR('',#4740,4.2E0);
#4742=CARTESIAN_POINT('',(2.67E0,-3.025E0,-1.18E1));
#4743=LINE('',#4742,#4741);
#4744=DIRECTION('',(0.E0,0.E0,-1.E0));
#4745=VECTOR('',#4744,4.2E0);
#4746=CARTESIAN_POINT('',(2.67E0,-2.475E0,-1.18E1));
#4747=LINE('',#4746,#4745);
#4748=DIRECTION('',(0.E0,0.E0,-1.E0));
#4749=VECTOR('',#4748,4.2E0);
#4750=CARTESIAN_POINT('',(1.53E0,-2.475E0,-1.18E1));
#4751=LINE('',#4750,#4749);
#4752=DIRECTION('',(0.E0,1.E0,0.E0));
#4753=VECTOR('',#4752,5.5E-1);
#4754=CARTESIAN_POINT('',(1.53E0,-3.025E0,-1.6E1));
#4755=LINE('',#4754,#4753);
#4756=DIRECTION('',(-1.E0,0.E0,0.E0));
#4757=VECTOR('',#4756,1.14E0);
#4758=CARTESIAN_POINT('',(2.67E0,-3.025E0,-1.6E1));
#4759=LINE('',#4758,#4757);
#4760=DIRECTION('',(0.E0,-1.E0,0.E0));
#4761=VECTOR('',#4760,5.5E-1);
#4762=CARTESIAN_POINT('',(2.67E0,-2.475E0,-1.6E1));
#4763=LINE('',#4762,#4761);
#4764=DIRECTION('',(1.E0,0.E0,0.E0));
#4765=VECTOR('',#4764,1.14E0);
#4766=CARTESIAN_POINT('',(1.53E0,-2.475E0,-1.6E1));
#4767=LINE('',#4766,#4765);
#4768=DIRECTION('',(1.E0,0.E0,0.E0));
#4769=VECTOR('',#4768,1.14E0);
#4770=CARTESIAN_POINT('',(1.53E0,3.025E0,-1.6E1));
#4771=LINE('',#4770,#4769);
#4772=DIRECTION('',(0.E0,1.E0,0.E0));
#4773=VECTOR('',#4772,5.5E-1);
#4774=CARTESIAN_POINT('',(1.53E0,2.475E0,-1.6E1));
#4775=LINE('',#4774,#4773);
#4776=DIRECTION('',(-1.E0,0.E0,0.E0));
#4777=VECTOR('',#4776,1.14E0);
#4778=CARTESIAN_POINT('',(2.67E0,2.475E0,-1.6E1));
#4779=LINE('',#4778,#4777);
#4780=DIRECTION('',(0.E0,-1.E0,0.E0));
#4781=VECTOR('',#4780,5.5E-1);
#4782=CARTESIAN_POINT('',(2.67E0,3.025E0,-1.6E1));
#4783=LINE('',#4782,#4781);
#4784=DIRECTION('',(0.E0,0.E0,-1.E0));
#4785=VECTOR('',#4784,4.2E0);
#4786=CARTESIAN_POINT('',(1.53E0,3.025E0,-1.18E1));
#4787=LINE('',#4786,#4785);
#4788=DIRECTION('',(0.E0,0.E0,-1.E0));
#4789=VECTOR('',#4788,4.2E0);
#4790=CARTESIAN_POINT('',(1.53E0,2.475E0,-1.18E1));
#4791=LINE('',#4790,#4789);
#4792=DIRECTION('',(0.E0,0.E0,-1.E0));
#4793=VECTOR('',#4792,4.2E0);
#4794=CARTESIAN_POINT('',(2.67E0,2.475E0,-1.18E1));
#4795=LINE('',#4794,#4793);
#4796=DIRECTION('',(0.E0,0.E0,-1.E0));
#4797=VECTOR('',#4796,4.2E0);
#4798=CARTESIAN_POINT('',(2.67E0,3.025E0,-1.18E1));
#4799=LINE('',#4798,#4797);
#4800=DIRECTION('',(0.E0,0.E0,-1.E0));
#4801=VECTOR('',#4800,4.2E0);
#4802=CARTESIAN_POINT('',(5.73E0,-3.025E0,-1.18E1));
#4803=LINE('',#4802,#4801);
#4804=DIRECTION('',(0.E0,0.E0,-1.E0));
#4805=VECTOR('',#4804,4.2E0);
#4806=CARTESIAN_POINT('',(6.87E0,-3.025E0,-1.18E1));
#4807=LINE('',#4806,#4805);
#4808=DIRECTION('',(0.E0,0.E0,-1.E0));
#4809=VECTOR('',#4808,4.2E0);
#4810=CARTESIAN_POINT('',(6.87E0,-2.475E0,-1.18E1));
#4811=LINE('',#4810,#4809);
#4812=DIRECTION('',(0.E0,0.E0,-1.E0));
#4813=VECTOR('',#4812,4.2E0);
#4814=CARTESIAN_POINT('',(5.73E0,-2.475E0,-1.18E1));
#4815=LINE('',#4814,#4813);
#4816=DIRECTION('',(0.E0,1.E0,0.E0));
#4817=VECTOR('',#4816,5.5E-1);
#4818=CARTESIAN_POINT('',(5.73E0,-3.025E0,-1.6E1));
#4819=LINE('',#4818,#4817);
#4820=DIRECTION('',(-1.E0,0.E0,0.E0));
#4821=VECTOR('',#4820,1.14E0);
#4822=CARTESIAN_POINT('',(6.87E0,-3.025E0,-1.6E1));
#4823=LINE('',#4822,#4821);
#4824=DIRECTION('',(0.E0,-1.E0,0.E0));
#4825=VECTOR('',#4824,5.5E-1);
#4826=CARTESIAN_POINT('',(6.87E0,-2.475E0,-1.6E1));
#4827=LINE('',#4826,#4825);
#4828=DIRECTION('',(1.E0,0.E0,0.E0));
#4829=VECTOR('',#4828,1.14E0);
#4830=CARTESIAN_POINT('',(5.73E0,-2.475E0,-1.6E1));
#4831=LINE('',#4830,#4829);
#4832=DIRECTION('',(1.E0,0.E0,0.E0));
#4833=VECTOR('',#4832,1.14E0);
#4834=CARTESIAN_POINT('',(5.73E0,3.025E0,-1.6E1));
#4835=LINE('',#4834,#4833);
#4836=DIRECTION('',(0.E0,1.E0,0.E0));
#4837=VECTOR('',#4836,5.5E-1);
#4838=CARTESIAN_POINT('',(5.73E0,2.475E0,-1.6E1));
#4839=LINE('',#4838,#4837);
#4840=DIRECTION('',(-1.E0,0.E0,0.E0));
#4841=VECTOR('',#4840,1.14E0);
#4842=CARTESIAN_POINT('',(6.87E0,2.475E0,-1.6E1));
#4843=LINE('',#4842,#4841);
#4844=DIRECTION('',(0.E0,-1.E0,0.E0));
#4845=VECTOR('',#4844,5.5E-1);
#4846=CARTESIAN_POINT('',(6.87E0,3.025E0,-1.6E1));
#4847=LINE('',#4846,#4845);
#4848=DIRECTION('',(0.E0,0.E0,-1.E0));
#4849=VECTOR('',#4848,4.2E0);
#4850=CARTESIAN_POINT('',(5.73E0,3.025E0,-1.18E1));
#4851=LINE('',#4850,#4849);
#4852=DIRECTION('',(0.E0,0.E0,-1.E0));
#4853=VECTOR('',#4852,4.2E0);
#4854=CARTESIAN_POINT('',(5.73E0,2.475E0,-1.18E1));
#4855=LINE('',#4854,#4853);
#4856=DIRECTION('',(0.E0,0.E0,-1.E0));
#4857=VECTOR('',#4856,4.2E0);
#4858=CARTESIAN_POINT('',(6.87E0,2.475E0,-1.18E1));
#4859=LINE('',#4858,#4857);
#4860=DIRECTION('',(0.E0,0.E0,-1.E0));
#4861=VECTOR('',#4860,4.2E0);
#4862=CARTESIAN_POINT('',(6.87E0,3.025E0,-1.18E1));
#4863=LINE('',#4862,#4861);
#4864=DIRECTION('',(0.E0,0.E0,-1.E0));
#4865=VECTOR('',#4864,4.2E0);
#4866=CARTESIAN_POINT('',(9.93E0,-3.025E0,-1.18E1));
#4867=LINE('',#4866,#4865);
#4868=DIRECTION('',(0.E0,0.E0,-1.E0));
#4869=VECTOR('',#4868,4.2E0);
#4870=CARTESIAN_POINT('',(1.107E1,-3.025E0,-1.18E1));
#4871=LINE('',#4870,#4869);
#4872=DIRECTION('',(0.E0,0.E0,-1.E0));
#4873=VECTOR('',#4872,4.2E0);
#4874=CARTESIAN_POINT('',(1.107E1,-2.475E0,-1.18E1));
#4875=LINE('',#4874,#4873);
#4876=DIRECTION('',(0.E0,0.E0,-1.E0));
#4877=VECTOR('',#4876,4.2E0);
#4878=CARTESIAN_POINT('',(9.93E0,-2.475E0,-1.18E1));
#4879=LINE('',#4878,#4877);
#4880=DIRECTION('',(0.E0,1.E0,0.E0));
#4881=VECTOR('',#4880,5.5E-1);
#4882=CARTESIAN_POINT('',(9.93E0,-3.025E0,-1.6E1));
#4883=LINE('',#4882,#4881);
#4884=DIRECTION('',(-1.E0,0.E0,0.E0));
#4885=VECTOR('',#4884,1.14E0);
#4886=CARTESIAN_POINT('',(1.107E1,-3.025E0,-1.6E1));
#4887=LINE('',#4886,#4885);
#4888=DIRECTION('',(0.E0,-1.E0,0.E0));
#4889=VECTOR('',#4888,5.5E-1);
#4890=CARTESIAN_POINT('',(1.107E1,-2.475E0,-1.6E1));
#4891=LINE('',#4890,#4889);
#4892=DIRECTION('',(1.E0,0.E0,0.E0));
#4893=VECTOR('',#4892,1.14E0);
#4894=CARTESIAN_POINT('',(9.93E0,-2.475E0,-1.6E1));
#4895=LINE('',#4894,#4893);
#4896=DIRECTION('',(1.E0,0.E0,0.E0));
#4897=VECTOR('',#4896,1.14E0);
#4898=CARTESIAN_POINT('',(9.93E0,3.025E0,-1.6E1));
#4899=LINE('',#4898,#4897);
#4900=DIRECTION('',(0.E0,1.E0,0.E0));
#4901=VECTOR('',#4900,5.5E-1);
#4902=CARTESIAN_POINT('',(9.93E0,2.475E0,-1.6E1));
#4903=LINE('',#4902,#4901);
#4904=DIRECTION('',(-1.E0,0.E0,0.E0));
#4905=VECTOR('',#4904,1.14E0);
#4906=CARTESIAN_POINT('',(1.107E1,2.475E0,-1.6E1));
#4907=LINE('',#4906,#4905);
#4908=DIRECTION('',(0.E0,-1.E0,0.E0));
#4909=VECTOR('',#4908,5.5E-1);
#4910=CARTESIAN_POINT('',(1.107E1,3.025E0,-1.6E1));
#4911=LINE('',#4910,#4909);
#4912=DIRECTION('',(0.E0,0.E0,-1.E0));
#4913=VECTOR('',#4912,4.2E0);
#4914=CARTESIAN_POINT('',(9.93E0,3.025E0,-1.18E1));
#4915=LINE('',#4914,#4913);
#4916=DIRECTION('',(0.E0,0.E0,-1.E0));
#4917=VECTOR('',#4916,4.2E0);
#4918=CARTESIAN_POINT('',(9.93E0,2.475E0,-1.18E1));
#4919=LINE('',#4918,#4917);
#4920=DIRECTION('',(0.E0,0.E0,-1.E0));
#4921=VECTOR('',#4920,4.2E0);
#4922=CARTESIAN_POINT('',(1.107E1,2.475E0,-1.18E1));
#4923=LINE('',#4922,#4921);
#4924=DIRECTION('',(0.E0,0.E0,-1.E0));
#4925=VECTOR('',#4924,4.2E0);
#4926=CARTESIAN_POINT('',(1.107E1,3.025E0,-1.18E1));
#4927=LINE('',#4926,#4925);
#4928=DIRECTION('',(0.E0,0.E0,-1.E0));
#4929=VECTOR('',#4928,4.2E0);
#4930=CARTESIAN_POINT('',(1.413E1,-3.025E0,-1.18E1));
#4931=LINE('',#4930,#4929);
#4932=DIRECTION('',(0.E0,0.E0,-1.E0));
#4933=VECTOR('',#4932,4.2E0);
#4934=CARTESIAN_POINT('',(1.527E1,-3.025E0,-1.18E1));
#4935=LINE('',#4934,#4933);
#4936=DIRECTION('',(0.E0,0.E0,-1.E0));
#4937=VECTOR('',#4936,4.2E0);
#4938=CARTESIAN_POINT('',(1.527E1,-2.475E0,-1.18E1));
#4939=LINE('',#4938,#4937);
#4940=DIRECTION('',(0.E0,0.E0,-1.E0));
#4941=VECTOR('',#4940,4.2E0);
#4942=CARTESIAN_POINT('',(1.413E1,-2.475E0,-1.18E1));
#4943=LINE('',#4942,#4941);
#4944=DIRECTION('',(0.E0,1.E0,0.E0));
#4945=VECTOR('',#4944,5.5E-1);
#4946=CARTESIAN_POINT('',(1.413E1,-3.025E0,-1.6E1));
#4947=LINE('',#4946,#4945);
#4948=DIRECTION('',(-1.E0,0.E0,0.E0));
#4949=VECTOR('',#4948,1.14E0);
#4950=CARTESIAN_POINT('',(1.527E1,-3.025E0,-1.6E1));
#4951=LINE('',#4950,#4949);
#4952=DIRECTION('',(0.E0,-1.E0,0.E0));
#4953=VECTOR('',#4952,5.5E-1);
#4954=CARTESIAN_POINT('',(1.527E1,-2.475E0,-1.6E1));
#4955=LINE('',#4954,#4953);
#4956=DIRECTION('',(1.E0,0.E0,0.E0));
#4957=VECTOR('',#4956,1.14E0);
#4958=CARTESIAN_POINT('',(1.413E1,-2.475E0,-1.6E1));
#4959=LINE('',#4958,#4957);
#4960=DIRECTION('',(1.E0,0.E0,0.E0));
#4961=VECTOR('',#4960,1.14E0);
#4962=CARTESIAN_POINT('',(1.413E1,3.025E0,-1.6E1));
#4963=LINE('',#4962,#4961);
#4964=DIRECTION('',(0.E0,1.E0,0.E0));
#4965=VECTOR('',#4964,5.5E-1);
#4966=CARTESIAN_POINT('',(1.413E1,2.475E0,-1.6E1));
#4967=LINE('',#4966,#4965);
#4968=DIRECTION('',(-1.E0,0.E0,0.E0));
#4969=VECTOR('',#4968,1.14E0);
#4970=CARTESIAN_POINT('',(1.527E1,2.475E0,-1.6E1));
#4971=LINE('',#4970,#4969);
#4972=DIRECTION('',(0.E0,-1.E0,0.E0));
#4973=VECTOR('',#4972,5.5E-1);
#4974=CARTESIAN_POINT('',(1.527E1,3.025E0,-1.6E1));
#4975=LINE('',#4974,#4973);
#4976=DIRECTION('',(0.E0,0.E0,-1.E0));
#4977=VECTOR('',#4976,4.2E0);
#4978=CARTESIAN_POINT('',(1.413E1,3.025E0,-1.18E1));
#4979=LINE('',#4978,#4977);
#4980=DIRECTION('',(0.E0,0.E0,-1.E0));
#4981=VECTOR('',#4980,4.2E0);
#4982=CARTESIAN_POINT('',(1.413E1,2.475E0,-1.18E1));
#4983=LINE('',#4982,#4981);
#4984=DIRECTION('',(0.E0,0.E0,-1.E0));
#4985=VECTOR('',#4984,4.2E0);
#4986=CARTESIAN_POINT('',(1.527E1,2.475E0,-1.18E1));
#4987=LINE('',#4986,#4985);
#4988=DIRECTION('',(0.E0,0.E0,-1.E0));
#4989=VECTOR('',#4988,4.2E0);
#4990=CARTESIAN_POINT('',(1.527E1,3.025E0,-1.18E1));
#4991=LINE('',#4990,#4989);
#4992=DIRECTION('',(0.E0,0.E0,-1.E0));
#4993=VECTOR('',#4992,4.2E0);
#4994=CARTESIAN_POINT('',(1.833E1,-3.025E0,-1.18E1));
#4995=LINE('',#4994,#4993);
#4996=DIRECTION('',(0.E0,0.E0,-1.E0));
#4997=VECTOR('',#4996,4.2E0);
#4998=CARTESIAN_POINT('',(1.947E1,-3.025E0,-1.18E1));
#4999=LINE('',#4998,#4997);
#5000=DIRECTION('',(0.E0,0.E0,-1.E0));
#5001=VECTOR('',#5000,4.2E0);
#5002=CARTESIAN_POINT('',(1.947E1,-2.475E0,-1.18E1));
#5003=LINE('',#5002,#5001);
#5004=DIRECTION('',(0.E0,0.E0,-1.E0));
#5005=VECTOR('',#5004,4.2E0);
#5006=CARTESIAN_POINT('',(1.833E1,-2.475E0,-1.18E1));
#5007=LINE('',#5006,#5005);
#5008=DIRECTION('',(0.E0,1.E0,0.E0));
#5009=VECTOR('',#5008,5.5E-1);
#5010=CARTESIAN_POINT('',(1.833E1,-3.025E0,-1.6E1));
#5011=LINE('',#5010,#5009);
#5012=DIRECTION('',(-1.E0,0.E0,0.E0));
#5013=VECTOR('',#5012,1.14E0);
#5014=CARTESIAN_POINT('',(1.947E1,-3.025E0,-1.6E1));
#5015=LINE('',#5014,#5013);
#5016=DIRECTION('',(0.E0,-1.E0,0.E0));
#5017=VECTOR('',#5016,5.5E-1);
#5018=CARTESIAN_POINT('',(1.947E1,-2.475E0,-1.6E1));
#5019=LINE('',#5018,#5017);
#5020=DIRECTION('',(1.E0,0.E0,0.E0));
#5021=VECTOR('',#5020,1.14E0);
#5022=CARTESIAN_POINT('',(1.833E1,-2.475E0,-1.6E1));
#5023=LINE('',#5022,#5021);
#5024=DIRECTION('',(1.E0,0.E0,0.E0));
#5025=VECTOR('',#5024,1.14E0);
#5026=CARTESIAN_POINT('',(1.833E1,3.025E0,-1.6E1));
#5027=LINE('',#5026,#5025);
#5028=DIRECTION('',(0.E0,1.E0,0.E0));
#5029=VECTOR('',#5028,5.5E-1);
#5030=CARTESIAN_POINT('',(1.833E1,2.475E0,-1.6E1));
#5031=LINE('',#5030,#5029);
#5032=DIRECTION('',(-1.E0,0.E0,0.E0));
#5033=VECTOR('',#5032,1.14E0);
#5034=CARTESIAN_POINT('',(1.947E1,2.475E0,-1.6E1));
#5035=LINE('',#5034,#5033);
#5036=DIRECTION('',(0.E0,-1.E0,0.E0));
#5037=VECTOR('',#5036,5.5E-1);
#5038=CARTESIAN_POINT('',(1.947E1,3.025E0,-1.6E1));
#5039=LINE('',#5038,#5037);
#5040=DIRECTION('',(0.E0,0.E0,-1.E0));
#5041=VECTOR('',#5040,4.2E0);
#5042=CARTESIAN_POINT('',(1.833E1,3.025E0,-1.18E1));
#5043=LINE('',#5042,#5041);
#5044=DIRECTION('',(0.E0,0.E0,-1.E0));
#5045=VECTOR('',#5044,4.2E0);
#5046=CARTESIAN_POINT('',(1.833E1,2.475E0,-1.18E1));
#5047=LINE('',#5046,#5045);
#5048=DIRECTION('',(0.E0,0.E0,-1.E0));
#5049=VECTOR('',#5048,4.2E0);
#5050=CARTESIAN_POINT('',(1.947E1,2.475E0,-1.18E1));
#5051=LINE('',#5050,#5049);
#5052=DIRECTION('',(0.E0,0.E0,-1.E0));
#5053=VECTOR('',#5052,4.2E0);
#5054=CARTESIAN_POINT('',(1.947E1,3.025E0,-1.18E1));
#5055=LINE('',#5054,#5053);
#5056=DIRECTION('',(0.E0,0.E0,-1.E0));
#5057=VECTOR('',#5056,4.2E0);
#5058=CARTESIAN_POINT('',(2.253E1,-3.025E0,-1.18E1));
#5059=LINE('',#5058,#5057);
#5060=DIRECTION('',(0.E0,0.E0,-1.E0));
#5061=VECTOR('',#5060,4.2E0);
#5062=CARTESIAN_POINT('',(2.367E1,-3.025E0,-1.18E1));
#5063=LINE('',#5062,#5061);
#5064=DIRECTION('',(0.E0,0.E0,-1.E0));
#5065=VECTOR('',#5064,4.2E0);
#5066=CARTESIAN_POINT('',(2.367E1,-2.475E0,-1.18E1));
#5067=LINE('',#5066,#5065);
#5068=DIRECTION('',(0.E0,0.E0,-1.E0));
#5069=VECTOR('',#5068,4.2E0);
#5070=CARTESIAN_POINT('',(2.253E1,-2.475E0,-1.18E1));
#5071=LINE('',#5070,#5069);
#5072=DIRECTION('',(0.E0,1.E0,0.E0));
#5073=VECTOR('',#5072,5.5E-1);
#5074=CARTESIAN_POINT('',(2.253E1,-3.025E0,-1.6E1));
#5075=LINE('',#5074,#5073);
#5076=DIRECTION('',(-1.E0,0.E0,0.E0));
#5077=VECTOR('',#5076,1.14E0);
#5078=CARTESIAN_POINT('',(2.367E1,-3.025E0,-1.6E1));
#5079=LINE('',#5078,#5077);
#5080=DIRECTION('',(0.E0,-1.E0,0.E0));
#5081=VECTOR('',#5080,5.5E-1);
#5082=CARTESIAN_POINT('',(2.367E1,-2.475E0,-1.6E1));
#5083=LINE('',#5082,#5081);
#5084=DIRECTION('',(1.E0,0.E0,0.E0));
#5085=VECTOR('',#5084,1.14E0);
#5086=CARTESIAN_POINT('',(2.253E1,-2.475E0,-1.6E1));
#5087=LINE('',#5086,#5085);
#5088=DIRECTION('',(1.E0,0.E0,0.E0));
#5089=VECTOR('',#5088,1.14E0);
#5090=CARTESIAN_POINT('',(2.253E1,3.025E0,-1.6E1));
#5091=LINE('',#5090,#5089);
#5092=DIRECTION('',(0.E0,1.E0,0.E0));
#5093=VECTOR('',#5092,5.5E-1);
#5094=CARTESIAN_POINT('',(2.253E1,2.475E0,-1.6E1));
#5095=LINE('',#5094,#5093);
#5096=DIRECTION('',(-1.E0,0.E0,0.E0));
#5097=VECTOR('',#5096,1.14E0);
#5098=CARTESIAN_POINT('',(2.367E1,2.475E0,-1.6E1));
#5099=LINE('',#5098,#5097);
#5100=DIRECTION('',(0.E0,-1.E0,0.E0));
#5101=VECTOR('',#5100,5.5E-1);
#5102=CARTESIAN_POINT('',(2.367E1,3.025E0,-1.6E1));
#5103=LINE('',#5102,#5101);
#5104=DIRECTION('',(0.E0,0.E0,-1.E0));
#5105=VECTOR('',#5104,4.2E0);
#5106=CARTESIAN_POINT('',(2.253E1,3.025E0,-1.18E1));
#5107=LINE('',#5106,#5105);
#5108=DIRECTION('',(0.E0,0.E0,-1.E0));
#5109=VECTOR('',#5108,4.2E0);
#5110=CARTESIAN_POINT('',(2.253E1,2.475E0,-1.18E1));
#5111=LINE('',#5110,#5109);
#5112=DIRECTION('',(0.E0,0.E0,-1.E0));
#5113=VECTOR('',#5112,4.2E0);
#5114=CARTESIAN_POINT('',(2.367E1,2.475E0,-1.18E1));
#5115=LINE('',#5114,#5113);
#5116=DIRECTION('',(0.E0,0.E0,-1.E0));
#5117=VECTOR('',#5116,4.2E0);
#5118=CARTESIAN_POINT('',(2.367E1,3.025E0,-1.18E1));
#5119=LINE('',#5118,#5117);
#5120=CARTESIAN_POINT('',(2.575E1,-4.8E0,-1.28E1));
#5121=CARTESIAN_POINT('',(2.575E1,4.8E0,-1.28E1));
#5122=VERTEX_POINT('',#5120);
#5123=VERTEX_POINT('',#5121);
#5124=CARTESIAN_POINT('',(2.575E1,-4.8E0,0.E0));
#5125=CARTESIAN_POINT('',(2.575E1,4.8E0,0.E0));
#5126=VERTEX_POINT('',#5124);
#5127=VERTEX_POINT('',#5125);
#5128=CARTESIAN_POINT('',(-2.575E1,4.8E0,0.E0));
#5129=VERTEX_POINT('',#5128);
#5130=CARTESIAN_POINT('',(-2.575E1,4.8E0,-1.28E1));
#5131=VERTEX_POINT('',#5130);
#5132=CARTESIAN_POINT('',(-2.575E1,-4.8E0,-1.28E1));
#5133=CARTESIAN_POINT('',(-2.575E1,-4.8E0,0.E0));
#5134=VERTEX_POINT('',#5132);
#5135=VERTEX_POINT('',#5133);
#5136=CARTESIAN_POINT('',(-2.5E1,3.975E0,-9.05E0));
#5137=CARTESIAN_POINT('',(-2.5E1,2.25E-1,-9.05E0));
#5138=VERTEX_POINT('',#5136);
#5139=VERTEX_POINT('',#5137);
#5140=CARTESIAN_POINT('',(-2.12E1,2.25E-1,-9.05E0));
#5141=VERTEX_POINT('',#5140);
#5142=CARTESIAN_POINT('',(-2.12E1,3.975E0,-9.05E0));
#5143=VERTEX_POINT('',#5142);
#5144=CARTESIAN_POINT('',(-2.5E1,-3.975E0,-9.05E0));
#5145=CARTESIAN_POINT('',(-2.12E1,-3.975E0,-9.05E0));
#5146=VERTEX_POINT('',#5144);
#5147=VERTEX_POINT('',#5145);
#5148=CARTESIAN_POINT('',(-2.5E1,3.975E0,0.E0));
#5149=CARTESIAN_POINT('',(-2.5E1,2.25E-1,0.E0));
#5150=VERTEX_POINT('',#5148);
#5151=VERTEX_POINT('',#5149);
#5152=CARTESIAN_POINT('',(-2.12E1,2.25E-1,0.E0));
#5153=VERTEX_POINT('',#5152);
#5154=CARTESIAN_POINT('',(-2.12E1,3.975E0,0.E0));
#5155=VERTEX_POINT('',#5154);
#5156=CARTESIAN_POINT('',(-2.5E1,-3.975E0,0.E0));
#5157=CARTESIAN_POINT('',(-2.12E1,-3.975E0,0.E0));
#5158=VERTEX_POINT('',#5156);
#5159=VERTEX_POINT('',#5157);
#5160=CARTESIAN_POINT('',(-2.36E1,2.6E0,-3.35E0));
#5161=CARTESIAN_POINT('',(-2.36E1,1.6E0,-3.35E0));
#5162=VERTEX_POINT('',#5160);
#5163=VERTEX_POINT('',#5161);
#5164=CARTESIAN_POINT('',(-2.26E1,1.6E0,-3.35E0));
#5165=VERTEX_POINT('',#5164);
#5166=CARTESIAN_POINT('',(-2.26E1,2.6E0,-3.35E0));
#5167=VERTEX_POINT('',#5166);
#5168=CARTESIAN_POINT('',(-2.36E1,-2.6E0,-3.35E0));
#5169=CARTESIAN_POINT('',(-2.26E1,-2.6E0,-3.35E0));
#5170=VERTEX_POINT('',#5168);
#5171=VERTEX_POINT('',#5169);
#5172=CARTESIAN_POINT('',(-2.26E1,-1.6E0,-3.35E0));
#5173=VERTEX_POINT('',#5172);
#5174=CARTESIAN_POINT('',(-2.36E1,-1.6E0,-3.35E0));
#5175=VERTEX_POINT('',#5174);
#5176=CARTESIAN_POINT('',(-2.36E1,2.6E0,-9.05E0));
#5177=CARTESIAN_POINT('',(-2.36E1,1.6E0,-9.05E0));
#5178=VERTEX_POINT('',#5176);
#5179=VERTEX_POINT('',#5177);
#5180=CARTESIAN_POINT('',(-2.26E1,1.6E0,-9.05E0));
#5181=VERTEX_POINT('',#5180);
#5182=CARTESIAN_POINT('',(-2.26E1,2.6E0,-9.05E0));
#5183=VERTEX_POINT('',#5182);
#5184=CARTESIAN_POINT('',(-2.36E1,-2.6E0,-9.05E0));
#5185=CARTESIAN_POINT('',(-2.26E1,-2.6E0,-9.05E0));
#5186=VERTEX_POINT('',#5184);
#5187=VERTEX_POINT('',#5185);
#5188=CARTESIAN_POINT('',(-2.26E1,-1.6E0,-9.05E0));
#5189=VERTEX_POINT('',#5188);
#5190=CARTESIAN_POINT('',(-2.36E1,-1.6E0,-9.05E0));
#5191=VERTEX_POINT('',#5190);
#5192=CARTESIAN_POINT('',(-2.367E1,-3.025E0,-1.6E1));
#5193=CARTESIAN_POINT('',(-2.367E1,-2.475E0,-1.6E1));
#5194=VERTEX_POINT('',#5192);
#5195=VERTEX_POINT('',#5193);
#5196=CARTESIAN_POINT('',(-2.253E1,-2.475E0,-1.6E1));
#5197=VERTEX_POINT('',#5196);
#5198=CARTESIAN_POINT('',(-2.253E1,-3.025E0,-1.6E1));
#5199=VERTEX_POINT('',#5198);
#5200=CARTESIAN_POINT('',(-2.367E1,3.025E0,-1.6E1));
#5201=CARTESIAN_POINT('',(-2.253E1,3.025E0,-1.6E1));
#5202=VERTEX_POINT('',#5200);
#5203=VERTEX_POINT('',#5201);
#5204=CARTESIAN_POINT('',(-2.253E1,2.475E0,-1.6E1));
#5205=VERTEX_POINT('',#5204);
#5206=CARTESIAN_POINT('',(-2.367E1,2.475E0,-1.6E1));
#5207=VERTEX_POINT('',#5206);
#5208=CARTESIAN_POINT('',(-2.367E1,-3.025E0,-1.18E1));
#5209=VERTEX_POINT('',#5208);
#5210=CARTESIAN_POINT('',(-2.367E1,-2.475E0,-1.18E1));
#5211=VERTEX_POINT('',#5210);
#5212=CARTESIAN_POINT('',(-2.253E1,-2.475E0,-1.18E1));
#5213=VERTEX_POINT('',#5212);
#5214=CARTESIAN_POINT('',(-2.253E1,-3.025E0,-1.18E1));
#5215=VERTEX_POINT('',#5214);
#5216=CARTESIAN_POINT('',(-2.367E1,3.025E0,-1.18E1));
#5217=VERTEX_POINT('',#5216);
#5218=CARTESIAN_POINT('',(-2.253E1,3.025E0,-1.18E1));
#5219=VERTEX_POINT('',#5218);
#5220=CARTESIAN_POINT('',(-2.253E1,2.475E0,-1.18E1));
#5221=VERTEX_POINT('',#5220);
#5222=CARTESIAN_POINT('',(-2.367E1,2.475E0,-1.18E1));
#5223=VERTEX_POINT('',#5222);
#5224=CARTESIAN_POINT('',(-2.41E1,-4.8E0,-1.18E1));
#5225=CARTESIAN_POINT('',(-2.21E1,-4.8E0,-1.18E1));
#5226=VERTEX_POINT('',#5224);
#5227=VERTEX_POINT('',#5225);
#5228=CARTESIAN_POINT('',(-2.41E1,-4.8E0,-1.28E1));
#5229=VERTEX_POINT('',#5228);
#5230=CARTESIAN_POINT('',(-2.21E1,-4.8E0,-1.28E1));
#5231=VERTEX_POINT('',#5230);
#5232=CARTESIAN_POINT('',(-2.41E1,4.8E0,-1.18E1));
#5233=CARTESIAN_POINT('',(-2.21E1,4.8E0,-1.18E1));
#5234=VERTEX_POINT('',#5232);
#5235=VERTEX_POINT('',#5233);
#5236=CARTESIAN_POINT('',(-2.21E1,4.8E0,-1.28E1));
#5237=VERTEX_POINT('',#5236);
#5238=CARTESIAN_POINT('',(-2.41E1,4.8E0,-1.28E1));
#5239=VERTEX_POINT('',#5238);
#5240=CARTESIAN_POINT('',(2.5E1,-2.25E-1,-1.18E1));
#5241=CARTESIAN_POINT('',(2.5E1,-3.975E0,-1.18E1));
#5242=VERTEX_POINT('',#5240);
#5243=VERTEX_POINT('',#5241);
#5244=CARTESIAN_POINT('',(-2.5E1,-3.975E0,-1.18E1));
#5245=CARTESIAN_POINT('',(-2.5E1,-2.25E-1,-1.18E1));
#5246=VERTEX_POINT('',#5244);
#5247=VERTEX_POINT('',#5245);
#5248=CARTESIAN_POINT('',(2.5E1,-3.975E0,-1.28E1));
#5249=CARTESIAN_POINT('',(2.41E1,-3.975E0,-1.28E1));
#5250=VERTEX_POINT('',#5248);
#5251=VERTEX_POINT('',#5249);
#5252=CARTESIAN_POINT('',(2.21E1,-3.975E0,-1.28E1));
#5253=CARTESIAN_POINT('',(1.99E1,-3.975E0,-1.28E1));
#5254=VERTEX_POINT('',#5252);
#5255=VERTEX_POINT('',#5253);
#5256=CARTESIAN_POINT('',(2.5E1,-2.25E-1,-1.28E1));
#5257=VERTEX_POINT('',#5256);
#5258=CARTESIAN_POINT('',(-2.5E1,-3.975E0,-1.28E1));
#5259=CARTESIAN_POINT('',(-2.5E1,-2.25E-1,-1.28E1));
#5260=VERTEX_POINT('',#5258);
#5261=VERTEX_POINT('',#5259);
#5262=CARTESIAN_POINT('',(-2.41E1,-3.975E0,-1.18E1));
#5263=CARTESIAN_POINT('',(-2.41E1,-3.975E0,-1.28E1));
#5264=VERTEX_POINT('',#5262);
#5265=VERTEX_POINT('',#5263);
#5266=CARTESIAN_POINT('',(-2.21E1,-3.975E0,-1.18E1));
#5267=CARTESIAN_POINT('',(-2.21E1,-3.975E0,-1.28E1));
#5268=VERTEX_POINT('',#5266);
#5269=VERTEX_POINT('',#5267);
#5270=CARTESIAN_POINT('',(-2.21E1,3.975E0,-1.28E1));
#5271=VERTEX_POINT('',#5270);
#5272=CARTESIAN_POINT('',(-2.41E1,3.975E0,-1.28E1));
#5273=VERTEX_POINT('',#5272);
#5274=CARTESIAN_POINT('',(-2.21E1,3.975E0,-1.18E1));
#5275=VERTEX_POINT('',#5274);
#5276=CARTESIAN_POINT('',(-2.41E1,3.975E0,-1.18E1));
#5277=VERTEX_POINT('',#5276);
#5278=CARTESIAN_POINT('',(2.41E1,-3.975E0,-1.18E1));
#5279=VERTEX_POINT('',#5278);
#5280=CARTESIAN_POINT('',(2.21E1,-3.975E0,-1.18E1));
#5281=CARTESIAN_POINT('',(1.99E1,-3.975E0,-1.18E1));
#5282=VERTEX_POINT('',#5280);
#5283=VERTEX_POINT('',#5281);
#5284=CARTESIAN_POINT('',(-2.5E1,2.25E-1,-1.18E1));
#5285=CARTESIAN_POINT('',(-2.5E1,3.975E0,-1.18E1));
#5286=VERTEX_POINT('',#5284);
#5287=VERTEX_POINT('',#5285);
#5288=CARTESIAN_POINT('',(2.5E1,2.25E-1,-1.18E1));
#5289=VERTEX_POINT('',#5288);
#5290=CARTESIAN_POINT('',(2.5E1,3.975E0,-1.18E1));
#5291=VERTEX_POINT('',#5290);
#5292=CARTESIAN_POINT('',(-2.5E1,2.25E-1,-1.28E1));
#5293=CARTESIAN_POINT('',(-2.5E1,3.975E0,-1.28E1));
#5294=VERTEX_POINT('',#5292);
#5295=VERTEX_POINT('',#5293);
#5296=CARTESIAN_POINT('',(2.5E1,2.25E-1,-1.28E1));
#5297=VERTEX_POINT('',#5296);
#5298=CARTESIAN_POINT('',(2.5E1,3.975E0,-1.28E1));
#5299=VERTEX_POINT('',#5298);
#5300=CARTESIAN_POINT('',(-1.99E1,3.975E0,-1.28E1));
#5301=VERTEX_POINT('',#5300);
#5302=CARTESIAN_POINT('',(-1.99E1,3.975E0,-1.18E1));
#5303=VERTEX_POINT('',#5302);
#5304=CARTESIAN_POINT('',(-1.7E0,-6.1E0,-2.45E0));
#5305=CARTESIAN_POINT('',(-1.7E0,-6.1E0,-3.2E0));
#5306=VERTEX_POINT('',#5304);
#5307=VERTEX_POINT('',#5305);
#5308=CARTESIAN_POINT('',(1.7E0,-6.1E0,-2.45E0));
#5309=CARTESIAN_POINT('',(1.7E0,-6.1E0,-3.2E0));
#5310=VERTEX_POINT('',#5308);
#5311=VERTEX_POINT('',#5309);
#5312=CARTESIAN_POINT('',(-1.7E0,-4.8E0,0.E0));
#5313=CARTESIAN_POINT('',(1.7E0,-4.8E0,0.E0));
#5314=VERTEX_POINT('',#5312);
#5315=VERTEX_POINT('',#5313);
#5316=CARTESIAN_POINT('',(-1.7E0,-4.8E0,-3.2E0));
#5317=VERTEX_POINT('',#5316);
#5318=CARTESIAN_POINT('',(1.7E0,-4.8E0,-3.2E0));
#5319=VERTEX_POINT('',#5318);
#5320=CARTESIAN_POINT('',(-2.08E1,2.25E-1,-9.05E0));
#5321=CARTESIAN_POINT('',(-1.7E1,2.25E-1,-9.05E0));
#5322=VERTEX_POINT('',#5320);
#5323=VERTEX_POINT('',#5321);
#5324=CARTESIAN_POINT('',(-2.08E1,-3.975E0,-9.05E0));
#5325=CARTESIAN_POINT('',(-1.7E1,-3.975E0,-9.05E0));
#5326=VERTEX_POINT('',#5324);
#5327=VERTEX_POINT('',#5325);
#5328=CARTESIAN_POINT('',(-1.7E1,-2.25E-1,-9.05E0));
#5329=VERTEX_POINT('',#5328);
#5330=CARTESIAN_POINT('',(-2.08E1,-2.25E-1,-9.05E0));
#5331=VERTEX_POINT('',#5330);
#5332=CARTESIAN_POINT('',(-2.08E1,2.25E-1,0.E0));
#5333=VERTEX_POINT('',#5332);
#5334=CARTESIAN_POINT('',(-1.7E1,2.25E-1,0.E0));
#5335=VERTEX_POINT('',#5334);
#5336=CARTESIAN_POINT('',(-2.08E1,-3.975E0,0.E0));
#5337=VERTEX_POINT('',#5336);
#5338=CARTESIAN_POINT('',(-1.7E1,-3.975E0,0.E0));
#5339=VERTEX_POINT('',#5338);
#5340=CARTESIAN_POINT('',(-1.7E1,-2.25E-1,0.E0));
#5341=VERTEX_POINT('',#5340);
#5342=CARTESIAN_POINT('',(-2.08E1,-2.25E-1,0.E0));
#5343=VERTEX_POINT('',#5342);
#5344=CARTESIAN_POINT('',(-1.94E1,2.6E0,-3.35E0));
#5345=CARTESIAN_POINT('',(-1.94E1,1.6E0,-3.35E0));
#5346=VERTEX_POINT('',#5344);
#5347=VERTEX_POINT('',#5345);
#5348=CARTESIAN_POINT('',(-1.84E1,1.6E0,-3.35E0));
#5349=VERTEX_POINT('',#5348);
#5350=CARTESIAN_POINT('',(-1.84E1,2.6E0,-3.35E0));
#5351=VERTEX_POINT('',#5350);
#5352=CARTESIAN_POINT('',(-1.94E1,-2.6E0,-3.35E0));
#5353=CARTESIAN_POINT('',(-1.84E1,-2.6E0,-3.35E0));
#5354=VERTEX_POINT('',#5352);
#5355=VERTEX_POINT('',#5353);
#5356=CARTESIAN_POINT('',(-1.84E1,-1.6E0,-3.35E0));
#5357=VERTEX_POINT('',#5356);
#5358=CARTESIAN_POINT('',(-1.94E1,-1.6E0,-3.35E0));
#5359=VERTEX_POINT('',#5358);
#5360=CARTESIAN_POINT('',(-1.94E1,2.6E0,-9.05E0));
#5361=VERTEX_POINT('',#5360);
#5362=CARTESIAN_POINT('',(-1.94E1,1.6E0,-9.05E0));
#5363=VERTEX_POINT('',#5362);
#5364=CARTESIAN_POINT('',(-1.84E1,1.6E0,-9.05E0));
#5365=VERTEX_POINT('',#5364);
#5366=CARTESIAN_POINT('',(-1.84E1,2.6E0,-9.05E0));
#5367=VERTEX_POINT('',#5366);
#5368=CARTESIAN_POINT('',(-1.94E1,-2.6E0,-9.05E0));
#5369=VERTEX_POINT('',#5368);
#5370=CARTESIAN_POINT('',(-1.84E1,-2.6E0,-9.05E0));
#5371=VERTEX_POINT('',#5370);
#5372=CARTESIAN_POINT('',(-1.84E1,-1.6E0,-9.05E0));
#5373=VERTEX_POINT('',#5372);
#5374=CARTESIAN_POINT('',(-1.94E1,-1.6E0,-9.05E0));
#5375=VERTEX_POINT('',#5374);
#5376=CARTESIAN_POINT('',(-1.99E1,-4.8E0,-1.18E1));
#5377=CARTESIAN_POINT('',(-1.79E1,-4.8E0,-1.18E1));
#5378=VERTEX_POINT('',#5376);
#5379=VERTEX_POINT('',#5377);
#5380=CARTESIAN_POINT('',(-1.99E1,-4.8E0,-1.28E1));
#5381=VERTEX_POINT('',#5380);
#5382=CARTESIAN_POINT('',(-1.79E1,-4.8E0,-1.28E1));
#5383=VERTEX_POINT('',#5382);
#5384=CARTESIAN_POINT('',(-1.99E1,4.8E0,-1.18E1));
#5385=CARTESIAN_POINT('',(-1.79E1,4.8E0,-1.18E1));
#5386=VERTEX_POINT('',#5384);
#5387=VERTEX_POINT('',#5385);
#5388=CARTESIAN_POINT('',(-1.79E1,4.8E0,-1.28E1));
#5389=VERTEX_POINT('',#5388);
#5390=CARTESIAN_POINT('',(-1.99E1,4.8E0,-1.28E1));
#5391=VERTEX_POINT('',#5390);
#5392=CARTESIAN_POINT('',(1.79E1,-3.975E0,-1.28E1));
#5393=CARTESIAN_POINT('',(1.57E1,-3.975E0,-1.28E1));
#5394=VERTEX_POINT('',#5392);
#5395=VERTEX_POINT('',#5393);
#5396=CARTESIAN_POINT('',(-1.79E1,3.975E0,-1.28E1));
#5397=CARTESIAN_POINT('',(-1.57E1,3.975E0,-1.28E1));
#5398=VERTEX_POINT('',#5396);
#5399=VERTEX_POINT('',#5397);
#5400=CARTESIAN_POINT('',(-1.99E1,-3.975E0,-1.18E1));
#5401=CARTESIAN_POINT('',(-1.99E1,-3.975E0,-1.28E1));
#5402=VERTEX_POINT('',#5400);
#5403=VERTEX_POINT('',#5401);
#5404=CARTESIAN_POINT('',(-1.79E1,-3.975E0,-1.18E1));
#5405=CARTESIAN_POINT('',(-1.79E1,-3.975E0,-1.28E1));
#5406=VERTEX_POINT('',#5404);
#5407=VERTEX_POINT('',#5405);
#5408=CARTESIAN_POINT('',(-1.79E1,3.975E0,-1.18E1));
#5409=VERTEX_POINT('',#5408);
#5410=CARTESIAN_POINT('',(1.79E1,-3.975E0,-1.18E1));
#5411=CARTESIAN_POINT('',(1.57E1,-3.975E0,-1.18E1));
#5412=VERTEX_POINT('',#5410);
#5413=VERTEX_POINT('',#5411);
#5414=CARTESIAN_POINT('',(-1.57E1,3.975E0,-1.18E1));
#5415=VERTEX_POINT('',#5414);
#5416=CARTESIAN_POINT('',(-1.947E1,-3.025E0,-1.6E1));
#5417=CARTESIAN_POINT('',(-1.947E1,-2.475E0,-1.6E1));
#5418=VERTEX_POINT('',#5416);
#5419=VERTEX_POINT('',#5417);
#5420=CARTESIAN_POINT('',(-1.833E1,-2.475E0,-1.6E1));
#5421=VERTEX_POINT('',#5420);
#5422=CARTESIAN_POINT('',(-1.833E1,-3.025E0,-1.6E1));
#5423=VERTEX_POINT('',#5422);
#5424=CARTESIAN_POINT('',(-1.947E1,3.025E0,-1.6E1));
#5425=CARTESIAN_POINT('',(-1.833E1,3.025E0,-1.6E1));
#5426=VERTEX_POINT('',#5424);
#5427=VERTEX_POINT('',#5425);
#5428=CARTESIAN_POINT('',(-1.833E1,2.475E0,-1.6E1));
#5429=VERTEX_POINT('',#5428);
#5430=CARTESIAN_POINT('',(-1.947E1,2.475E0,-1.6E1));
#5431=VERTEX_POINT('',#5430);
#5432=CARTESIAN_POINT('',(-1.947E1,-3.025E0,-1.18E1));
#5433=CARTESIAN_POINT('',(-1.947E1,-2.475E0,-1.18E1));
#5434=VERTEX_POINT('',#5432);
#5435=VERTEX_POINT('',#5433);
#5436=CARTESIAN_POINT('',(-1.833E1,-2.475E0,-1.18E1));
#5437=VERTEX_POINT('',#5436);
#5438=CARTESIAN_POINT('',(-1.833E1,-3.025E0,-1.18E1));
#5439=VERTEX_POINT('',#5438);
#5440=CARTESIAN_POINT('',(-1.947E1,3.025E0,-1.18E1));
#5441=CARTESIAN_POINT('',(-1.833E1,3.025E0,-1.18E1));
#5442=VERTEX_POINT('',#5440);
#5443=VERTEX_POINT('',#5441);
#5444=CARTESIAN_POINT('',(-1.833E1,2.475E0,-1.18E1));
#5445=VERTEX_POINT('',#5444);
#5446=CARTESIAN_POINT('',(-1.947E1,2.475E0,-1.18E1));
#5447=VERTEX_POINT('',#5446);
#5448=CARTESIAN_POINT('',(-1.66E1,2.25E-1,-9.05E0));
#5449=CARTESIAN_POINT('',(-1.28E1,2.25E-1,-9.05E0));
#5450=VERTEX_POINT('',#5448);
#5451=VERTEX_POINT('',#5449);
#5452=CARTESIAN_POINT('',(-1.66E1,-3.975E0,-9.05E0));
#5453=CARTESIAN_POINT('',(-1.28E1,-3.975E0,-9.05E0));
#5454=VERTEX_POINT('',#5452);
#5455=VERTEX_POINT('',#5453);
#5456=CARTESIAN_POINT('',(-1.28E1,-2.25E-1,-9.05E0));
#5457=VERTEX_POINT('',#5456);
#5458=CARTESIAN_POINT('',(-1.66E1,-2.25E-1,-9.05E0));
#5459=VERTEX_POINT('',#5458);
#5460=CARTESIAN_POINT('',(-1.66E1,2.25E-1,0.E0));
#5461=VERTEX_POINT('',#5460);
#5462=CARTESIAN_POINT('',(-1.28E1,2.25E-1,0.E0));
#5463=VERTEX_POINT('',#5462);
#5464=CARTESIAN_POINT('',(-1.66E1,-3.975E0,0.E0));
#5465=VERTEX_POINT('',#5464);
#5466=CARTESIAN_POINT('',(-1.28E1,-3.975E0,0.E0));
#5467=VERTEX_POINT('',#5466);
#5468=CARTESIAN_POINT('',(-1.28E1,-2.25E-1,0.E0));
#5469=VERTEX_POINT('',#5468);
#5470=CARTESIAN_POINT('',(-1.66E1,-2.25E-1,0.E0));
#5471=VERTEX_POINT('',#5470);
#5472=CARTESIAN_POINT('',(-1.52E1,2.6E0,-3.35E0));
#5473=CARTESIAN_POINT('',(-1.52E1,1.6E0,-3.35E0));
#5474=VERTEX_POINT('',#5472);
#5475=VERTEX_POINT('',#5473);
#5476=CARTESIAN_POINT('',(-1.42E1,1.6E0,-3.35E0));
#5477=VERTEX_POINT('',#5476);
#5478=CARTESIAN_POINT('',(-1.42E1,2.6E0,-3.35E0));
#5479=VERTEX_POINT('',#5478);
#5480=CARTESIAN_POINT('',(-1.52E1,-2.6E0,-3.35E0));
#5481=CARTESIAN_POINT('',(-1.42E1,-2.6E0,-3.35E0));
#5482=VERTEX_POINT('',#5480);
#5483=VERTEX_POINT('',#5481);
#5484=CARTESIAN_POINT('',(-1.42E1,-1.6E0,-3.35E0));
#5485=VERTEX_POINT('',#5484);
#5486=CARTESIAN_POINT('',(-1.52E1,-1.6E0,-3.35E0));
#5487=VERTEX_POINT('',#5486);
#5488=CARTESIAN_POINT('',(-1.52E1,2.6E0,-9.05E0));
#5489=VERTEX_POINT('',#5488);
#5490=CARTESIAN_POINT('',(-1.52E1,1.6E0,-9.05E0));
#5491=VERTEX_POINT('',#5490);
#5492=CARTESIAN_POINT('',(-1.42E1,1.6E0,-9.05E0));
#5493=VERTEX_POINT('',#5492);
#5494=CARTESIAN_POINT('',(-1.42E1,2.6E0,-9.05E0));
#5495=VERTEX_POINT('',#5494);
#5496=CARTESIAN_POINT('',(-1.52E1,-2.6E0,-9.05E0));
#5497=VERTEX_POINT('',#5496);
#5498=CARTESIAN_POINT('',(-1.42E1,-2.6E0,-9.05E0));
#5499=VERTEX_POINT('',#5498);
#5500=CARTESIAN_POINT('',(-1.42E1,-1.6E0,-9.05E0));
#5501=VERTEX_POINT('',#5500);
#5502=CARTESIAN_POINT('',(-1.52E1,-1.6E0,-9.05E0));
#5503=VERTEX_POINT('',#5502);
#5504=CARTESIAN_POINT('',(-1.24E1,3.975E0,-9.05E0));
#5505=CARTESIAN_POINT('',(-1.24E1,2.25E-1,-9.05E0));
#5506=VERTEX_POINT('',#5504);
#5507=VERTEX_POINT('',#5505);
#5508=CARTESIAN_POINT('',(-8.6E0,2.25E-1,-9.05E0));
#5509=VERTEX_POINT('',#5508);
#5510=CARTESIAN_POINT('',(-8.6E0,3.975E0,-9.05E0));
#5511=VERTEX_POINT('',#5510);
#5512=CARTESIAN_POINT('',(-1.24E1,-3.975E0,-9.05E0));
#5513=CARTESIAN_POINT('',(-8.6E0,-3.975E0,-9.05E0));
#5514=VERTEX_POINT('',#5512);
#5515=VERTEX_POINT('',#5513);
#5516=CARTESIAN_POINT('',(-1.24E1,3.975E0,0.E0));
#5517=VERTEX_POINT('',#5516);
#5518=CARTESIAN_POINT('',(-1.24E1,2.25E-1,0.E0));
#5519=VERTEX_POINT('',#5518);
#5520=CARTESIAN_POINT('',(-8.6E0,2.25E-1,0.E0));
#5521=VERTEX_POINT('',#5520);
#5522=CARTESIAN_POINT('',(-8.6E0,3.975E0,0.E0));
#5523=VERTEX_POINT('',#5522);
#5524=CARTESIAN_POINT('',(-1.24E1,-3.975E0,0.E0));
#5525=VERTEX_POINT('',#5524);
#5526=CARTESIAN_POINT('',(-8.6E0,-3.975E0,0.E0));
#5527=VERTEX_POINT('',#5526);
#5528=CARTESIAN_POINT('',(-1.1E1,2.6E0,-3.35E0));
#5529=CARTESIAN_POINT('',(-1.1E1,1.6E0,-3.35E0));
#5530=VERTEX_POINT('',#5528);
#5531=VERTEX_POINT('',#5529);
#5532=CARTESIAN_POINT('',(-1.E1,1.6E0,-3.35E0));
#5533=VERTEX_POINT('',#5532);
#5534=CARTESIAN_POINT('',(-1.E1,2.6E0,-3.35E0));
#5535=VERTEX_POINT('',#5534);
#5536=CARTESIAN_POINT('',(-1.1E1,-2.6E0,-3.35E0));
#5537=CARTESIAN_POINT('',(-1.E1,-2.6E0,-3.35E0));
#5538=VERTEX_POINT('',#5536);
#5539=VERTEX_POINT('',#5537);
#5540=CARTESIAN_POINT('',(-1.E1,-1.6E0,-3.35E0));
#5541=VERTEX_POINT('',#5540);
#5542=CARTESIAN_POINT('',(-1.1E1,-1.6E0,-3.35E0));
#5543=VERTEX_POINT('',#5542);
#5544=CARTESIAN_POINT('',(-1.1E1,2.6E0,-9.05E0));
#5545=VERTEX_POINT('',#5544);
#5546=CARTESIAN_POINT('',(-1.1E1,1.6E0,-9.05E0));
#5547=VERTEX_POINT('',#5546);
#5548=CARTESIAN_POINT('',(-1.E1,1.6E0,-9.05E0));
#5549=VERTEX_POINT('',#5548);
#5550=CARTESIAN_POINT('',(-1.E1,2.6E0,-9.05E0));
#5551=VERTEX_POINT('',#5550);
#5552=CARTESIAN_POINT('',(-1.1E1,-2.6E0,-9.05E0));
#5553=VERTEX_POINT('',#5552);
#5554=CARTESIAN_POINT('',(-1.E1,-2.6E0,-9.05E0));
#5555=VERTEX_POINT('',#5554);
#5556=CARTESIAN_POINT('',(-1.E1,-1.6E0,-9.05E0));
#5557=VERTEX_POINT('',#5556);
#5558=CARTESIAN_POINT('',(-1.1E1,-1.6E0,-9.05E0));
#5559=VERTEX_POINT('',#5558);
#5560=CARTESIAN_POINT('',(-8.2E0,3.975E0,-9.05E0));
#5561=CARTESIAN_POINT('',(-8.2E0,2.25E-1,-9.05E0));
#5562=VERTEX_POINT('',#5560);
#5563=VERTEX_POINT('',#5561);
#5564=CARTESIAN_POINT('',(-4.4E0,2.25E-1,-9.05E0));
#5565=VERTEX_POINT('',#5564);
#5566=CARTESIAN_POINT('',(-4.4E0,3.975E0,-9.05E0));
#5567=VERTEX_POINT('',#5566);
#5568=CARTESIAN_POINT('',(-8.2E0,-3.975E0,-9.05E0));
#5569=CARTESIAN_POINT('',(-4.4E0,-3.975E0,-9.05E0));
#5570=VERTEX_POINT('',#5568);
#5571=VERTEX_POINT('',#5569);
#5572=CARTESIAN_POINT('',(-8.2E0,3.975E0,0.E0));
#5573=VERTEX_POINT('',#5572);
#5574=CARTESIAN_POINT('',(-8.2E0,2.25E-1,0.E0));
#5575=VERTEX_POINT('',#5574);
#5576=CARTESIAN_POINT('',(-4.4E0,2.25E-1,0.E0));
#5577=VERTEX_POINT('',#5576);
#5578=CARTESIAN_POINT('',(-4.4E0,3.975E0,0.E0));
#5579=VERTEX_POINT('',#5578);
#5580=CARTESIAN_POINT('',(-8.2E0,-3.975E0,0.E0));
#5581=VERTEX_POINT('',#5580);
#5582=CARTESIAN_POINT('',(-4.4E0,-3.975E0,0.E0));
#5583=VERTEX_POINT('',#5582);
#5584=CARTESIAN_POINT('',(-6.8E0,2.6E0,-3.35E0));
#5585=CARTESIAN_POINT('',(-6.8E0,1.6E0,-3.35E0));
#5586=VERTEX_POINT('',#5584);
#5587=VERTEX_POINT('',#5585);
#5588=CARTESIAN_POINT('',(-5.8E0,1.6E0,-3.35E0));
#5589=VERTEX_POINT('',#5588);
#5590=CARTESIAN_POINT('',(-5.8E0,2.6E0,-3.35E0));
#5591=VERTEX_POINT('',#5590);
#5592=CARTESIAN_POINT('',(-6.8E0,-2.6E0,-3.35E0));
#5593=CARTESIAN_POINT('',(-5.8E0,-2.6E0,-3.35E0));
#5594=VERTEX_POINT('',#5592);
#5595=VERTEX_POINT('',#5593);
#5596=CARTESIAN_POINT('',(-5.8E0,-1.6E0,-3.35E0));
#5597=VERTEX_POINT('',#5596);
#5598=CARTESIAN_POINT('',(-6.8E0,-1.6E0,-3.35E0));
#5599=VERTEX_POINT('',#5598);
#5600=CARTESIAN_POINT('',(-6.8E0,2.6E0,-9.05E0));
#5601=VERTEX_POINT('',#5600);
#5602=CARTESIAN_POINT('',(-6.8E0,1.6E0,-9.05E0));
#5603=VERTEX_POINT('',#5602);
#5604=CARTESIAN_POINT('',(-5.8E0,1.6E0,-9.05E0));
#5605=VERTEX_POINT('',#5604);
#5606=CARTESIAN_POINT('',(-5.8E0,2.6E0,-9.05E0));
#5607=VERTEX_POINT('',#5606);
#5608=CARTESIAN_POINT('',(-6.8E0,-2.6E0,-9.05E0));
#5609=VERTEX_POINT('',#5608);
#5610=CARTESIAN_POINT('',(-5.8E0,-2.6E0,-9.05E0));
#5611=VERTEX_POINT('',#5610);
#5612=CARTESIAN_POINT('',(-5.8E0,-1.6E0,-9.05E0));
#5613=VERTEX_POINT('',#5612);
#5614=CARTESIAN_POINT('',(-6.8E0,-1.6E0,-9.05E0));
#5615=VERTEX_POINT('',#5614);
#5616=CARTESIAN_POINT('',(-4.E0,2.25E-1,-9.05E0));
#5617=CARTESIAN_POINT('',(-2.E-1,2.25E-1,-9.05E0));
#5618=VERTEX_POINT('',#5616);
#5619=VERTEX_POINT('',#5617);
#5620=CARTESIAN_POINT('',(-4.E0,-3.975E0,-9.05E0));
#5621=CARTESIAN_POINT('',(-2.E-1,-3.975E0,-9.05E0));
#5622=VERTEX_POINT('',#5620);
#5623=VERTEX_POINT('',#5621);
#5624=CARTESIAN_POINT('',(-2.E-1,-2.25E-1,-9.05E0));
#5625=VERTEX_POINT('',#5624);
#5626=CARTESIAN_POINT('',(-4.E0,-2.25E-1,-9.05E0));
#5627=VERTEX_POINT('',#5626);
#5628=CARTESIAN_POINT('',(-4.E0,2.25E-1,0.E0));
#5629=VERTEX_POINT('',#5628);
#5630=CARTESIAN_POINT('',(-2.E-1,2.25E-1,0.E0));
#5631=VERTEX_POINT('',#5630);
#5632=CARTESIAN_POINT('',(-4.E0,-3.975E0,0.E0));
#5633=VERTEX_POINT('',#5632);
#5634=CARTESIAN_POINT('',(-2.E-1,-3.975E0,0.E0));
#5635=VERTEX_POINT('',#5634);
#5636=CARTESIAN_POINT('',(-2.E-1,-2.25E-1,0.E0));
#5637=VERTEX_POINT('',#5636);
#5638=CARTESIAN_POINT('',(-4.E0,-2.25E-1,0.E0));
#5639=VERTEX_POINT('',#5638);
#5640=CARTESIAN_POINT('',(-2.6E0,2.6E0,-3.35E0));
#5641=CARTESIAN_POINT('',(-2.6E0,1.6E0,-3.35E0));
#5642=VERTEX_POINT('',#5640);
#5643=VERTEX_POINT('',#5641);
#5644=CARTESIAN_POINT('',(-1.6E0,1.6E0,-3.35E0));
#5645=VERTEX_POINT('',#5644);
#5646=CARTESIAN_POINT('',(-1.6E0,2.6E0,-3.35E0));
#5647=VERTEX_POINT('',#5646);
#5648=CARTESIAN_POINT('',(-2.6E0,-2.6E0,-3.35E0));
#5649=CARTESIAN_POINT('',(-1.6E0,-2.6E0,-3.35E0));
#5650=VERTEX_POINT('',#5648);
#5651=VERTEX_POINT('',#5649);
#5652=CARTESIAN_POINT('',(-1.6E0,-1.6E0,-3.35E0));
#5653=VERTEX_POINT('',#5652);
#5654=CARTESIAN_POINT('',(-2.6E0,-1.6E0,-3.35E0));
#5655=VERTEX_POINT('',#5654);
#5656=CARTESIAN_POINT('',(-2.6E0,2.6E0,-9.05E0));
#5657=VERTEX_POINT('',#5656);
#5658=CARTESIAN_POINT('',(-2.6E0,1.6E0,-9.05E0));
#5659=VERTEX_POINT('',#5658);
#5660=CARTESIAN_POINT('',(-1.6E0,1.6E0,-9.05E0));
#5661=VERTEX_POINT('',#5660);
#5662=CARTESIAN_POINT('',(-1.6E0,2.6E0,-9.05E0));
#5663=VERTEX_POINT('',#5662);
#5664=CARTESIAN_POINT('',(-2.6E0,-2.6E0,-9.05E0));
#5665=VERTEX_POINT('',#5664);
#5666=CARTESIAN_POINT('',(-1.6E0,-2.6E0,-9.05E0));
#5667=VERTEX_POINT('',#5666);
#5668=CARTESIAN_POINT('',(-1.6E0,-1.6E0,-9.05E0));
#5669=VERTEX_POINT('',#5668);
#5670=CARTESIAN_POINT('',(-2.6E0,-1.6E0,-9.05E0));
#5671=VERTEX_POINT('',#5670);
#5672=CARTESIAN_POINT('',(2.E-1,2.25E-1,-9.05E0));
#5673=CARTESIAN_POINT('',(4.E0,2.25E-1,-9.05E0));
#5674=VERTEX_POINT('',#5672);
#5675=VERTEX_POINT('',#5673);
#5676=CARTESIAN_POINT('',(2.E-1,-3.975E0,-9.05E0));
#5677=CARTESIAN_POINT('',(4.E0,-3.975E0,-9.05E0));
#5678=VERTEX_POINT('',#5676);
#5679=VERTEX_POINT('',#5677);
#5680=CARTESIAN_POINT('',(4.E0,-2.25E-1,-9.05E0));
#5681=VERTEX_POINT('',#5680);
#5682=CARTESIAN_POINT('',(2.E-1,-2.25E-1,-9.05E0));
#5683=VERTEX_POINT('',#5682);
#5684=CARTESIAN_POINT('',(2.E-1,2.25E-1,0.E0));
#5685=VERTEX_POINT('',#5684);
#5686=CARTESIAN_POINT('',(4.E0,2.25E-1,0.E0));
#5687=VERTEX_POINT('',#5686);
#5688=CARTESIAN_POINT('',(2.E-1,-3.975E0,0.E0));
#5689=VERTEX_POINT('',#5688);
#5690=CARTESIAN_POINT('',(4.E0,-3.975E0,0.E0));
#5691=VERTEX_POINT('',#5690);
#5692=CARTESIAN_POINT('',(4.E0,-2.25E-1,0.E0));
#5693=VERTEX_POINT('',#5692);
#5694=CARTESIAN_POINT('',(2.E-1,-2.25E-1,0.E0));
#5695=VERTEX_POINT('',#5694);
#5696=CARTESIAN_POINT('',(1.6E0,2.6E0,-3.35E0));
#5697=CARTESIAN_POINT('',(1.6E0,1.6E0,-3.35E0));
#5698=VERTEX_POINT('',#5696);
#5699=VERTEX_POINT('',#5697);
#5700=CARTESIAN_POINT('',(2.6E0,1.6E0,-3.35E0));
#5701=VERTEX_POINT('',#5700);
#5702=CARTESIAN_POINT('',(2.6E0,2.6E0,-3.35E0));
#5703=VERTEX_POINT('',#5702);
#5704=CARTESIAN_POINT('',(1.6E0,-2.6E0,-3.35E0));
#5705=CARTESIAN_POINT('',(2.6E0,-2.6E0,-3.35E0));
#5706=VERTEX_POINT('',#5704);
#5707=VERTEX_POINT('',#5705);
#5708=CARTESIAN_POINT('',(2.6E0,-1.6E0,-3.35E0));
#5709=VERTEX_POINT('',#5708);
#5710=CARTESIAN_POINT('',(1.6E0,-1.6E0,-3.35E0));
#5711=VERTEX_POINT('',#5710);
#5712=CARTESIAN_POINT('',(1.6E0,2.6E0,-9.05E0));
#5713=VERTEX_POINT('',#5712);
#5714=CARTESIAN_POINT('',(1.6E0,1.6E0,-9.05E0));
#5715=VERTEX_POINT('',#5714);
#5716=CARTESIAN_POINT('',(2.6E0,1.6E0,-9.05E0));
#5717=VERTEX_POINT('',#5716);
#5718=CARTESIAN_POINT('',(2.6E0,2.6E0,-9.05E0));
#5719=VERTEX_POINT('',#5718);
#5720=CARTESIAN_POINT('',(1.6E0,-2.6E0,-9.05E0));
#5721=VERTEX_POINT('',#5720);
#5722=CARTESIAN_POINT('',(2.6E0,-2.6E0,-9.05E0));
#5723=VERTEX_POINT('',#5722);
#5724=CARTESIAN_POINT('',(2.6E0,-1.6E0,-9.05E0));
#5725=VERTEX_POINT('',#5724);
#5726=CARTESIAN_POINT('',(1.6E0,-1.6E0,-9.05E0));
#5727=VERTEX_POINT('',#5726);
#5728=CARTESIAN_POINT('',(4.4E0,3.975E0,-9.05E0));
#5729=CARTESIAN_POINT('',(4.4E0,2.25E-1,-9.05E0));
#5730=VERTEX_POINT('',#5728);
#5731=VERTEX_POINT('',#5729);
#5732=CARTESIAN_POINT('',(8.2E0,2.25E-1,-9.05E0));
#5733=VERTEX_POINT('',#5732);
#5734=CARTESIAN_POINT('',(8.2E0,3.975E0,-9.05E0));
#5735=VERTEX_POINT('',#5734);
#5736=CARTESIAN_POINT('',(4.4E0,-3.975E0,-9.05E0));
#5737=CARTESIAN_POINT('',(8.2E0,-3.975E0,-9.05E0));
#5738=VERTEX_POINT('',#5736);
#5739=VERTEX_POINT('',#5737);
#5740=CARTESIAN_POINT('',(4.4E0,3.975E0,0.E0));
#5741=VERTEX_POINT('',#5740);
#5742=CARTESIAN_POINT('',(4.4E0,2.25E-1,0.E0));
#5743=VERTEX_POINT('',#5742);
#5744=CARTESIAN_POINT('',(8.2E0,2.25E-1,0.E0));
#5745=VERTEX_POINT('',#5744);
#5746=CARTESIAN_POINT('',(8.2E0,3.975E0,0.E0));
#5747=VERTEX_POINT('',#5746);
#5748=CARTESIAN_POINT('',(4.4E0,-3.975E0,0.E0));
#5749=VERTEX_POINT('',#5748);
#5750=CARTESIAN_POINT('',(8.2E0,-3.975E0,0.E0));
#5751=VERTEX_POINT('',#5750);
#5752=CARTESIAN_POINT('',(5.8E0,2.6E0,-3.35E0));
#5753=CARTESIAN_POINT('',(5.8E0,1.6E0,-3.35E0));
#5754=VERTEX_POINT('',#5752);
#5755=VERTEX_POINT('',#5753);
#5756=CARTESIAN_POINT('',(6.8E0,1.6E0,-3.35E0));
#5757=VERTEX_POINT('',#5756);
#5758=CARTESIAN_POINT('',(6.8E0,2.6E0,-3.35E0));
#5759=VERTEX_POINT('',#5758);
#5760=CARTESIAN_POINT('',(5.8E0,-2.6E0,-3.35E0));
#5761=CARTESIAN_POINT('',(6.8E0,-2.6E0,-3.35E0));
#5762=VERTEX_POINT('',#5760);
#5763=VERTEX_POINT('',#5761);
#5764=CARTESIAN_POINT('',(6.8E0,-1.6E0,-3.35E0));
#5765=VERTEX_POINT('',#5764);
#5766=CARTESIAN_POINT('',(5.8E0,-1.6E0,-3.35E0));
#5767=VERTEX_POINT('',#5766);
#5768=CARTESIAN_POINT('',(5.8E0,2.6E0,-9.05E0));
#5769=VERTEX_POINT('',#5768);
#5770=CARTESIAN_POINT('',(5.8E0,1.6E0,-9.05E0));
#5771=VERTEX_POINT('',#5770);
#5772=CARTESIAN_POINT('',(6.8E0,1.6E0,-9.05E0));
#5773=VERTEX_POINT('',#5772);
#5774=CARTESIAN_POINT('',(6.8E0,2.6E0,-9.05E0));
#5775=VERTEX_POINT('',#5774);
#5776=CARTESIAN_POINT('',(5.8E0,-2.6E0,-9.05E0));
#5777=VERTEX_POINT('',#5776);
#5778=CARTESIAN_POINT('',(6.8E0,-2.6E0,-9.05E0));
#5779=VERTEX_POINT('',#5778);
#5780=CARTESIAN_POINT('',(6.8E0,-1.6E0,-9.05E0));
#5781=VERTEX_POINT('',#5780);
#5782=CARTESIAN_POINT('',(5.8E0,-1.6E0,-9.05E0));
#5783=VERTEX_POINT('',#5782);
#5784=CARTESIAN_POINT('',(8.6E0,3.975E0,-9.05E0));
#5785=CARTESIAN_POINT('',(8.6E0,2.25E-1,-9.05E0));
#5786=VERTEX_POINT('',#5784);
#5787=VERTEX_POINT('',#5785);
#5788=CARTESIAN_POINT('',(1.24E1,2.25E-1,-9.05E0));
#5789=VERTEX_POINT('',#5788);
#5790=CARTESIAN_POINT('',(1.24E1,3.975E0,-9.05E0));
#5791=VERTEX_POINT('',#5790);
#5792=CARTESIAN_POINT('',(8.6E0,-3.975E0,-9.05E0));
#5793=CARTESIAN_POINT('',(1.24E1,-3.975E0,-9.05E0));
#5794=VERTEX_POINT('',#5792);
#5795=VERTEX_POINT('',#5793);
#5796=CARTESIAN_POINT('',(8.6E0,3.975E0,0.E0));
#5797=VERTEX_POINT('',#5796);
#5798=CARTESIAN_POINT('',(8.6E0,2.25E-1,0.E0));
#5799=VERTEX_POINT('',#5798);
#5800=CARTESIAN_POINT('',(1.24E1,2.25E-1,0.E0));
#5801=VERTEX_POINT('',#5800);
#5802=CARTESIAN_POINT('',(1.24E1,3.975E0,0.E0));
#5803=VERTEX_POINT('',#5802);
#5804=CARTESIAN_POINT('',(8.6E0,-3.975E0,0.E0));
#5805=VERTEX_POINT('',#5804);
#5806=CARTESIAN_POINT('',(1.24E1,-3.975E0,0.E0));
#5807=VERTEX_POINT('',#5806);
#5808=CARTESIAN_POINT('',(1.E1,2.6E0,-3.35E0));
#5809=CARTESIAN_POINT('',(1.E1,1.6E0,-3.35E0));
#5810=VERTEX_POINT('',#5808);
#5811=VERTEX_POINT('',#5809);
#5812=CARTESIAN_POINT('',(1.1E1,1.6E0,-3.35E0));
#5813=VERTEX_POINT('',#5812);
#5814=CARTESIAN_POINT('',(1.1E1,2.6E0,-3.35E0));
#5815=VERTEX_POINT('',#5814);
#5816=CARTESIAN_POINT('',(1.E1,-2.6E0,-3.35E0));
#5817=CARTESIAN_POINT('',(1.1E1,-2.6E0,-3.35E0));
#5818=VERTEX_POINT('',#5816);
#5819=VERTEX_POINT('',#5817);
#5820=CARTESIAN_POINT('',(1.1E1,-1.6E0,-3.35E0));
#5821=VERTEX_POINT('',#5820);
#5822=CARTESIAN_POINT('',(1.E1,-1.6E0,-3.35E0));
#5823=VERTEX_POINT('',#5822);
#5824=CARTESIAN_POINT('',(1.E1,2.6E0,-9.05E0));
#5825=VERTEX_POINT('',#5824);
#5826=CARTESIAN_POINT('',(1.E1,1.6E0,-9.05E0));
#5827=VERTEX_POINT('',#5826);
#5828=CARTESIAN_POINT('',(1.1E1,1.6E0,-9.05E0));
#5829=VERTEX_POINT('',#5828);
#5830=CARTESIAN_POINT('',(1.1E1,2.6E0,-9.05E0));
#5831=VERTEX_POINT('',#5830);
#5832=CARTESIAN_POINT('',(1.E1,-2.6E0,-9.05E0));
#5833=VERTEX_POINT('',#5832);
#5834=CARTESIAN_POINT('',(1.1E1,-2.6E0,-9.05E0));
#5835=VERTEX_POINT('',#5834);
#5836=CARTESIAN_POINT('',(1.1E1,-1.6E0,-9.05E0));
#5837=VERTEX_POINT('',#5836);
#5838=CARTESIAN_POINT('',(1.E1,-1.6E0,-9.05E0));
#5839=VERTEX_POINT('',#5838);
#5840=CARTESIAN_POINT('',(1.28E1,2.25E-1,-9.05E0));
#5841=CARTESIAN_POINT('',(1.66E1,2.25E-1,-9.05E0));
#5842=VERTEX_POINT('',#5840);
#5843=VERTEX_POINT('',#5841);
#5844=CARTESIAN_POINT('',(1.28E1,-3.975E0,-9.05E0));
#5845=CARTESIAN_POINT('',(1.66E1,-3.975E0,-9.05E0));
#5846=VERTEX_POINT('',#5844);
#5847=VERTEX_POINT('',#5845);
#5848=CARTESIAN_POINT('',(1.66E1,-2.25E-1,-9.05E0));
#5849=VERTEX_POINT('',#5848);
#5850=CARTESIAN_POINT('',(1.28E1,-2.25E-1,-9.05E0));
#5851=VERTEX_POINT('',#5850);
#5852=CARTESIAN_POINT('',(1.28E1,2.25E-1,0.E0));
#5853=VERTEX_POINT('',#5852);
#5854=CARTESIAN_POINT('',(1.66E1,2.25E-1,0.E0));
#5855=VERTEX_POINT('',#5854);
#5856=CARTESIAN_POINT('',(1.28E1,-3.975E0,0.E0));
#5857=VERTEX_POINT('',#5856);
#5858=CARTESIAN_POINT('',(1.66E1,-3.975E0,0.E0));
#5859=VERTEX_POINT('',#5858);
#5860=CARTESIAN_POINT('',(1.66E1,-2.25E-1,0.E0));
#5861=VERTEX_POINT('',#5860);
#5862=CARTESIAN_POINT('',(1.28E1,-2.25E-1,0.E0));
#5863=VERTEX_POINT('',#5862);
#5864=CARTESIAN_POINT('',(1.42E1,2.6E0,-3.35E0));
#5865=CARTESIAN_POINT('',(1.42E1,1.6E0,-3.35E0));
#5866=VERTEX_POINT('',#5864);
#5867=VERTEX_POINT('',#5865);
#5868=CARTESIAN_POINT('',(1.52E1,1.6E0,-3.35E0));
#5869=VERTEX_POINT('',#5868);
#5870=CARTESIAN_POINT('',(1.52E1,2.6E0,-3.35E0));
#5871=VERTEX_POINT('',#5870);
#5872=CARTESIAN_POINT('',(1.42E1,-2.6E0,-3.35E0));
#5873=CARTESIAN_POINT('',(1.52E1,-2.6E0,-3.35E0));
#5874=VERTEX_POINT('',#5872);
#5875=VERTEX_POINT('',#5873);
#5876=CARTESIAN_POINT('',(1.52E1,-1.6E0,-3.35E0));
#5877=VERTEX_POINT('',#5876);
#5878=CARTESIAN_POINT('',(1.42E1,-1.6E0,-3.35E0));
#5879=VERTEX_POINT('',#5878);
#5880=CARTESIAN_POINT('',(1.42E1,2.6E0,-9.05E0));
#5881=VERTEX_POINT('',#5880);
#5882=CARTESIAN_POINT('',(1.42E1,1.6E0,-9.05E0));
#5883=VERTEX_POINT('',#5882);
#5884=CARTESIAN_POINT('',(1.52E1,1.6E0,-9.05E0));
#5885=VERTEX_POINT('',#5884);
#5886=CARTESIAN_POINT('',(1.52E1,2.6E0,-9.05E0));
#5887=VERTEX_POINT('',#5886);
#5888=CARTESIAN_POINT('',(1.42E1,-2.6E0,-9.05E0));
#5889=VERTEX_POINT('',#5888);
#5890=CARTESIAN_POINT('',(1.52E1,-2.6E0,-9.05E0));
#5891=VERTEX_POINT('',#5890);
#5892=CARTESIAN_POINT('',(1.52E1,-1.6E0,-9.05E0));
#5893=VERTEX_POINT('',#5892);
#5894=CARTESIAN_POINT('',(1.42E1,-1.6E0,-9.05E0));
#5895=VERTEX_POINT('',#5894);
#5896=CARTESIAN_POINT('',(1.7E1,2.25E-1,-9.05E0));
#5897=CARTESIAN_POINT('',(2.08E1,2.25E-1,-9.05E0));
#5898=VERTEX_POINT('',#5896);
#5899=VERTEX_POINT('',#5897);
#5900=CARTESIAN_POINT('',(1.7E1,-3.975E0,-9.05E0));
#5901=CARTESIAN_POINT('',(2.08E1,-3.975E0,-9.05E0));
#5902=VERTEX_POINT('',#5900);
#5903=VERTEX_POINT('',#5901);
#5904=CARTESIAN_POINT('',(2.08E1,-2.25E-1,-9.05E0));
#5905=VERTEX_POINT('',#5904);
#5906=CARTESIAN_POINT('',(1.7E1,-2.25E-1,-9.05E0));
#5907=VERTEX_POINT('',#5906);
#5908=CARTESIAN_POINT('',(1.7E1,2.25E-1,0.E0));
#5909=VERTEX_POINT('',#5908);
#5910=CARTESIAN_POINT('',(2.08E1,2.25E-1,0.E0));
#5911=VERTEX_POINT('',#5910);
#5912=CARTESIAN_POINT('',(1.7E1,-3.975E0,0.E0));
#5913=VERTEX_POINT('',#5912);
#5914=CARTESIAN_POINT('',(2.08E1,-3.975E0,0.E0));
#5915=VERTEX_POINT('',#5914);
#5916=CARTESIAN_POINT('',(2.08E1,-2.25E-1,0.E0));
#5917=VERTEX_POINT('',#5916);
#5918=CARTESIAN_POINT('',(1.7E1,-2.25E-1,0.E0));
#5919=VERTEX_POINT('',#5918);
#5920=CARTESIAN_POINT('',(1.84E1,2.6E0,-3.35E0));
#5921=CARTESIAN_POINT('',(1.84E1,1.6E0,-3.35E0));
#5922=VERTEX_POINT('',#5920);
#5923=VERTEX_POINT('',#5921);
#5924=CARTESIAN_POINT('',(1.94E1,1.6E0,-3.35E0));
#5925=VERTEX_POINT('',#5924);
#5926=CARTESIAN_POINT('',(1.94E1,2.6E0,-3.35E0));
#5927=VERTEX_POINT('',#5926);
#5928=CARTESIAN_POINT('',(1.84E1,-2.6E0,-3.35E0));
#5929=CARTESIAN_POINT('',(1.94E1,-2.6E0,-3.35E0));
#5930=VERTEX_POINT('',#5928);
#5931=VERTEX_POINT('',#5929);
#5932=CARTESIAN_POINT('',(1.94E1,-1.6E0,-3.35E0));
#5933=VERTEX_POINT('',#5932);
#5934=CARTESIAN_POINT('',(1.84E1,-1.6E0,-3.35E0));
#5935=VERTEX_POINT('',#5934);
#5936=CARTESIAN_POINT('',(1.84E1,2.6E0,-9.05E0));
#5937=VERTEX_POINT('',#5936);
#5938=CARTESIAN_POINT('',(1.84E1,1.6E0,-9.05E0));
#5939=VERTEX_POINT('',#5938);
#5940=CARTESIAN_POINT('',(1.94E1,1.6E0,-9.05E0));
#5941=VERTEX_POINT('',#5940);
#5942=CARTESIAN_POINT('',(1.94E1,2.6E0,-9.05E0));
#5943=VERTEX_POINT('',#5942);
#5944=CARTESIAN_POINT('',(1.84E1,-2.6E0,-9.05E0));
#5945=VERTEX_POINT('',#5944);
#5946=CARTESIAN_POINT('',(1.94E1,-2.6E0,-9.05E0));
#5947=VERTEX_POINT('',#5946);
#5948=CARTESIAN_POINT('',(1.94E1,-1.6E0,-9.05E0));
#5949=VERTEX_POINT('',#5948);
#5950=CARTESIAN_POINT('',(1.84E1,-1.6E0,-9.05E0));
#5951=VERTEX_POINT('',#5950);
#5952=CARTESIAN_POINT('',(2.12E1,3.975E0,-9.05E0));
#5953=CARTESIAN_POINT('',(2.12E1,2.25E-1,-9.05E0));
#5954=VERTEX_POINT('',#5952);
#5955=VERTEX_POINT('',#5953);
#5956=CARTESIAN_POINT('',(2.5E1,2.25E-1,-9.05E0));
#5957=VERTEX_POINT('',#5956);
#5958=CARTESIAN_POINT('',(2.5E1,3.975E0,-9.05E0));
#5959=VERTEX_POINT('',#5958);
#5960=CARTESIAN_POINT('',(2.12E1,-3.975E0,-9.05E0));
#5961=CARTESIAN_POINT('',(2.5E1,-3.975E0,-9.05E0));
#5962=VERTEX_POINT('',#5960);
#5963=VERTEX_POINT('',#5961);
#5964=CARTESIAN_POINT('',(2.12E1,3.975E0,0.E0));
#5965=VERTEX_POINT('',#5964);
#5966=CARTESIAN_POINT('',(2.12E1,2.25E-1,0.E0));
#5967=VERTEX_POINT('',#5966);
#5968=CARTESIAN_POINT('',(2.5E1,2.25E-1,0.E0));
#5969=VERTEX_POINT('',#5968);
#5970=CARTESIAN_POINT('',(2.5E1,3.975E0,0.E0));
#5971=VERTEX_POINT('',#5970);
#5972=CARTESIAN_POINT('',(2.12E1,-3.975E0,0.E0));
#5973=VERTEX_POINT('',#5972);
#5974=CARTESIAN_POINT('',(2.5E1,-3.975E0,0.E0));
#5975=VERTEX_POINT('',#5974);
#5976=CARTESIAN_POINT('',(2.26E1,2.6E0,-3.35E0));
#5977=CARTESIAN_POINT('',(2.26E1,1.6E0,-3.35E0));
#5978=VERTEX_POINT('',#5976);
#5979=VERTEX_POINT('',#5977);
#5980=CARTESIAN_POINT('',(2.36E1,1.6E0,-3.35E0));
#5981=VERTEX_POINT('',#5980);
#5982=CARTESIAN_POINT('',(2.36E1,2.6E0,-3.35E0));
#5983=VERTEX_POINT('',#5982);
#5984=CARTESIAN_POINT('',(2.26E1,-2.6E0,-3.35E0));
#5985=CARTESIAN_POINT('',(2.36E1,-2.6E0,-3.35E0));
#5986=VERTEX_POINT('',#5984);
#5987=VERTEX_POINT('',#5985);
#5988=CARTESIAN_POINT('',(2.36E1,-1.6E0,-3.35E0));
#5989=VERTEX_POINT('',#5988);
#5990=CARTESIAN_POINT('',(2.26E1,-1.6E0,-3.35E0));
#5991=VERTEX_POINT('',#5990);
#5992=CARTESIAN_POINT('',(2.26E1,2.6E0,-9.05E0));
#5993=VERTEX_POINT('',#5992);
#5994=CARTESIAN_POINT('',(2.26E1,1.6E0,-9.05E0));
#5995=VERTEX_POINT('',#5994);
#5996=CARTESIAN_POINT('',(2.36E1,1.6E0,-9.05E0));
#5997=VERTEX_POINT('',#5996);
#5998=CARTESIAN_POINT('',(2.36E1,2.6E0,-9.05E0));
#5999=VERTEX_POINT('',#5998);
#6000=CARTESIAN_POINT('',(2.26E1,-2.6E0,-9.05E0));
#6001=VERTEX_POINT('',#6000);
#6002=CARTESIAN_POINT('',(2.36E1,-2.6E0,-9.05E0));
#6003=VERTEX_POINT('',#6002);
#6004=CARTESIAN_POINT('',(2.36E1,-1.6E0,-9.05E0));
#6005=VERTEX_POINT('',#6004);
#6006=CARTESIAN_POINT('',(2.26E1,-1.6E0,-9.05E0));
#6007=VERTEX_POINT('',#6006);
#6008=CARTESIAN_POINT('',(-1.57E1,-4.8E0,-1.18E1));
#6009=CARTESIAN_POINT('',(-1.37E1,-4.8E0,-1.18E1));
#6010=VERTEX_POINT('',#6008);
#6011=VERTEX_POINT('',#6009);
#6012=CARTESIAN_POINT('',(-1.57E1,-4.8E0,-1.28E1));
#6013=VERTEX_POINT('',#6012);
#6014=CARTESIAN_POINT('',(-1.37E1,-4.8E0,-1.28E1));
#6015=VERTEX_POINT('',#6014);
#6016=CARTESIAN_POINT('',(-1.57E1,4.8E0,-1.18E1));
#6017=CARTESIAN_POINT('',(-1.37E1,4.8E0,-1.18E1));
#6018=VERTEX_POINT('',#6016);
#6019=VERTEX_POINT('',#6017);
#6020=CARTESIAN_POINT('',(-1.37E1,4.8E0,-1.28E1));
#6021=VERTEX_POINT('',#6020);
#6022=CARTESIAN_POINT('',(-1.57E1,4.8E0,-1.28E1));
#6023=VERTEX_POINT('',#6022);
#6024=CARTESIAN_POINT('',(-1.15E1,-4.8E0,-1.18E1));
#6025=CARTESIAN_POINT('',(-9.5E0,-4.8E0,-1.18E1));
#6026=VERTEX_POINT('',#6024);
#6027=VERTEX_POINT('',#6025);
#6028=CARTESIAN_POINT('',(-1.15E1,-4.8E0,-1.28E1));
#6029=VERTEX_POINT('',#6028);
#6030=CARTESIAN_POINT('',(-9.5E0,-4.8E0,-1.28E1));
#6031=VERTEX_POINT('',#6030);
#6032=CARTESIAN_POINT('',(-1.15E1,4.8E0,-1.18E1));
#6033=CARTESIAN_POINT('',(-9.5E0,4.8E0,-1.18E1));
#6034=VERTEX_POINT('',#6032);
#6035=VERTEX_POINT('',#6033);
#6036=CARTESIAN_POINT('',(-9.5E0,4.8E0,-1.28E1));
#6037=VERTEX_POINT('',#6036);
#6038=CARTESIAN_POINT('',(-1.15E1,4.8E0,-1.28E1));
#6039=VERTEX_POINT('',#6038);
#6040=CARTESIAN_POINT('',(-7.3E0,-4.8E0,-1.18E1));
#6041=CARTESIAN_POINT('',(-5.3E0,-4.8E0,-1.18E1));
#6042=VERTEX_POINT('',#6040);
#6043=VERTEX_POINT('',#6041);
#6044=CARTESIAN_POINT('',(-7.3E0,-4.8E0,-1.28E1));
#6045=VERTEX_POINT('',#6044);
#6046=CARTESIAN_POINT('',(-5.3E0,-4.8E0,-1.28E1));
#6047=VERTEX_POINT('',#6046);
#6048=CARTESIAN_POINT('',(-7.3E0,4.8E0,-1.18E1));
#6049=CARTESIAN_POINT('',(-5.3E0,4.8E0,-1.18E1));
#6050=VERTEX_POINT('',#6048);
#6051=VERTEX_POINT('',#6049);
#6052=CARTESIAN_POINT('',(-5.3E0,4.8E0,-1.28E1));
#6053=VERTEX_POINT('',#6052);
#6054=CARTESIAN_POINT('',(-7.3E0,4.8E0,-1.28E1));
#6055=VERTEX_POINT('',#6054);
#6056=CARTESIAN_POINT('',(-3.1E0,-4.8E0,-1.18E1));
#6057=CARTESIAN_POINT('',(-1.1E0,-4.8E0,-1.18E1));
#6058=VERTEX_POINT('',#6056);
#6059=VERTEX_POINT('',#6057);
#6060=CARTESIAN_POINT('',(-3.1E0,-4.8E0,-1.28E1));
#6061=VERTEX_POINT('',#6060);
#6062=CARTESIAN_POINT('',(-1.1E0,-4.8E0,-1.28E1));
#6063=VERTEX_POINT('',#6062);
#6064=CARTESIAN_POINT('',(-3.1E0,4.8E0,-1.18E1));
#6065=CARTESIAN_POINT('',(-1.1E0,4.8E0,-1.18E1));
#6066=VERTEX_POINT('',#6064);
#6067=VERTEX_POINT('',#6065);
#6068=CARTESIAN_POINT('',(-1.1E0,4.8E0,-1.28E1));
#6069=VERTEX_POINT('',#6068);
#6070=CARTESIAN_POINT('',(-3.1E0,4.8E0,-1.28E1));
#6071=VERTEX_POINT('',#6070);
#6072=CARTESIAN_POINT('',(1.1E0,-4.8E0,-1.18E1));
#6073=CARTESIAN_POINT('',(3.1E0,-4.8E0,-1.18E1));
#6074=VERTEX_POINT('',#6072);
#6075=VERTEX_POINT('',#6073);
#6076=CARTESIAN_POINT('',(1.1E0,-4.8E0,-1.28E1));
#6077=VERTEX_POINT('',#6076);
#6078=CARTESIAN_POINT('',(3.1E0,-4.8E0,-1.28E1));
#6079=VERTEX_POINT('',#6078);
#6080=CARTESIAN_POINT('',(1.1E0,4.8E0,-1.18E1));
#6081=CARTESIAN_POINT('',(3.1E0,4.8E0,-1.18E1));
#6082=VERTEX_POINT('',#6080);
#6083=VERTEX_POINT('',#6081);
#6084=CARTESIAN_POINT('',(3.1E0,4.8E0,-1.28E1));
#6085=VERTEX_POINT('',#6084);
#6086=CARTESIAN_POINT('',(1.1E0,4.8E0,-1.28E1));
#6087=VERTEX_POINT('',#6086);
#6088=CARTESIAN_POINT('',(5.3E0,-4.8E0,-1.18E1));
#6089=CARTESIAN_POINT('',(7.3E0,-4.8E0,-1.18E1));
#6090=VERTEX_POINT('',#6088);
#6091=VERTEX_POINT('',#6089);
#6092=CARTESIAN_POINT('',(5.3E0,-4.8E0,-1.28E1));
#6093=VERTEX_POINT('',#6092);
#6094=CARTESIAN_POINT('',(7.3E0,-4.8E0,-1.28E1));
#6095=VERTEX_POINT('',#6094);
#6096=CARTESIAN_POINT('',(5.3E0,4.8E0,-1.18E1));
#6097=CARTESIAN_POINT('',(7.3E0,4.8E0,-1.18E1));
#6098=VERTEX_POINT('',#6096);
#6099=VERTEX_POINT('',#6097);
#6100=CARTESIAN_POINT('',(7.3E0,4.8E0,-1.28E1));
#6101=VERTEX_POINT('',#6100);
#6102=CARTESIAN_POINT('',(5.3E0,4.8E0,-1.28E1));
#6103=VERTEX_POINT('',#6102);
#6104=CARTESIAN_POINT('',(9.5E0,-4.8E0,-1.18E1));
#6105=CARTESIAN_POINT('',(1.15E1,-4.8E0,-1.18E1));
#6106=VERTEX_POINT('',#6104);
#6107=VERTEX_POINT('',#6105);
#6108=CARTESIAN_POINT('',(9.5E0,-4.8E0,-1.28E1));
#6109=VERTEX_POINT('',#6108);
#6110=CARTESIAN_POINT('',(1.15E1,-4.8E0,-1.28E1));
#6111=VERTEX_POINT('',#6110);
#6112=CARTESIAN_POINT('',(9.5E0,4.8E0,-1.18E1));
#6113=CARTESIAN_POINT('',(1.15E1,4.8E0,-1.18E1));
#6114=VERTEX_POINT('',#6112);
#6115=VERTEX_POINT('',#6113);
#6116=CARTESIAN_POINT('',(1.15E1,4.8E0,-1.28E1));
#6117=VERTEX_POINT('',#6116);
#6118=CARTESIAN_POINT('',(9.5E0,4.8E0,-1.28E1));
#6119=VERTEX_POINT('',#6118);
#6120=CARTESIAN_POINT('',(1.37E1,-4.8E0,-1.18E1));
#6121=CARTESIAN_POINT('',(1.57E1,-4.8E0,-1.18E1));
#6122=VERTEX_POINT('',#6120);
#6123=VERTEX_POINT('',#6121);
#6124=CARTESIAN_POINT('',(1.37E1,-4.8E0,-1.28E1));
#6125=VERTEX_POINT('',#6124);
#6126=CARTESIAN_POINT('',(1.57E1,-4.8E0,-1.28E1));
#6127=VERTEX_POINT('',#6126);
#6128=CARTESIAN_POINT('',(1.37E1,4.8E0,-1.18E1));
#6129=CARTESIAN_POINT('',(1.57E1,4.8E0,-1.18E1));
#6130=VERTEX_POINT('',#6128);
#6131=VERTEX_POINT('',#6129);
#6132=CARTESIAN_POINT('',(1.57E1,4.8E0,-1.28E1));
#6133=VERTEX_POINT('',#6132);
#6134=CARTESIAN_POINT('',(1.37E1,4.8E0,-1.28E1));
#6135=VERTEX_POINT('',#6134);
#6136=CARTESIAN_POINT('',(1.79E1,-4.8E0,-1.18E1));
#6137=CARTESIAN_POINT('',(1.99E1,-4.8E0,-1.18E1));
#6138=VERTEX_POINT('',#6136);
#6139=VERTEX_POINT('',#6137);
#6140=CARTESIAN_POINT('',(1.79E1,-4.8E0,-1.28E1));
#6141=VERTEX_POINT('',#6140);
#6142=CARTESIAN_POINT('',(1.99E1,-4.8E0,-1.28E1));
#6143=VERTEX_POINT('',#6142);
#6144=CARTESIAN_POINT('',(1.79E1,4.8E0,-1.18E1));
#6145=CARTESIAN_POINT('',(1.99E1,4.8E0,-1.18E1));
#6146=VERTEX_POINT('',#6144);
#6147=VERTEX_POINT('',#6145);
#6148=CARTESIAN_POINT('',(1.99E1,4.8E0,-1.28E1));
#6149=VERTEX_POINT('',#6148);
#6150=CARTESIAN_POINT('',(1.79E1,4.8E0,-1.28E1));
#6151=VERTEX_POINT('',#6150);
#6152=CARTESIAN_POINT('',(2.21E1,-4.8E0,-1.18E1));
#6153=CARTESIAN_POINT('',(2.41E1,-4.8E0,-1.18E1));
#6154=VERTEX_POINT('',#6152);
#6155=VERTEX_POINT('',#6153);
#6156=CARTESIAN_POINT('',(2.21E1,-4.8E0,-1.28E1));
#6157=VERTEX_POINT('',#6156);
#6158=CARTESIAN_POINT('',(2.41E1,-4.8E0,-1.28E1));
#6159=VERTEX_POINT('',#6158);
#6160=CARTESIAN_POINT('',(2.21E1,4.8E0,-1.18E1));
#6161=CARTESIAN_POINT('',(2.41E1,4.8E0,-1.18E1));
#6162=VERTEX_POINT('',#6160);
#6163=VERTEX_POINT('',#6161);
#6164=CARTESIAN_POINT('',(2.41E1,4.8E0,-1.28E1));
#6165=VERTEX_POINT('',#6164);
#6166=CARTESIAN_POINT('',(2.21E1,4.8E0,-1.28E1));
#6167=VERTEX_POINT('',#6166);
#6168=CARTESIAN_POINT('',(1.37E1,-3.975E0,-1.28E1));
#6169=CARTESIAN_POINT('',(1.15E1,-3.975E0,-1.28E1));
#6170=VERTEX_POINT('',#6168);
#6171=VERTEX_POINT('',#6169);
#6172=CARTESIAN_POINT('',(9.5E0,-3.975E0,-1.28E1));
#6173=CARTESIAN_POINT('',(7.3E0,-3.975E0,-1.28E1));
#6174=VERTEX_POINT('',#6172);
#6175=VERTEX_POINT('',#6173);
#6176=CARTESIAN_POINT('',(5.3E0,-3.975E0,-1.28E1));
#6177=CARTESIAN_POINT('',(3.1E0,-3.975E0,-1.28E1));
#6178=VERTEX_POINT('',#6176);
#6179=VERTEX_POINT('',#6177);
#6180=CARTESIAN_POINT('',(1.1E0,-3.975E0,-1.28E1));
#6181=CARTESIAN_POINT('',(-1.1E0,-3.975E0,-1.28E1));
#6182=VERTEX_POINT('',#6180);
#6183=VERTEX_POINT('',#6181);
#6184=CARTESIAN_POINT('',(-3.1E0,-3.975E0,-1.28E1));
#6185=CARTESIAN_POINT('',(-5.3E0,-3.975E0,-1.28E1));
#6186=VERTEX_POINT('',#6184);
#6187=VERTEX_POINT('',#6185);
#6188=CARTESIAN_POINT('',(-7.3E0,-3.975E0,-1.28E1));
#6189=CARTESIAN_POINT('',(-9.5E0,-3.975E0,-1.28E1));
#6190=VERTEX_POINT('',#6188);
#6191=VERTEX_POINT('',#6189);
#6192=CARTESIAN_POINT('',(-1.15E1,-3.975E0,-1.28E1));
#6193=CARTESIAN_POINT('',(-1.37E1,-3.975E0,-1.28E1));
#6194=VERTEX_POINT('',#6192);
#6195=VERTEX_POINT('',#6193);
#6196=CARTESIAN_POINT('',(-1.57E1,-3.975E0,-1.28E1));
#6197=VERTEX_POINT('',#6196);
#6198=CARTESIAN_POINT('',(-1.37E1,3.975E0,-1.28E1));
#6199=CARTESIAN_POINT('',(-1.15E1,3.975E0,-1.28E1));
#6200=VERTEX_POINT('',#6198);
#6201=VERTEX_POINT('',#6199);
#6202=CARTESIAN_POINT('',(-9.5E0,3.975E0,-1.28E1));
#6203=CARTESIAN_POINT('',(-7.3E0,3.975E0,-1.28E1));
#6204=VERTEX_POINT('',#6202);
#6205=VERTEX_POINT('',#6203);
#6206=CARTESIAN_POINT('',(-5.3E0,3.975E0,-1.28E1));
#6207=CARTESIAN_POINT('',(-3.1E0,3.975E0,-1.28E1));
#6208=VERTEX_POINT('',#6206);
#6209=VERTEX_POINT('',#6207);
#6210=CARTESIAN_POINT('',(-1.1E0,3.975E0,-1.28E1));
#6211=CARTESIAN_POINT('',(1.1E0,3.975E0,-1.28E1));
#6212=VERTEX_POINT('',#6210);
#6213=VERTEX_POINT('',#6211);
#6214=CARTESIAN_POINT('',(3.1E0,3.975E0,-1.28E1));
#6215=CARTESIAN_POINT('',(5.3E0,3.975E0,-1.28E1));
#6216=VERTEX_POINT('',#6214);
#6217=VERTEX_POINT('',#6215);
#6218=CARTESIAN_POINT('',(7.3E0,3.975E0,-1.28E1));
#6219=CARTESIAN_POINT('',(9.5E0,3.975E0,-1.28E1));
#6220=VERTEX_POINT('',#6218);
#6221=VERTEX_POINT('',#6219);
#6222=CARTESIAN_POINT('',(1.15E1,3.975E0,-1.28E1));
#6223=CARTESIAN_POINT('',(1.37E1,3.975E0,-1.28E1));
#6224=VERTEX_POINT('',#6222);
#6225=VERTEX_POINT('',#6223);
#6226=CARTESIAN_POINT('',(1.57E1,3.975E0,-1.28E1));
#6227=CARTESIAN_POINT('',(1.79E1,3.975E0,-1.28E1));
#6228=VERTEX_POINT('',#6226);
#6229=VERTEX_POINT('',#6227);
#6230=CARTESIAN_POINT('',(1.99E1,3.975E0,-1.28E1));
#6231=CARTESIAN_POINT('',(2.21E1,3.975E0,-1.28E1));
#6232=VERTEX_POINT('',#6230);
#6233=VERTEX_POINT('',#6231);
#6234=CARTESIAN_POINT('',(2.41E1,3.975E0,-1.28E1));
#6235=VERTEX_POINT('',#6234);
#6236=CARTESIAN_POINT('',(-1.57E1,-3.975E0,-1.18E1));
#6237=VERTEX_POINT('',#6236);
#6238=CARTESIAN_POINT('',(-1.37E1,-3.975E0,-1.18E1));
#6239=VERTEX_POINT('',#6238);
#6240=CARTESIAN_POINT('',(-1.37E1,3.975E0,-1.18E1));
#6241=VERTEX_POINT('',#6240);
#6242=CARTESIAN_POINT('',(-1.15E1,-3.975E0,-1.18E1));
#6243=VERTEX_POINT('',#6242);
#6244=CARTESIAN_POINT('',(-9.5E0,-3.975E0,-1.18E1));
#6245=VERTEX_POINT('',#6244);
#6246=CARTESIAN_POINT('',(-9.5E0,3.975E0,-1.18E1));
#6247=VERTEX_POINT('',#6246);
#6248=CARTESIAN_POINT('',(-1.15E1,3.975E0,-1.18E1));
#6249=VERTEX_POINT('',#6248);
#6250=CARTESIAN_POINT('',(-7.3E0,-3.975E0,-1.18E1));
#6251=VERTEX_POINT('',#6250);
#6252=CARTESIAN_POINT('',(-5.3E0,-3.975E0,-1.18E1));
#6253=VERTEX_POINT('',#6252);
#6254=CARTESIAN_POINT('',(-5.3E0,3.975E0,-1.18E1));
#6255=VERTEX_POINT('',#6254);
#6256=CARTESIAN_POINT('',(-7.3E0,3.975E0,-1.18E1));
#6257=VERTEX_POINT('',#6256);
#6258=CARTESIAN_POINT('',(-3.1E0,-3.975E0,-1.18E1));
#6259=VERTEX_POINT('',#6258);
#6260=CARTESIAN_POINT('',(-1.1E0,-3.975E0,-1.18E1));
#6261=VERTEX_POINT('',#6260);
#6262=CARTESIAN_POINT('',(-1.1E0,3.975E0,-1.18E1));
#6263=VERTEX_POINT('',#6262);
#6264=CARTESIAN_POINT('',(-3.1E0,3.975E0,-1.18E1));
#6265=VERTEX_POINT('',#6264);
#6266=CARTESIAN_POINT('',(1.1E0,-3.975E0,-1.18E1));
#6267=VERTEX_POINT('',#6266);
#6268=CARTESIAN_POINT('',(3.1E0,-3.975E0,-1.18E1));
#6269=VERTEX_POINT('',#6268);
#6270=CARTESIAN_POINT('',(3.1E0,3.975E0,-1.18E1));
#6271=VERTEX_POINT('',#6270);
#6272=CARTESIAN_POINT('',(1.1E0,3.975E0,-1.18E1));
#6273=VERTEX_POINT('',#6272);
#6274=CARTESIAN_POINT('',(5.3E0,-3.975E0,-1.18E1));
#6275=VERTEX_POINT('',#6274);
#6276=CARTESIAN_POINT('',(7.3E0,-3.975E0,-1.18E1));
#6277=VERTEX_POINT('',#6276);
#6278=CARTESIAN_POINT('',(7.3E0,3.975E0,-1.18E1));
#6279=VERTEX_POINT('',#6278);
#6280=CARTESIAN_POINT('',(5.3E0,3.975E0,-1.18E1));
#6281=VERTEX_POINT('',#6280);
#6282=CARTESIAN_POINT('',(9.5E0,-3.975E0,-1.18E1));
#6283=VERTEX_POINT('',#6282);
#6284=CARTESIAN_POINT('',(1.15E1,-3.975E0,-1.18E1));
#6285=VERTEX_POINT('',#6284);
#6286=CARTESIAN_POINT('',(1.15E1,3.975E0,-1.18E1));
#6287=VERTEX_POINT('',#6286);
#6288=CARTESIAN_POINT('',(9.5E0,3.975E0,-1.18E1));
#6289=VERTEX_POINT('',#6288);
#6290=CARTESIAN_POINT('',(1.37E1,-3.975E0,-1.18E1));
#6291=VERTEX_POINT('',#6290);
#6292=CARTESIAN_POINT('',(1.57E1,3.975E0,-1.18E1));
#6293=VERTEX_POINT('',#6292);
#6294=CARTESIAN_POINT('',(1.37E1,3.975E0,-1.18E1));
#6295=VERTEX_POINT('',#6294);
#6296=CARTESIAN_POINT('',(1.99E1,3.975E0,-1.18E1));
#6297=VERTEX_POINT('',#6296);
#6298=CARTESIAN_POINT('',(1.79E1,3.975E0,-1.18E1));
#6299=VERTEX_POINT('',#6298);
#6300=CARTESIAN_POINT('',(2.41E1,3.975E0,-1.18E1));
#6301=VERTEX_POINT('',#6300);
#6302=CARTESIAN_POINT('',(2.21E1,3.975E0,-1.18E1));
#6303=VERTEX_POINT('',#6302);
#6304=CARTESIAN_POINT('',(-1.527E1,-3.025E0,-1.6E1));
#6305=CARTESIAN_POINT('',(-1.527E1,-2.475E0,-1.6E1));
#6306=VERTEX_POINT('',#6304);
#6307=VERTEX_POINT('',#6305);
#6308=CARTESIAN_POINT('',(-1.413E1,-2.475E0,-1.6E1));
#6309=VERTEX_POINT('',#6308);
#6310=CARTESIAN_POINT('',(-1.413E1,-3.025E0,-1.6E1));
#6311=VERTEX_POINT('',#6310);
#6312=CARTESIAN_POINT('',(-1.527E1,3.025E0,-1.6E1));
#6313=CARTESIAN_POINT('',(-1.413E1,3.025E0,-1.6E1));
#6314=VERTEX_POINT('',#6312);
#6315=VERTEX_POINT('',#6313);
#6316=CARTESIAN_POINT('',(-1.413E1,2.475E0,-1.6E1));
#6317=VERTEX_POINT('',#6316);
#6318=CARTESIAN_POINT('',(-1.527E1,2.475E0,-1.6E1));
#6319=VERTEX_POINT('',#6318);
#6320=CARTESIAN_POINT('',(-1.527E1,-3.025E0,-1.18E1));
#6321=CARTESIAN_POINT('',(-1.527E1,-2.475E0,-1.18E1));
#6322=VERTEX_POINT('',#6320);
#6323=VERTEX_POINT('',#6321);
#6324=CARTESIAN_POINT('',(-1.413E1,-2.475E0,-1.18E1));
#6325=VERTEX_POINT('',#6324);
#6326=CARTESIAN_POINT('',(-1.413E1,-3.025E0,-1.18E1));
#6327=VERTEX_POINT('',#6326);
#6328=CARTESIAN_POINT('',(-1.527E1,3.025E0,-1.18E1));
#6329=CARTESIAN_POINT('',(-1.413E1,3.025E0,-1.18E1));
#6330=VERTEX_POINT('',#6328);
#6331=VERTEX_POINT('',#6329);
#6332=CARTESIAN_POINT('',(-1.413E1,2.475E0,-1.18E1));
#6333=VERTEX_POINT('',#6332);
#6334=CARTESIAN_POINT('',(-1.527E1,2.475E0,-1.18E1));
#6335=VERTEX_POINT('',#6334);
#6336=CARTESIAN_POINT('',(-1.107E1,-3.025E0,-1.6E1));
#6337=CARTESIAN_POINT('',(-1.107E1,-2.475E0,-1.6E1));
#6338=VERTEX_POINT('',#6336);
#6339=VERTEX_POINT('',#6337);
#6340=CARTESIAN_POINT('',(-9.93E0,-2.475E0,-1.6E1));
#6341=VERTEX_POINT('',#6340);
#6342=CARTESIAN_POINT('',(-9.93E0,-3.025E0,-1.6E1));
#6343=VERTEX_POINT('',#6342);
#6344=CARTESIAN_POINT('',(-1.107E1,3.025E0,-1.6E1));
#6345=CARTESIAN_POINT('',(-9.93E0,3.025E0,-1.6E1));
#6346=VERTEX_POINT('',#6344);
#6347=VERTEX_POINT('',#6345);
#6348=CARTESIAN_POINT('',(-9.93E0,2.475E0,-1.6E1));
#6349=VERTEX_POINT('',#6348);
#6350=CARTESIAN_POINT('',(-1.107E1,2.475E0,-1.6E1));
#6351=VERTEX_POINT('',#6350);
#6352=CARTESIAN_POINT('',(-1.107E1,-3.025E0,-1.18E1));
#6353=CARTESIAN_POINT('',(-1.107E1,-2.475E0,-1.18E1));
#6354=VERTEX_POINT('',#6352);
#6355=VERTEX_POINT('',#6353);
#6356=CARTESIAN_POINT('',(-9.93E0,-2.475E0,-1.18E1));
#6357=VERTEX_POINT('',#6356);
#6358=CARTESIAN_POINT('',(-9.93E0,-3.025E0,-1.18E1));
#6359=VERTEX_POINT('',#6358);
#6360=CARTESIAN_POINT('',(-1.107E1,3.025E0,-1.18E1));
#6361=CARTESIAN_POINT('',(-9.93E0,3.025E0,-1.18E1));
#6362=VERTEX_POINT('',#6360);
#6363=VERTEX_POINT('',#6361);
#6364=CARTESIAN_POINT('',(-9.93E0,2.475E0,-1.18E1));
#6365=VERTEX_POINT('',#6364);
#6366=CARTESIAN_POINT('',(-1.107E1,2.475E0,-1.18E1));
#6367=VERTEX_POINT('',#6366);
#6368=CARTESIAN_POINT('',(-6.87E0,-3.025E0,-1.6E1));
#6369=CARTESIAN_POINT('',(-6.87E0,-2.475E0,-1.6E1));
#6370=VERTEX_POINT('',#6368);
#6371=VERTEX_POINT('',#6369);
#6372=CARTESIAN_POINT('',(-5.73E0,-2.475E0,-1.6E1));
#6373=VERTEX_POINT('',#6372);
#6374=CARTESIAN_POINT('',(-5.73E0,-3.025E0,-1.6E1));
#6375=VERTEX_POINT('',#6374);
#6376=CARTESIAN_POINT('',(-6.87E0,3.025E0,-1.6E1));
#6377=CARTESIAN_POINT('',(-5.73E0,3.025E0,-1.6E1));
#6378=VERTEX_POINT('',#6376);
#6379=VERTEX_POINT('',#6377);
#6380=CARTESIAN_POINT('',(-5.73E0,2.475E0,-1.6E1));
#6381=VERTEX_POINT('',#6380);
#6382=CARTESIAN_POINT('',(-6.87E0,2.475E0,-1.6E1));
#6383=VERTEX_POINT('',#6382);
#6384=CARTESIAN_POINT('',(-6.87E0,-3.025E0,-1.18E1));
#6385=CARTESIAN_POINT('',(-6.87E0,-2.475E0,-1.18E1));
#6386=VERTEX_POINT('',#6384);
#6387=VERTEX_POINT('',#6385);
#6388=CARTESIAN_POINT('',(-5.73E0,-2.475E0,-1.18E1));
#6389=VERTEX_POINT('',#6388);
#6390=CARTESIAN_POINT('',(-5.73E0,-3.025E0,-1.18E1));
#6391=VERTEX_POINT('',#6390);
#6392=CARTESIAN_POINT('',(-6.87E0,3.025E0,-1.18E1));
#6393=CARTESIAN_POINT('',(-5.73E0,3.025E0,-1.18E1));
#6394=VERTEX_POINT('',#6392);
#6395=VERTEX_POINT('',#6393);
#6396=CARTESIAN_POINT('',(-5.73E0,2.475E0,-1.18E1));
#6397=VERTEX_POINT('',#6396);
#6398=CARTESIAN_POINT('',(-6.87E0,2.475E0,-1.18E1));
#6399=VERTEX_POINT('',#6398);
#6400=CARTESIAN_POINT('',(-2.67E0,-3.025E0,-1.6E1));
#6401=CARTESIAN_POINT('',(-2.67E0,-2.475E0,-1.6E1));
#6402=VERTEX_POINT('',#6400);
#6403=VERTEX_POINT('',#6401);
#6404=CARTESIAN_POINT('',(-1.53E0,-2.475E0,-1.6E1));
#6405=VERTEX_POINT('',#6404);
#6406=CARTESIAN_POINT('',(-1.53E0,-3.025E0,-1.6E1));
#6407=VERTEX_POINT('',#6406);
#6408=CARTESIAN_POINT('',(-2.67E0,3.025E0,-1.6E1));
#6409=CARTESIAN_POINT('',(-1.53E0,3.025E0,-1.6E1));
#6410=VERTEX_POINT('',#6408);
#6411=VERTEX_POINT('',#6409);
#6412=CARTESIAN_POINT('',(-1.53E0,2.475E0,-1.6E1));
#6413=VERTEX_POINT('',#6412);
#6414=CARTESIAN_POINT('',(-2.67E0,2.475E0,-1.6E1));
#6415=VERTEX_POINT('',#6414);
#6416=CARTESIAN_POINT('',(-2.67E0,-3.025E0,-1.18E1));
#6417=CARTESIAN_POINT('',(-2.67E0,-2.475E0,-1.18E1));
#6418=VERTEX_POINT('',#6416);
#6419=VERTEX_POINT('',#6417);
#6420=CARTESIAN_POINT('',(-1.53E0,-2.475E0,-1.18E1));
#6421=VERTEX_POINT('',#6420);
#6422=CARTESIAN_POINT('',(-1.53E0,-3.025E0,-1.18E1));
#6423=VERTEX_POINT('',#6422);
#6424=CARTESIAN_POINT('',(-2.67E0,3.025E0,-1.18E1));
#6425=CARTESIAN_POINT('',(-1.53E0,3.025E0,-1.18E1));
#6426=VERTEX_POINT('',#6424);
#6427=VERTEX_POINT('',#6425);
#6428=CARTESIAN_POINT('',(-1.53E0,2.475E0,-1.18E1));
#6429=VERTEX_POINT('',#6428);
#6430=CARTESIAN_POINT('',(-2.67E0,2.475E0,-1.18E1));
#6431=VERTEX_POINT('',#6430);
#6432=CARTESIAN_POINT('',(1.53E0,-3.025E0,-1.6E1));
#6433=CARTESIAN_POINT('',(1.53E0,-2.475E0,-1.6E1));
#6434=VERTEX_POINT('',#6432);
#6435=VERTEX_POINT('',#6433);
#6436=CARTESIAN_POINT('',(2.67E0,-2.475E0,-1.6E1));
#6437=VERTEX_POINT('',#6436);
#6438=CARTESIAN_POINT('',(2.67E0,-3.025E0,-1.6E1));
#6439=VERTEX_POINT('',#6438);
#6440=CARTESIAN_POINT('',(1.53E0,3.025E0,-1.6E1));
#6441=CARTESIAN_POINT('',(2.67E0,3.025E0,-1.6E1));
#6442=VERTEX_POINT('',#6440);
#6443=VERTEX_POINT('',#6441);
#6444=CARTESIAN_POINT('',(2.67E0,2.475E0,-1.6E1));
#6445=VERTEX_POINT('',#6444);
#6446=CARTESIAN_POINT('',(1.53E0,2.475E0,-1.6E1));
#6447=VERTEX_POINT('',#6446);
#6448=CARTESIAN_POINT('',(1.53E0,-3.025E0,-1.18E1));
#6449=CARTESIAN_POINT('',(1.53E0,-2.475E0,-1.18E1));
#6450=VERTEX_POINT('',#6448);
#6451=VERTEX_POINT('',#6449);
#6452=CARTESIAN_POINT('',(2.67E0,-2.475E0,-1.18E1));
#6453=VERTEX_POINT('',#6452);
#6454=CARTESIAN_POINT('',(2.67E0,-3.025E0,-1.18E1));
#6455=VERTEX_POINT('',#6454);
#6456=CARTESIAN_POINT('',(1.53E0,3.025E0,-1.18E1));
#6457=CARTESIAN_POINT('',(2.67E0,3.025E0,-1.18E1));
#6458=VERTEX_POINT('',#6456);
#6459=VERTEX_POINT('',#6457);
#6460=CARTESIAN_POINT('',(2.67E0,2.475E0,-1.18E1));
#6461=VERTEX_POINT('',#6460);
#6462=CARTESIAN_POINT('',(1.53E0,2.475E0,-1.18E1));
#6463=VERTEX_POINT('',#6462);
#6464=CARTESIAN_POINT('',(5.73E0,-3.025E0,-1.6E1));
#6465=CARTESIAN_POINT('',(5.73E0,-2.475E0,-1.6E1));
#6466=VERTEX_POINT('',#6464);
#6467=VERTEX_POINT('',#6465);
#6468=CARTESIAN_POINT('',(6.87E0,-2.475E0,-1.6E1));
#6469=VERTEX_POINT('',#6468);
#6470=CARTESIAN_POINT('',(6.87E0,-3.025E0,-1.6E1));
#6471=VERTEX_POINT('',#6470);
#6472=CARTESIAN_POINT('',(5.73E0,3.025E0,-1.6E1));
#6473=CARTESIAN_POINT('',(6.87E0,3.025E0,-1.6E1));
#6474=VERTEX_POINT('',#6472);
#6475=VERTEX_POINT('',#6473);
#6476=CARTESIAN_POINT('',(6.87E0,2.475E0,-1.6E1));
#6477=VERTEX_POINT('',#6476);
#6478=CARTESIAN_POINT('',(5.73E0,2.475E0,-1.6E1));
#6479=VERTEX_POINT('',#6478);
#6480=CARTESIAN_POINT('',(5.73E0,-3.025E0,-1.18E1));
#6481=CARTESIAN_POINT('',(5.73E0,-2.475E0,-1.18E1));
#6482=VERTEX_POINT('',#6480);
#6483=VERTEX_POINT('',#6481);
#6484=CARTESIAN_POINT('',(6.87E0,-2.475E0,-1.18E1));
#6485=VERTEX_POINT('',#6484);
#6486=CARTESIAN_POINT('',(6.87E0,-3.025E0,-1.18E1));
#6487=VERTEX_POINT('',#6486);
#6488=CARTESIAN_POINT('',(5.73E0,3.025E0,-1.18E1));
#6489=CARTESIAN_POINT('',(6.87E0,3.025E0,-1.18E1));
#6490=VERTEX_POINT('',#6488);
#6491=VERTEX_POINT('',#6489);
#6492=CARTESIAN_POINT('',(6.87E0,2.475E0,-1.18E1));
#6493=VERTEX_POINT('',#6492);
#6494=CARTESIAN_POINT('',(5.73E0,2.475E0,-1.18E1));
#6495=VERTEX_POINT('',#6494);
#6496=CARTESIAN_POINT('',(9.93E0,-3.025E0,-1.6E1));
#6497=CARTESIAN_POINT('',(9.93E0,-2.475E0,-1.6E1));
#6498=VERTEX_POINT('',#6496);
#6499=VERTEX_POINT('',#6497);
#6500=CARTESIAN_POINT('',(1.107E1,-2.475E0,-1.6E1));
#6501=VERTEX_POINT('',#6500);
#6502=CARTESIAN_POINT('',(1.107E1,-3.025E0,-1.6E1));
#6503=VERTEX_POINT('',#6502);
#6504=CARTESIAN_POINT('',(9.93E0,3.025E0,-1.6E1));
#6505=CARTESIAN_POINT('',(1.107E1,3.025E0,-1.6E1));
#6506=VERTEX_POINT('',#6504);
#6507=VERTEX_POINT('',#6505);
#6508=CARTESIAN_POINT('',(1.107E1,2.475E0,-1.6E1));
#6509=VERTEX_POINT('',#6508);
#6510=CARTESIAN_POINT('',(9.93E0,2.475E0,-1.6E1));
#6511=VERTEX_POINT('',#6510);
#6512=CARTESIAN_POINT('',(9.93E0,-3.025E0,-1.18E1));
#6513=CARTESIAN_POINT('',(9.93E0,-2.475E0,-1.18E1));
#6514=VERTEX_POINT('',#6512);
#6515=VERTEX_POINT('',#6513);
#6516=CARTESIAN_POINT('',(1.107E1,-2.475E0,-1.18E1));
#6517=VERTEX_POINT('',#6516);
#6518=CARTESIAN_POINT('',(1.107E1,-3.025E0,-1.18E1));
#6519=VERTEX_POINT('',#6518);
#6520=CARTESIAN_POINT('',(9.93E0,3.025E0,-1.18E1));
#6521=CARTESIAN_POINT('',(1.107E1,3.025E0,-1.18E1));
#6522=VERTEX_POINT('',#6520);
#6523=VERTEX_POINT('',#6521);
#6524=CARTESIAN_POINT('',(1.107E1,2.475E0,-1.18E1));
#6525=VERTEX_POINT('',#6524);
#6526=CARTESIAN_POINT('',(9.93E0,2.475E0,-1.18E1));
#6527=VERTEX_POINT('',#6526);
#6528=CARTESIAN_POINT('',(1.413E1,-3.025E0,-1.6E1));
#6529=CARTESIAN_POINT('',(1.413E1,-2.475E0,-1.6E1));
#6530=VERTEX_POINT('',#6528);
#6531=VERTEX_POINT('',#6529);
#6532=CARTESIAN_POINT('',(1.527E1,-2.475E0,-1.6E1));
#6533=VERTEX_POINT('',#6532);
#6534=CARTESIAN_POINT('',(1.527E1,-3.025E0,-1.6E1));
#6535=VERTEX_POINT('',#6534);
#6536=CARTESIAN_POINT('',(1.413E1,3.025E0,-1.6E1));
#6537=CARTESIAN_POINT('',(1.527E1,3.025E0,-1.6E1));
#6538=VERTEX_POINT('',#6536);
#6539=VERTEX_POINT('',#6537);
#6540=CARTESIAN_POINT('',(1.527E1,2.475E0,-1.6E1));
#6541=VERTEX_POINT('',#6540);
#6542=CARTESIAN_POINT('',(1.413E1,2.475E0,-1.6E1));
#6543=VERTEX_POINT('',#6542);
#6544=CARTESIAN_POINT('',(1.413E1,-3.025E0,-1.18E1));
#6545=CARTESIAN_POINT('',(1.413E1,-2.475E0,-1.18E1));
#6546=VERTEX_POINT('',#6544);
#6547=VERTEX_POINT('',#6545);
#6548=CARTESIAN_POINT('',(1.527E1,-2.475E0,-1.18E1));
#6549=VERTEX_POINT('',#6548);
#6550=CARTESIAN_POINT('',(1.527E1,-3.025E0,-1.18E1));
#6551=VERTEX_POINT('',#6550);
#6552=CARTESIAN_POINT('',(1.413E1,3.025E0,-1.18E1));
#6553=CARTESIAN_POINT('',(1.527E1,3.025E0,-1.18E1));
#6554=VERTEX_POINT('',#6552);
#6555=VERTEX_POINT('',#6553);
#6556=CARTESIAN_POINT('',(1.527E1,2.475E0,-1.18E1));
#6557=VERTEX_POINT('',#6556);
#6558=CARTESIAN_POINT('',(1.413E1,2.475E0,-1.18E1));
#6559=VERTEX_POINT('',#6558);
#6560=CARTESIAN_POINT('',(1.833E1,-3.025E0,-1.6E1));
#6561=CARTESIAN_POINT('',(1.833E1,-2.475E0,-1.6E1));
#6562=VERTEX_POINT('',#6560);
#6563=VERTEX_POINT('',#6561);
#6564=CARTESIAN_POINT('',(1.947E1,-2.475E0,-1.6E1));
#6565=VERTEX_POINT('',#6564);
#6566=CARTESIAN_POINT('',(1.947E1,-3.025E0,-1.6E1));
#6567=VERTEX_POINT('',#6566);
#6568=CARTESIAN_POINT('',(1.833E1,3.025E0,-1.6E1));
#6569=CARTESIAN_POINT('',(1.947E1,3.025E0,-1.6E1));
#6570=VERTEX_POINT('',#6568);
#6571=VERTEX_POINT('',#6569);
#6572=CARTESIAN_POINT('',(1.947E1,2.475E0,-1.6E1));
#6573=VERTEX_POINT('',#6572);
#6574=CARTESIAN_POINT('',(1.833E1,2.475E0,-1.6E1));
#6575=VERTEX_POINT('',#6574);
#6576=CARTESIAN_POINT('',(1.833E1,-3.025E0,-1.18E1));
#6577=CARTESIAN_POINT('',(1.833E1,-2.475E0,-1.18E1));
#6578=VERTEX_POINT('',#6576);
#6579=VERTEX_POINT('',#6577);
#6580=CARTESIAN_POINT('',(1.947E1,-2.475E0,-1.18E1));
#6581=VERTEX_POINT('',#6580);
#6582=CARTESIAN_POINT('',(1.947E1,-3.025E0,-1.18E1));
#6583=VERTEX_POINT('',#6582);
#6584=CARTESIAN_POINT('',(1.833E1,3.025E0,-1.18E1));
#6585=CARTESIAN_POINT('',(1.947E1,3.025E0,-1.18E1));
#6586=VERTEX_POINT('',#6584);
#6587=VERTEX_POINT('',#6585);
#6588=CARTESIAN_POINT('',(1.947E1,2.475E0,-1.18E1));
#6589=VERTEX_POINT('',#6588);
#6590=CARTESIAN_POINT('',(1.833E1,2.475E0,-1.18E1));
#6591=VERTEX_POINT('',#6590);
#6592=CARTESIAN_POINT('',(2.253E1,-3.025E0,-1.6E1));
#6593=CARTESIAN_POINT('',(2.253E1,-2.475E0,-1.6E1));
#6594=VERTEX_POINT('',#6592);
#6595=VERTEX_POINT('',#6593);
#6596=CARTESIAN_POINT('',(2.367E1,-2.475E0,-1.6E1));
#6597=VERTEX_POINT('',#6596);
#6598=CARTESIAN_POINT('',(2.367E1,-3.025E0,-1.6E1));
#6599=VERTEX_POINT('',#6598);
#6600=CARTESIAN_POINT('',(2.253E1,3.025E0,-1.6E1));
#6601=CARTESIAN_POINT('',(2.367E1,3.025E0,-1.6E1));
#6602=VERTEX_POINT('',#6600);
#6603=VERTEX_POINT('',#6601);
#6604=CARTESIAN_POINT('',(2.367E1,2.475E0,-1.6E1));
#6605=VERTEX_POINT('',#6604);
#6606=CARTESIAN_POINT('',(2.253E1,2.475E0,-1.6E1));
#6607=VERTEX_POINT('',#6606);
#6608=CARTESIAN_POINT('',(2.253E1,-3.025E0,-1.18E1));
#6609=CARTESIAN_POINT('',(2.253E1,-2.475E0,-1.18E1));
#6610=VERTEX_POINT('',#6608);
#6611=VERTEX_POINT('',#6609);
#6612=CARTESIAN_POINT('',(2.367E1,-2.475E0,-1.18E1));
#6613=VERTEX_POINT('',#6612);
#6614=CARTESIAN_POINT('',(2.367E1,-3.025E0,-1.18E1));
#6615=VERTEX_POINT('',#6614);
#6616=CARTESIAN_POINT('',(2.253E1,3.025E0,-1.18E1));
#6617=CARTESIAN_POINT('',(2.367E1,3.025E0,-1.18E1));
#6618=VERTEX_POINT('',#6616);
#6619=VERTEX_POINT('',#6617);
#6620=CARTESIAN_POINT('',(2.367E1,2.475E0,-1.18E1));
#6621=VERTEX_POINT('',#6620);
#6622=CARTESIAN_POINT('',(2.253E1,2.475E0,-1.18E1));
#6623=VERTEX_POINT('',#6622);
#6624=CARTESIAN_POINT('',(4.E0,2.975E0,-9.05E0));
#6625=CARTESIAN_POINT('',(3.E0,3.975E0,-9.05E0));
#6626=VERTEX_POINT('',#6624);
#6627=VERTEX_POINT('',#6625);
#6628=CARTESIAN_POINT('',(3.E0,3.975E0,0.E0));
#6629=VERTEX_POINT('',#6628);
#6630=CARTESIAN_POINT('',(4.E0,2.975E0,0.E0));
#6631=VERTEX_POINT('',#6630);
#6632=CARTESIAN_POINT('',(1.2E0,3.975E0,-9.05E0));
#6633=CARTESIAN_POINT('',(2.E-1,2.975E0,-9.05E0));
#6634=VERTEX_POINT('',#6632);
#6635=VERTEX_POINT('',#6633);
#6636=CARTESIAN_POINT('',(2.E-1,2.975E0,0.E0));
#6637=VERTEX_POINT('',#6636);
#6638=CARTESIAN_POINT('',(1.2E0,3.975E0,0.E0));
#6639=VERTEX_POINT('',#6638);
#6640=CARTESIAN_POINT('',(8.2E0,-1.225E0,-9.05E0));
#6641=CARTESIAN_POINT('',(7.2E0,-2.25E-1,-9.05E0));
#6642=VERTEX_POINT('',#6640);
#6643=VERTEX_POINT('',#6641);
#6644=CARTESIAN_POINT('',(7.2E0,-2.25E-1,0.E0));
#6645=VERTEX_POINT('',#6644);
#6646=CARTESIAN_POINT('',(8.2E0,-1.225E0,0.E0));
#6647=VERTEX_POINT('',#6646);
#6648=CARTESIAN_POINT('',(5.4E0,-2.25E-1,-9.05E0));
#6649=CARTESIAN_POINT('',(4.4E0,-1.225E0,-9.05E0));
#6650=VERTEX_POINT('',#6648);
#6651=VERTEX_POINT('',#6649);
#6652=CARTESIAN_POINT('',(4.4E0,-1.225E0,0.E0));
#6653=VERTEX_POINT('',#6652);
#6654=CARTESIAN_POINT('',(5.4E0,-2.25E-1,0.E0));
#6655=VERTEX_POINT('',#6654);
#6656=CARTESIAN_POINT('',(1.24E1,-1.225E0,-9.05E0));
#6657=CARTESIAN_POINT('',(1.14E1,-2.25E-1,-9.05E0));
#6658=VERTEX_POINT('',#6656);
#6659=VERTEX_POINT('',#6657);
#6660=CARTESIAN_POINT('',(1.14E1,-2.25E-1,0.E0));
#6661=VERTEX_POINT('',#6660);
#6662=CARTESIAN_POINT('',(1.24E1,-1.225E0,0.E0));
#6663=VERTEX_POINT('',#6662);
#6664=CARTESIAN_POINT('',(9.6E0,-2.25E-1,-9.05E0));
#6665=CARTESIAN_POINT('',(8.6E0,-1.225E0,-9.05E0));
#6666=VERTEX_POINT('',#6664);
#6667=VERTEX_POINT('',#6665);
#6668=CARTESIAN_POINT('',(8.6E0,-1.225E0,0.E0));
#6669=VERTEX_POINT('',#6668);
#6670=CARTESIAN_POINT('',(9.6E0,-2.25E-1,0.E0));
#6671=VERTEX_POINT('',#6670);
#6672=CARTESIAN_POINT('',(1.66E1,2.975E0,-9.05E0));
#6673=CARTESIAN_POINT('',(1.56E1,3.975E0,-9.05E0));
#6674=VERTEX_POINT('',#6672);
#6675=VERTEX_POINT('',#6673);
#6676=CARTESIAN_POINT('',(1.56E1,3.975E0,0.E0));
#6677=VERTEX_POINT('',#6676);
#6678=CARTESIAN_POINT('',(1.66E1,2.975E0,0.E0));
#6679=VERTEX_POINT('',#6678);
#6680=CARTESIAN_POINT('',(1.38E1,3.975E0,-9.05E0));
#6681=CARTESIAN_POINT('',(1.28E1,2.975E0,-9.05E0));
#6682=VERTEX_POINT('',#6680);
#6683=VERTEX_POINT('',#6681);
#6684=CARTESIAN_POINT('',(1.28E1,2.975E0,0.E0));
#6685=VERTEX_POINT('',#6684);
#6686=CARTESIAN_POINT('',(1.38E1,3.975E0,0.E0));
#6687=VERTEX_POINT('',#6686);
#6688=CARTESIAN_POINT('',(2.08E1,2.975E0,-9.05E0));
#6689=CARTESIAN_POINT('',(1.98E1,3.975E0,-9.05E0));
#6690=VERTEX_POINT('',#6688);
#6691=VERTEX_POINT('',#6689);
#6692=CARTESIAN_POINT('',(1.98E1,3.975E0,0.E0));
#6693=VERTEX_POINT('',#6692);
#6694=CARTESIAN_POINT('',(2.08E1,2.975E0,0.E0));
#6695=VERTEX_POINT('',#6694);
#6696=CARTESIAN_POINT('',(1.8E1,3.975E0,-9.05E0));
#6697=CARTESIAN_POINT('',(1.7E1,2.975E0,-9.05E0));
#6698=VERTEX_POINT('',#6696);
#6699=VERTEX_POINT('',#6697);
#6700=CARTESIAN_POINT('',(1.7E1,2.975E0,0.E0));
#6701=VERTEX_POINT('',#6700);
#6702=CARTESIAN_POINT('',(1.8E1,3.975E0,0.E0));
#6703=VERTEX_POINT('',#6702);
#6704=CARTESIAN_POINT('',(2.5E1,-1.225E0,-9.05E0));
#6705=CARTESIAN_POINT('',(2.4E1,-2.25E-1,-9.05E0));
#6706=VERTEX_POINT('',#6704);
#6707=VERTEX_POINT('',#6705);
#6708=CARTESIAN_POINT('',(2.4E1,-2.25E-1,0.E0));
#6709=VERTEX_POINT('',#6708);
#6710=CARTESIAN_POINT('',(2.5E1,-1.225E0,0.E0));
#6711=VERTEX_POINT('',#6710);
#6712=CARTESIAN_POINT('',(2.22E1,-2.25E-1,-9.05E0));
#6713=CARTESIAN_POINT('',(2.12E1,-1.225E0,-9.05E0));
#6714=VERTEX_POINT('',#6712);
#6715=VERTEX_POINT('',#6713);
#6716=CARTESIAN_POINT('',(2.12E1,-1.225E0,0.E0));
#6717=VERTEX_POINT('',#6716);
#6718=CARTESIAN_POINT('',(2.22E1,-2.25E-1,0.E0));
#6719=VERTEX_POINT('',#6718);
#6720=CARTESIAN_POINT('',(-2.12E1,-1.225E0,-9.05E0));
#6721=CARTESIAN_POINT('',(-2.22E1,-2.25E-1,-9.05E0));
#6722=VERTEX_POINT('',#6720);
#6723=VERTEX_POINT('',#6721);
#6724=CARTESIAN_POINT('',(-2.22E1,-2.25E-1,0.E0));
#6725=VERTEX_POINT('',#6724);
#6726=CARTESIAN_POINT('',(-2.12E1,-1.225E0,0.E0));
#6727=VERTEX_POINT('',#6726);
#6728=CARTESIAN_POINT('',(-2.4E1,-2.25E-1,-9.05E0));
#6729=CARTESIAN_POINT('',(-2.5E1,-1.225E0,-9.05E0));
#6730=VERTEX_POINT('',#6728);
#6731=VERTEX_POINT('',#6729);
#6732=CARTESIAN_POINT('',(-2.5E1,-1.225E0,0.E0));
#6733=VERTEX_POINT('',#6732);
#6734=CARTESIAN_POINT('',(-2.4E1,-2.25E-1,0.E0));
#6735=VERTEX_POINT('',#6734);
#6736=CARTESIAN_POINT('',(-1.7E1,2.975E0,-9.05E0));
#6737=CARTESIAN_POINT('',(-1.8E1,3.975E0,-9.05E0));
#6738=VERTEX_POINT('',#6736);
#6739=VERTEX_POINT('',#6737);
#6740=CARTESIAN_POINT('',(-1.8E1,3.975E0,0.E0));
#6741=VERTEX_POINT('',#6740);
#6742=CARTESIAN_POINT('',(-1.7E1,2.975E0,0.E0));
#6743=VERTEX_POINT('',#6742);
#6744=CARTESIAN_POINT('',(-1.98E1,3.975E0,-9.05E0));
#6745=CARTESIAN_POINT('',(-2.08E1,2.975E0,-9.05E0));
#6746=VERTEX_POINT('',#6744);
#6747=VERTEX_POINT('',#6745);
#6748=CARTESIAN_POINT('',(-2.08E1,2.975E0,0.E0));
#6749=VERTEX_POINT('',#6748);
#6750=CARTESIAN_POINT('',(-1.98E1,3.975E0,0.E0));
#6751=VERTEX_POINT('',#6750);
#6752=CARTESIAN_POINT('',(-1.28E1,2.975E0,-9.05E0));
#6753=CARTESIAN_POINT('',(-1.38E1,3.975E0,-9.05E0));
#6754=VERTEX_POINT('',#6752);
#6755=VERTEX_POINT('',#6753);
#6756=CARTESIAN_POINT('',(-1.38E1,3.975E0,0.E0));
#6757=VERTEX_POINT('',#6756);
#6758=CARTESIAN_POINT('',(-1.28E1,2.975E0,0.E0));
#6759=VERTEX_POINT('',#6758);
#6760=CARTESIAN_POINT('',(-1.56E1,3.975E0,-9.05E0));
#6761=CARTESIAN_POINT('',(-1.66E1,2.975E0,-9.05E0));
#6762=VERTEX_POINT('',#6760);
#6763=VERTEX_POINT('',#6761);
#6764=CARTESIAN_POINT('',(-1.66E1,2.975E0,0.E0));
#6765=VERTEX_POINT('',#6764);
#6766=CARTESIAN_POINT('',(-1.56E1,3.975E0,0.E0));
#6767=VERTEX_POINT('',#6766);
#6768=CARTESIAN_POINT('',(-8.6E0,-1.225E0,-9.05E0));
#6769=CARTESIAN_POINT('',(-9.6E0,-2.25E-1,-9.05E0));
#6770=VERTEX_POINT('',#6768);
#6771=VERTEX_POINT('',#6769);
#6772=CARTESIAN_POINT('',(-9.6E0,-2.25E-1,0.E0));
#6773=VERTEX_POINT('',#6772);
#6774=CARTESIAN_POINT('',(-8.6E0,-1.225E0,0.E0));
#6775=VERTEX_POINT('',#6774);
#6776=CARTESIAN_POINT('',(-1.14E1,-2.25E-1,-9.05E0));
#6777=CARTESIAN_POINT('',(-1.24E1,-1.225E0,-9.05E0));
#6778=VERTEX_POINT('',#6776);
#6779=VERTEX_POINT('',#6777);
#6780=CARTESIAN_POINT('',(-1.24E1,-1.225E0,0.E0));
#6781=VERTEX_POINT('',#6780);
#6782=CARTESIAN_POINT('',(-1.14E1,-2.25E-1,0.E0));
#6783=VERTEX_POINT('',#6782);
#6784=CARTESIAN_POINT('',(-4.4E0,-1.225E0,-9.05E0));
#6785=CARTESIAN_POINT('',(-5.4E0,-2.25E-1,-9.05E0));
#6786=VERTEX_POINT('',#6784);
#6787=VERTEX_POINT('',#6785);
#6788=CARTESIAN_POINT('',(-5.4E0,-2.25E-1,0.E0));
#6789=VERTEX_POINT('',#6788);
#6790=CARTESIAN_POINT('',(-4.4E0,-1.225E0,0.E0));
#6791=VERTEX_POINT('',#6790);
#6792=CARTESIAN_POINT('',(-7.2E0,-2.25E-1,-9.05E0));
#6793=CARTESIAN_POINT('',(-8.2E0,-1.225E0,-9.05E0));
#6794=VERTEX_POINT('',#6792);
#6795=VERTEX_POINT('',#6793);
#6796=CARTESIAN_POINT('',(-8.2E0,-1.225E0,0.E0));
#6797=VERTEX_POINT('',#6796);
#6798=CARTESIAN_POINT('',(-7.2E0,-2.25E-1,0.E0));
#6799=VERTEX_POINT('',#6798);
#6800=CARTESIAN_POINT('',(-2.E-1,2.975E0,-9.05E0));
#6801=CARTESIAN_POINT('',(-1.2E0,3.975E0,-9.05E0));
#6802=VERTEX_POINT('',#6800);
#6803=VERTEX_POINT('',#6801);
#6804=CARTESIAN_POINT('',(-1.2E0,3.975E0,0.E0));
#6805=VERTEX_POINT('',#6804);
#6806=CARTESIAN_POINT('',(-2.E-1,2.975E0,0.E0));
#6807=VERTEX_POINT('',#6806);
#6808=CARTESIAN_POINT('',(-3.E0,3.975E0,-9.05E0));
#6809=CARTESIAN_POINT('',(-4.E0,2.975E0,-9.05E0));
#6810=VERTEX_POINT('',#6808);
#6811=VERTEX_POINT('',#6809);
#6812=CARTESIAN_POINT('',(-4.E0,2.975E0,0.E0));
#6813=VERTEX_POINT('',#6812);
#6814=CARTESIAN_POINT('',(-3.E0,3.975E0,0.E0));
#6815=VERTEX_POINT('',#6814);
#6816=CARTESIAN_POINT('',(-2.575E1,2.8E0,-1.28E1));
#6817=CARTESIAN_POINT('',(-2.575E1,2.8E0,0.E0));
#6818=VERTEX_POINT('',#6816);
#6819=VERTEX_POINT('',#6817);
#6820=CARTESIAN_POINT('',(-2.575E1,2.1E0,-1.28E1));
#6821=CARTESIAN_POINT('',(-2.575E1,2.1E0,0.E0));
#6822=VERTEX_POINT('',#6820);
#6823=VERTEX_POINT('',#6821);
#6824=CARTESIAN_POINT('',(0.E0,0.E0,-1.28E1));
#6825=DIRECTION('',(0.E0,0.E0,1.E0));
#6826=DIRECTION('',(1.E0,0.E0,0.E0));
#6827=AXIS2_PLACEMENT_3D('',#6824,#6825,#6826);
#6828=PLANE('',#6827);
#6830=ORIENTED_EDGE('',*,*,#6829,.T.);
#6832=ORIENTED_EDGE('',*,*,#6831,.F.);
#6834=ORIENTED_EDGE('',*,*,#6833,.T.);
#6836=ORIENTED_EDGE('',*,*,#6835,.T.);
#6837=EDGE_LOOP('',(#6830,#6832,#6834,#6836));
#6838=FACE_OUTER_BOUND('',#6837,.F.);
#6840=CARTESIAN_POINT('',(0.E0,0.E0,-1.28E1));
#6841=DIRECTION('',(0.E0,0.E0,1.E0));
#6842=DIRECTION('',(1.E0,0.E0,0.E0));
#6843=AXIS2_PLACEMENT_3D('',#6840,#6841,#6842);
#6844=PLANE('',#6843);
#6846=ORIENTED_EDGE('',*,*,#6845,.F.);
#6848=ORIENTED_EDGE('',*,*,#6847,.T.);
#6850=ORIENTED_EDGE('',*,*,#6849,.T.);
#6852=ORIENTED_EDGE('',*,*,#6851,.T.);
#6853=EDGE_LOOP('',(#6846,#6848,#6850,#6852));
#6854=FACE_OUTER_BOUND('',#6853,.F.);
#6856=CARTESIAN_POINT('',(0.E0,0.E0,-1.28E1));
#6857=DIRECTION('',(0.E0,0.E0,1.E0));
#6858=DIRECTION('',(1.E0,0.E0,0.E0));
#6859=AXIS2_PLACEMENT_3D('',#6856,#6857,#6858);
#6860=PLANE('',#6859);
#6862=ORIENTED_EDGE('',*,*,#6861,.T.);
#6864=ORIENTED_EDGE('',*,*,#6863,.T.);
#6866=ORIENTED_EDGE('',*,*,#6865,.F.);
#6868=ORIENTED_EDGE('',*,*,#6867,.T.);
#6869=EDGE_LOOP('',(#6862,#6864,#6866,#6868));
#6870=FACE_OUTER_BOUND('',#6869,.F.);
#6872=CARTESIAN_POINT('',(0.E0,0.E0,-1.28E1));
#6873=DIRECTION('',(0.E0,0.E0,1.E0));
#6874=DIRECTION('',(1.E0,0.E0,0.E0));
#6875=AXIS2_PLACEMENT_3D('',#6872,#6873,#6874);
#6876=PLANE('',#6875);
#6878=ORIENTED_EDGE('',*,*,#6877,.T.);
#6880=ORIENTED_EDGE('',*,*,#6879,.F.);
#6882=ORIENTED_EDGE('',*,*,#6881,.T.);
#6884=ORIENTED_EDGE('',*,*,#6883,.T.);
#6885=EDGE_LOOP('',(#6878,#6880,#6882,#6884));
#6886=FACE_OUTER_BOUND('',#6885,.F.);
#6888=CARTESIAN_POINT('',(0.E0,0.E0,-1.28E1));
#6889=DIRECTION('',(0.E0,0.E0,1.E0));
#6890=DIRECTION('',(1.E0,0.E0,0.E0));
#6891=AXIS2_PLACEMENT_3D('',#6888,#6889,#6890);
#6892=PLANE('',#6891);
#6894=ORIENTED_EDGE('',*,*,#6893,.T.);
#6896=ORIENTED_EDGE('',*,*,#6895,.F.);
#6898=ORIENTED_EDGE('',*,*,#6897,.T.);
#6900=ORIENTED_EDGE('',*,*,#6899,.T.);
#6901=EDGE_LOOP('',(#6894,#6896,#6898,#6900));
#6902=FACE_OUTER_BOUND('',#6901,.F.);
#6904=CARTESIAN_POINT('',(0.E0,0.E0,-1.28E1));
#6905=DIRECTION('',(0.E0,0.E0,1.E0));
#6906=DIRECTION('',(1.E0,0.E0,0.E0));
#6907=AXIS2_PLACEMENT_3D('',#6904,#6905,#6906);
#6908=PLANE('',#6907);
#6910=ORIENTED_EDGE('',*,*,#6909,.F.);
#6912=ORIENTED_EDGE('',*,*,#6911,.T.);
#6914=ORIENTED_EDGE('',*,*,#6913,.T.);
#6916=ORIENTED_EDGE('',*,*,#6915,.T.);
#6917=EDGE_LOOP('',(#6910,#6912,#6914,#6916));
#6918=FACE_OUTER_BOUND('',#6917,.F.);
#6920=CARTESIAN_POINT('',(0.E0,0.E0,-1.28E1));
#6921=DIRECTION('',(0.E0,0.E0,1.E0));
#6922=DIRECTION('',(1.E0,0.E0,0.E0));
#6923=AXIS2_PLACEMENT_3D('',#6920,#6921,#6922);
#6924=PLANE('',#6923);
#6926=ORIENTED_EDGE('',*,*,#6925,.T.);
#6928=ORIENTED_EDGE('',*,*,#6927,.F.);
#6930=ORIENTED_EDGE('',*,*,#6929,.T.);
#6932=ORIENTED_EDGE('',*,*,#6931,.T.);
#6933=EDGE_LOOP('',(#6926,#6928,#6930,#6932));
#6934=FACE_OUTER_BOUND('',#6933,.F.);
#6936=CARTESIAN_POINT('',(0.E0,0.E0,-1.28E1));
#6937=DIRECTION('',(0.E0,0.E0,1.E0));
#6938=DIRECTION('',(1.E0,0.E0,0.E0));
#6939=AXIS2_PLACEMENT_3D('',#6936,#6937,#6938);
#6940=PLANE('',#6939);
#6942=ORIENTED_EDGE('',*,*,#6941,.T.);
#6944=ORIENTED_EDGE('',*,*,#6943,.F.);
#6946=ORIENTED_EDGE('',*,*,#6945,.T.);
#6948=ORIENTED_EDGE('',*,*,#6947,.T.);
#6949=EDGE_LOOP('',(#6942,#6944,#6946,#6948));
#6950=FACE_OUTER_BOUND('',#6949,.F.);
#6952=CARTESIAN_POINT('',(0.E0,0.E0,-1.28E1));
#6953=DIRECTION('',(0.E0,0.E0,1.E0));
#6954=DIRECTION('',(1.E0,0.E0,0.E0));
#6955=AXIS2_PLACEMENT_3D('',#6952,#6953,#6954);
#6956=PLANE('',#6955);
#6958=ORIENTED_EDGE('',*,*,#6957,.T.);
#6960=ORIENTED_EDGE('',*,*,#6959,.F.);
#6962=ORIENTED_EDGE('',*,*,#6961,.T.);
#6964=ORIENTED_EDGE('',*,*,#6963,.T.);
#6965=EDGE_LOOP('',(#6958,#6960,#6962,#6964));
#6966=FACE_OUTER_BOUND('',#6965,.F.);
#6968=CARTESIAN_POINT('',(0.E0,0.E0,-1.28E1));
#6969=DIRECTION('',(0.E0,0.E0,1.E0));
#6970=DIRECTION('',(1.E0,0.E0,0.E0));
#6971=AXIS2_PLACEMENT_3D('',#6968,#6969,#6970);
#6972=PLANE('',#6971);
#6974=ORIENTED_EDGE('',*,*,#6973,.T.);
#6976=ORIENTED_EDGE('',*,*,#6975,.F.);
#6978=ORIENTED_EDGE('',*,*,#6977,.T.);
#6980=ORIENTED_EDGE('',*,*,#6979,.T.);
#6981=EDGE_LOOP('',(#6974,#6976,#6978,#6980));
#6982=FACE_OUTER_BOUND('',#6981,.F.);
#6984=CARTESIAN_POINT('',(0.E0,0.E0,-1.28E1));
#6985=DIRECTION('',(0.E0,0.E0,1.E0));
#6986=DIRECTION('',(1.E0,0.E0,0.E0));
#6987=AXIS2_PLACEMENT_3D('',#6984,#6985,#6986);
#6988=PLANE('',#6987);
#6990=ORIENTED_EDGE('',*,*,#6989,.T.);
#6992=ORIENTED_EDGE('',*,*,#6991,.F.);
#6994=ORIENTED_EDGE('',*,*,#6993,.T.);
#6996=ORIENTED_EDGE('',*,*,#6995,.T.);
#6997=EDGE_LOOP('',(#6990,#6992,#6994,#6996));
#6998=FACE_OUTER_BOUND('',#6997,.F.);
#7000=CARTESIAN_POINT('',(0.E0,0.E0,-1.28E1));
#7001=DIRECTION('',(0.E0,0.E0,1.E0));
#7002=DIRECTION('',(1.E0,0.E0,0.E0));
#7003=AXIS2_PLACEMENT_3D('',#7000,#7001,#7002);
#7004=PLANE('',#7003);
#7006=ORIENTED_EDGE('',*,*,#7005,.T.);
#7008=ORIENTED_EDGE('',*,*,#7007,.F.);
#7010=ORIENTED_EDGE('',*,*,#7009,.T.);
#7012=ORIENTED_EDGE('',*,*,#7011,.T.);
#7013=EDGE_LOOP('',(#7006,#7008,#7010,#7012));
#7014=FACE_OUTER_BOUND('',#7013,.F.);
#7016=CARTESIAN_POINT('',(0.E0,0.E0,-1.28E1));
#7017=DIRECTION('',(0.E0,0.E0,1.E0));
#7018=DIRECTION('',(1.E0,0.E0,0.E0));
#7019=AXIS2_PLACEMENT_3D('',#7016,#7017,#7018);
#7020=PLANE('',#7019);
#7022=ORIENTED_EDGE('',*,*,#7021,.T.);
#7024=ORIENTED_EDGE('',*,*,#7023,.F.);
#7026=ORIENTED_EDGE('',*,*,#7025,.T.);
#7028=ORIENTED_EDGE('',*,*,#7027,.T.);
#7029=EDGE_LOOP('',(#7022,#7024,#7026,#7028));
#7030=FACE_OUTER_BOUND('',#7029,.F.);
#7032=CARTESIAN_POINT('',(0.E0,0.E0,-1.28E1));
#7033=DIRECTION('',(0.E0,0.E0,1.E0));
#7034=DIRECTION('',(1.E0,0.E0,0.E0));
#7035=AXIS2_PLACEMENT_3D('',#7032,#7033,#7034);
#7036=PLANE('',#7035);
#7038=ORIENTED_EDGE('',*,*,#7037,.T.);
#7040=ORIENTED_EDGE('',*,*,#7039,.F.);
#7042=ORIENTED_EDGE('',*,*,#7041,.T.);
#7044=ORIENTED_EDGE('',*,*,#7043,.T.);
#7045=EDGE_LOOP('',(#7038,#7040,#7042,#7044));
#7046=FACE_OUTER_BOUND('',#7045,.F.);
#7048=CARTESIAN_POINT('',(0.E0,0.E0,-1.28E1));
#7049=DIRECTION('',(0.E0,0.E0,1.E0));
#7050=DIRECTION('',(1.E0,0.E0,0.E0));
#7051=AXIS2_PLACEMENT_3D('',#7048,#7049,#7050);
#7052=PLANE('',#7051);
#7054=ORIENTED_EDGE('',*,*,#7053,.T.);
#7056=ORIENTED_EDGE('',*,*,#7055,.F.);
#7058=ORIENTED_EDGE('',*,*,#7057,.T.);
#7060=ORIENTED_EDGE('',*,*,#7059,.T.);
#7061=EDGE_LOOP('',(#7054,#7056,#7058,#7060));
#7062=FACE_OUTER_BOUND('',#7061,.F.);
#7064=CARTESIAN_POINT('',(0.E0,0.E0,-1.28E1));
#7065=DIRECTION('',(0.E0,0.E0,1.E0));
#7066=DIRECTION('',(1.E0,0.E0,0.E0));
#7067=AXIS2_PLACEMENT_3D('',#7064,#7065,#7066);
#7068=PLANE('',#7067);
#7070=ORIENTED_EDGE('',*,*,#7069,.T.);
#7072=ORIENTED_EDGE('',*,*,#7071,.F.);
#7074=ORIENTED_EDGE('',*,*,#7073,.T.);
#7076=ORIENTED_EDGE('',*,*,#7075,.T.);
#7077=EDGE_LOOP('',(#7070,#7072,#7074,#7076));
#7078=FACE_OUTER_BOUND('',#7077,.F.);
#7080=CARTESIAN_POINT('',(0.E0,0.E0,-1.28E1));
#7081=DIRECTION('',(0.E0,0.E0,1.E0));
#7082=DIRECTION('',(1.E0,0.E0,0.E0));
#7083=AXIS2_PLACEMENT_3D('',#7080,#7081,#7082);
#7084=PLANE('',#7083);
#7086=ORIENTED_EDGE('',*,*,#7085,.T.);
#7088=ORIENTED_EDGE('',*,*,#7087,.F.);
#7090=ORIENTED_EDGE('',*,*,#7089,.T.);
#7092=ORIENTED_EDGE('',*,*,#7091,.T.);
#7093=EDGE_LOOP('',(#7086,#7088,#7090,#7092));
#7094=FACE_OUTER_BOUND('',#7093,.F.);
#7096=CARTESIAN_POINT('',(0.E0,0.E0,-1.28E1));
#7097=DIRECTION('',(0.E0,0.E0,1.E0));
#7098=DIRECTION('',(1.E0,0.E0,0.E0));
#7099=AXIS2_PLACEMENT_3D('',#7096,#7097,#7098);
#7100=PLANE('',#7099);
#7102=ORIENTED_EDGE('',*,*,#7101,.T.);
#7104=ORIENTED_EDGE('',*,*,#7103,.F.);
#7106=ORIENTED_EDGE('',*,*,#7105,.T.);
#7108=ORIENTED_EDGE('',*,*,#7107,.T.);
#7109=EDGE_LOOP('',(#7102,#7104,#7106,#7108));
#7110=FACE_OUTER_BOUND('',#7109,.F.);
#7112=CARTESIAN_POINT('',(0.E0,0.E0,-1.28E1));
#7113=DIRECTION('',(0.E0,0.E0,1.E0));
#7114=DIRECTION('',(1.E0,0.E0,0.E0));
#7115=AXIS2_PLACEMENT_3D('',#7112,#7113,#7114);
#7116=PLANE('',#7115);
#7118=ORIENTED_EDGE('',*,*,#7117,.T.);
#7120=ORIENTED_EDGE('',*,*,#7119,.F.);
#7122=ORIENTED_EDGE('',*,*,#7121,.T.);
#7124=ORIENTED_EDGE('',*,*,#7123,.T.);
#7125=EDGE_LOOP('',(#7118,#7120,#7122,#7124));
#7126=FACE_OUTER_BOUND('',#7125,.F.);
#7128=CARTESIAN_POINT('',(0.E0,0.E0,-1.28E1));
#7129=DIRECTION('',(0.E0,0.E0,1.E0));
#7130=DIRECTION('',(1.E0,0.E0,0.E0));
#7131=AXIS2_PLACEMENT_3D('',#7128,#7129,#7130);
#7132=PLANE('',#7131);
#7134=ORIENTED_EDGE('',*,*,#7133,.T.);
#7136=ORIENTED_EDGE('',*,*,#7135,.F.);
#7138=ORIENTED_EDGE('',*,*,#7137,.T.);
#7140=ORIENTED_EDGE('',*,*,#7139,.T.);
#7141=EDGE_LOOP('',(#7134,#7136,#7138,#7140));
#7142=FACE_OUTER_BOUND('',#7141,.F.);
#7144=CARTESIAN_POINT('',(0.E0,0.E0,-1.28E1));
#7145=DIRECTION('',(0.E0,0.E0,1.E0));
#7146=DIRECTION('',(1.E0,0.E0,0.E0));
#7147=AXIS2_PLACEMENT_3D('',#7144,#7145,#7146);
#7148=PLANE('',#7147);
#7150=ORIENTED_EDGE('',*,*,#7149,.T.);
#7152=ORIENTED_EDGE('',*,*,#7151,.F.);
#7154=ORIENTED_EDGE('',*,*,#7153,.T.);
#7156=ORIENTED_EDGE('',*,*,#7155,.T.);
#7157=EDGE_LOOP('',(#7150,#7152,#7154,#7156));
#7158=FACE_OUTER_BOUND('',#7157,.F.);
#7160=CARTESIAN_POINT('',(0.E0,0.E0,-1.28E1));
#7161=DIRECTION('',(0.E0,0.E0,1.E0));
#7162=DIRECTION('',(1.E0,0.E0,0.E0));
#7163=AXIS2_PLACEMENT_3D('',#7160,#7161,#7162);
#7164=PLANE('',#7163);
#7166=ORIENTED_EDGE('',*,*,#7165,.T.);
#7168=ORIENTED_EDGE('',*,*,#7167,.F.);
#7170=ORIENTED_EDGE('',*,*,#7169,.T.);
#7172=ORIENTED_EDGE('',*,*,#7171,.T.);
#7173=EDGE_LOOP('',(#7166,#7168,#7170,#7172));
#7174=FACE_OUTER_BOUND('',#7173,.F.);
#7176=CARTESIAN_POINT('',(0.E0,0.E0,-1.28E1));
#7177=DIRECTION('',(0.E0,0.E0,1.E0));
#7178=DIRECTION('',(1.E0,0.E0,0.E0));
#7179=AXIS2_PLACEMENT_3D('',#7176,#7177,#7178);
#7180=PLANE('',#7179);
#7182=ORIENTED_EDGE('',*,*,#7181,.T.);
#7184=ORIENTED_EDGE('',*,*,#7183,.T.);
#7186=ORIENTED_EDGE('',*,*,#7185,.T.);
#7188=ORIENTED_EDGE('',*,*,#7187,.T.);
#7190=ORIENTED_EDGE('',*,*,#7189,.T.);
#7192=ORIENTED_EDGE('',*,*,#7191,.T.);
#7194=ORIENTED_EDGE('',*,*,#7193,.T.);
#7196=ORIENTED_EDGE('',*,*,#7195,.T.);
#7198=ORIENTED_EDGE('',*,*,#7197,.T.);
#7200=ORIENTED_EDGE('',*,*,#7199,.T.);
#7202=ORIENTED_EDGE('',*,*,#7201,.F.);
#7204=ORIENTED_EDGE('',*,*,#7203,.T.);
#7206=ORIENTED_EDGE('',*,*,#7205,.T.);
#7208=ORIENTED_EDGE('',*,*,#7207,.T.);
#7210=ORIENTED_EDGE('',*,*,#7209,.T.);
#7212=ORIENTED_EDGE('',*,*,#7211,.T.);
#7214=ORIENTED_EDGE('',*,*,#7213,.T.);
#7216=ORIENTED_EDGE('',*,*,#7215,.T.);
#7218=ORIENTED_EDGE('',*,*,#7217,.T.);
#7220=ORIENTED_EDGE('',*,*,#7219,.T.);
#7222=ORIENTED_EDGE('',*,*,#7221,.F.);
#7224=ORIENTED_EDGE('',*,*,#7223,.T.);
#7225=EDGE_LOOP('',(#7182,#7184,#7186,#7188,#7190,#7192,#7194,#7196,#7198,#7200,
#7202,#7204,#7206,#7208,#7210,#7212,#7214,#7216,#7218,#7220,#7222,#7224));
#7226=FACE_OUTER_BOUND('',#7225,.F.);
#7228=CARTESIAN_POINT('',(2.5E1,-3.975E0,-1.28E1));
#7229=DIRECTION('',(0.E0,-1.E0,0.E0));
#7230=DIRECTION('',(-1.E0,0.E0,0.E0));
#7231=AXIS2_PLACEMENT_3D('',#7228,#7229,#7230);
#7232=PLANE('',#7231);
#7233=ORIENTED_EDGE('',*,*,#7199,.F.);
#7235=ORIENTED_EDGE('',*,*,#7234,.T.);
#7237=ORIENTED_EDGE('',*,*,#7236,.T.);
#7239=ORIENTED_EDGE('',*,*,#7238,.T.);
#7240=EDGE_LOOP('',(#7233,#7235,#7237,#7239));
#7241=FACE_OUTER_BOUND('',#7240,.F.);
#7243=CARTESIAN_POINT('',(2.5E1,-3.975E0,-1.28E1));
#7244=DIRECTION('',(0.E0,-1.E0,0.E0));
#7245=DIRECTION('',(-1.E0,0.E0,0.E0));
#7246=AXIS2_PLACEMENT_3D('',#7243,#7244,#7245);
#7247=PLANE('',#7246);
#7248=ORIENTED_EDGE('',*,*,#6829,.F.);
#7250=ORIENTED_EDGE('',*,*,#7249,.F.);
#7252=ORIENTED_EDGE('',*,*,#7251,.T.);
#7254=ORIENTED_EDGE('',*,*,#7253,.T.);
#7255=EDGE_LOOP('',(#7248,#7250,#7252,#7254));
#7256=FACE_OUTER_BOUND('',#7255,.F.);
#7258=CARTESIAN_POINT('',(2.5E1,-3.975E0,-1.28E1));
#7259=DIRECTION('',(0.E0,-1.E0,0.E0));
#7260=DIRECTION('',(-1.E0,0.E0,0.E0));
#7261=AXIS2_PLACEMENT_3D('',#7258,#7259,#7260);
#7262=PLANE('',#7261);
#7264=ORIENTED_EDGE('',*,*,#7263,.F.);
#7266=ORIENTED_EDGE('',*,*,#7265,.T.);
#7268=ORIENTED_EDGE('',*,*,#7267,.F.);
#7269=ORIENTED_EDGE('',*,*,#7191,.F.);
#7270=EDGE_LOOP('',(#7264,#7266,#7268,#7269));
#7271=FACE_OUTER_BOUND('',#7270,.F.);
#7273=CARTESIAN_POINT('',(2.5E1,-3.975E0,-1.28E1));
#7274=DIRECTION('',(0.E0,-1.E0,0.E0));
#7275=DIRECTION('',(-1.E0,0.E0,0.E0));
#7276=AXIS2_PLACEMENT_3D('',#7273,#7274,#7275);
#7277=PLANE('',#7276);
#7279=ORIENTED_EDGE('',*,*,#7278,.T.);
#7280=ORIENTED_EDGE('',*,*,#6851,.F.);
#7282=ORIENTED_EDGE('',*,*,#7281,.F.);
#7284=ORIENTED_EDGE('',*,*,#7283,.T.);
#7285=EDGE_LOOP('',(#7279,#7280,#7282,#7284));
#7286=FACE_OUTER_BOUND('',#7285,.F.);
#7288=CARTESIAN_POINT('',(2.5E1,-3.975E0,-1.28E1));
#7289=DIRECTION('',(0.E0,-1.E0,0.E0));
#7290=DIRECTION('',(-1.E0,0.E0,0.E0));
#7291=AXIS2_PLACEMENT_3D('',#7288,#7289,#7290);
#7292=PLANE('',#7291);
#7293=ORIENTED_EDGE('',*,*,#6877,.F.);
#7295=ORIENTED_EDGE('',*,*,#7294,.F.);
#7297=ORIENTED_EDGE('',*,*,#7296,.T.);
#7299=ORIENTED_EDGE('',*,*,#7298,.T.);
#7300=EDGE_LOOP('',(#7293,#7295,#7297,#7299));
#7301=FACE_OUTER_BOUND('',#7300,.F.);
#7303=CARTESIAN_POINT('',(2.5E1,-3.975E0,-1.28E1));
#7304=DIRECTION('',(0.E0,-1.E0,0.E0));
#7305=DIRECTION('',(-1.E0,0.E0,0.E0));
#7306=AXIS2_PLACEMENT_3D('',#7303,#7304,#7305);
#7307=PLANE('',#7306);
#7309=ORIENTED_EDGE('',*,*,#7308,.T.);
#7310=ORIENTED_EDGE('',*,*,#6915,.F.);
#7312=ORIENTED_EDGE('',*,*,#7311,.F.);
#7314=ORIENTED_EDGE('',*,*,#7313,.T.);
#7315=EDGE_LOOP('',(#7309,#7310,#7312,#7314));
#7316=FACE_OUTER_BOUND('',#7315,.F.);
#7318=CARTESIAN_POINT('',(2.5E1,-3.975E0,-1.28E1));
#7319=DIRECTION('',(0.E0,-1.E0,0.E0));
#7320=DIRECTION('',(-1.E0,0.E0,0.E0));
#7321=AXIS2_PLACEMENT_3D('',#7318,#7319,#7320);
#7322=PLANE('',#7321);
#7323=ORIENTED_EDGE('',*,*,#6925,.F.);
#7325=ORIENTED_EDGE('',*,*,#7324,.F.);
#7327=ORIENTED_EDGE('',*,*,#7326,.T.);
#7329=ORIENTED_EDGE('',*,*,#7328,.T.);
#7330=EDGE_LOOP('',(#7323,#7325,#7327,#7329));
#7331=FACE_OUTER_BOUND('',#7330,.F.);
#7333=CARTESIAN_POINT('',(2.5E1,-3.975E0,-1.28E1));
#7334=DIRECTION('',(0.E0,-1.E0,0.E0));
#7335=DIRECTION('',(-1.E0,0.E0,0.E0));
#7336=AXIS2_PLACEMENT_3D('',#7333,#7334,#7335);
#7337=PLANE('',#7336);
#7338=ORIENTED_EDGE('',*,*,#6941,.F.);
#7340=ORIENTED_EDGE('',*,*,#7339,.F.);
#7342=ORIENTED_EDGE('',*,*,#7341,.T.);
#7344=ORIENTED_EDGE('',*,*,#7343,.T.);
#7345=EDGE_LOOP('',(#7338,#7340,#7342,#7344));
#7346=FACE_OUTER_BOUND('',#7345,.F.);
#7348=CARTESIAN_POINT('',(2.5E1,-3.975E0,-1.28E1));
#7349=DIRECTION('',(0.E0,-1.E0,0.E0));
#7350=DIRECTION('',(-1.E0,0.E0,0.E0));
#7351=AXIS2_PLACEMENT_3D('',#7348,#7349,#7350);
#7352=PLANE('',#7351);
#7353=ORIENTED_EDGE('',*,*,#6957,.F.);
#7355=ORIENTED_EDGE('',*,*,#7354,.F.);
#7357=ORIENTED_EDGE('',*,*,#7356,.T.);
#7359=ORIENTED_EDGE('',*,*,#7358,.T.);
#7360=EDGE_LOOP('',(#7353,#7355,#7357,#7359));
#7361=FACE_OUTER_BOUND('',#7360,.F.);
#7363=CARTESIAN_POINT('',(2.5E1,-3.975E0,-1.28E1));
#7364=DIRECTION('',(0.E0,-1.E0,0.E0));
#7365=DIRECTION('',(-1.E0,0.E0,0.E0));
#7366=AXIS2_PLACEMENT_3D('',#7363,#7364,#7365);
#7367=PLANE('',#7366);
#7368=ORIENTED_EDGE('',*,*,#6973,.F.);
#7370=ORIENTED_EDGE('',*,*,#7369,.F.);
#7372=ORIENTED_EDGE('',*,*,#7371,.T.);
#7374=ORIENTED_EDGE('',*,*,#7373,.T.);
#7375=EDGE_LOOP('',(#7368,#7370,#7372,#7374));
#7376=FACE_OUTER_BOUND('',#7375,.F.);
#7378=CARTESIAN_POINT('',(2.5E1,-3.975E0,-1.28E1));
#7379=DIRECTION('',(0.E0,-1.E0,0.E0));
#7380=DIRECTION('',(-1.E0,0.E0,0.E0));
#7381=AXIS2_PLACEMENT_3D('',#7378,#7379,#7380);
#7382=PLANE('',#7381);
#7383=ORIENTED_EDGE('',*,*,#6989,.F.);
#7385=ORIENTED_EDGE('',*,*,#7384,.F.);
#7387=ORIENTED_EDGE('',*,*,#7386,.T.);
#7389=ORIENTED_EDGE('',*,*,#7388,.T.);
#7390=EDGE_LOOP('',(#7383,#7385,#7387,#7389));
#7391=FACE_OUTER_BOUND('',#7390,.F.);
#7393=CARTESIAN_POINT('',(2.5E1,-3.975E0,-1.28E1));
#7394=DIRECTION('',(0.E0,-1.E0,0.E0));
#7395=DIRECTION('',(-1.E0,0.E0,0.E0));
#7396=AXIS2_PLACEMENT_3D('',#7393,#7394,#7395);
#7397=PLANE('',#7396);
#7398=ORIENTED_EDGE('',*,*,#7005,.F.);
#7400=ORIENTED_EDGE('',*,*,#7399,.F.);
#7402=ORIENTED_EDGE('',*,*,#7401,.T.);
#7404=ORIENTED_EDGE('',*,*,#7403,.T.);
#7405=EDGE_LOOP('',(#7398,#7400,#7402,#7404));
#7406=FACE_OUTER_BOUND('',#7405,.F.);
#7408=CARTESIAN_POINT('',(2.5E1,-3.975E0,-1.28E1));
#7409=DIRECTION('',(0.E0,-1.E0,0.E0));
#7410=DIRECTION('',(-1.E0,0.E0,0.E0));
#7411=AXIS2_PLACEMENT_3D('',#7408,#7409,#7410);
#7412=PLANE('',#7411);
#7413=ORIENTED_EDGE('',*,*,#7021,.F.);
#7415=ORIENTED_EDGE('',*,*,#7414,.F.);
#7417=ORIENTED_EDGE('',*,*,#7416,.T.);
#7419=ORIENTED_EDGE('',*,*,#7418,.T.);
#7420=EDGE_LOOP('',(#7413,#7415,#7417,#7419));
#7421=FACE_OUTER_BOUND('',#7420,.F.);
#7423=CARTESIAN_POINT('',(2.5E1,-2.25E-1,-1.28E1));
#7424=DIRECTION('',(1.E0,0.E0,0.E0));
#7425=DIRECTION('',(0.E0,-1.E0,0.E0));
#7426=AXIS2_PLACEMENT_3D('',#7423,#7424,#7425);
#7427=PLANE('',#7426);
#7428=ORIENTED_EDGE('',*,*,#7197,.F.);
#7430=ORIENTED_EDGE('',*,*,#7429,.T.);
#7432=ORIENTED_EDGE('',*,*,#7431,.T.);
#7433=ORIENTED_EDGE('',*,*,#7234,.F.);
#7434=EDGE_LOOP('',(#7428,#7430,#7432,#7433));
#7435=FACE_OUTER_BOUND('',#7434,.F.);
#7437=CARTESIAN_POINT('',(-2.5E1,-2.25E-1,-1.28E1));
#7438=DIRECTION('',(0.E0,1.E0,0.E0));
#7439=DIRECTION('',(1.E0,0.E0,0.E0));
#7440=AXIS2_PLACEMENT_3D('',#7437,#7438,#7439);
#7441=PLANE('',#7440);
#7442=ORIENTED_EDGE('',*,*,#7195,.F.);
#7444=ORIENTED_EDGE('',*,*,#7443,.T.);
#7446=ORIENTED_EDGE('',*,*,#7445,.T.);
#7447=ORIENTED_EDGE('',*,*,#7429,.F.);
#7448=EDGE_LOOP('',(#7442,#7444,#7446,#7447));
#7449=FACE_OUTER_BOUND('',#7448,.F.);
#7451=CARTESIAN_POINT('',(-2.5E1,-3.975E0,-1.28E1));
#7452=DIRECTION('',(-1.E0,0.E0,0.E0));
#7453=DIRECTION('',(0.E0,1.E0,0.E0));
#7454=AXIS2_PLACEMENT_3D('',#7451,#7452,#7453);
#7455=PLANE('',#7454);
#7456=ORIENTED_EDGE('',*,*,#7193,.F.);
#7457=ORIENTED_EDGE('',*,*,#7267,.T.);
#7459=ORIENTED_EDGE('',*,*,#7458,.T.);
#7460=ORIENTED_EDGE('',*,*,#7443,.F.);
#7461=EDGE_LOOP('',(#7456,#7457,#7459,#7460));
#7462=FACE_OUTER_BOUND('',#7461,.F.);
#7464=CARTESIAN_POINT('',(0.E0,0.E0,-1.18E1));
#7465=DIRECTION('',(0.E0,0.E0,-1.E0));
#7466=DIRECTION('',(1.E0,0.E0,0.E0));
#7467=AXIS2_PLACEMENT_3D('',#7464,#7465,#7466);
#7468=PLANE('',#7467);
#7469=ORIENTED_EDGE('',*,*,#7283,.F.);
#7471=ORIENTED_EDGE('',*,*,#7470,.F.);
#7473=ORIENTED_EDGE('',*,*,#7472,.T.);
#7475=ORIENTED_EDGE('',*,*,#7474,.F.);
#7476=ORIENTED_EDGE('',*,*,#7313,.F.);
#7478=ORIENTED_EDGE('',*,*,#7477,.F.);
#7480=ORIENTED_EDGE('',*,*,#7479,.T.);
#7482=ORIENTED_EDGE('',*,*,#7481,.F.);
#7483=ORIENTED_EDGE('',*,*,#7416,.F.);
#7485=ORIENTED_EDGE('',*,*,#7484,.F.);
#7487=ORIENTED_EDGE('',*,*,#7486,.T.);
#7489=ORIENTED_EDGE('',*,*,#7488,.F.);
#7490=ORIENTED_EDGE('',*,*,#7401,.F.);
#7492=ORIENTED_EDGE('',*,*,#7491,.F.);
#7494=ORIENTED_EDGE('',*,*,#7493,.T.);
#7496=ORIENTED_EDGE('',*,*,#7495,.F.);
#7497=ORIENTED_EDGE('',*,*,#7386,.F.);
#7499=ORIENTED_EDGE('',*,*,#7498,.F.);
#7501=ORIENTED_EDGE('',*,*,#7500,.T.);
#7503=ORIENTED_EDGE('',*,*,#7502,.F.);
#7504=ORIENTED_EDGE('',*,*,#7371,.F.);
#7506=ORIENTED_EDGE('',*,*,#7505,.F.);
#7508=ORIENTED_EDGE('',*,*,#7507,.T.);
#7510=ORIENTED_EDGE('',*,*,#7509,.F.);
#7511=ORIENTED_EDGE('',*,*,#7356,.F.);
#7513=ORIENTED_EDGE('',*,*,#7512,.F.);
#7515=ORIENTED_EDGE('',*,*,#7514,.T.);
#7517=ORIENTED_EDGE('',*,*,#7516,.F.);
#7518=ORIENTED_EDGE('',*,*,#7341,.F.);
#7520=ORIENTED_EDGE('',*,*,#7519,.F.);
#7522=ORIENTED_EDGE('',*,*,#7521,.T.);
#7524=ORIENTED_EDGE('',*,*,#7523,.F.);
#7525=ORIENTED_EDGE('',*,*,#7326,.F.);
#7527=ORIENTED_EDGE('',*,*,#7526,.F.);
#7529=ORIENTED_EDGE('',*,*,#7528,.T.);
#7531=ORIENTED_EDGE('',*,*,#7530,.F.);
#7532=ORIENTED_EDGE('',*,*,#7296,.F.);
#7534=ORIENTED_EDGE('',*,*,#7533,.F.);
#7536=ORIENTED_EDGE('',*,*,#7535,.T.);
#7538=ORIENTED_EDGE('',*,*,#7537,.F.);
#7539=ORIENTED_EDGE('',*,*,#7251,.F.);
#7541=ORIENTED_EDGE('',*,*,#7540,.F.);
#7543=ORIENTED_EDGE('',*,*,#7542,.T.);
#7545=ORIENTED_EDGE('',*,*,#7544,.F.);
#7546=ORIENTED_EDGE('',*,*,#7236,.F.);
#7547=ORIENTED_EDGE('',*,*,#7431,.F.);
#7548=ORIENTED_EDGE('',*,*,#7445,.F.);
#7549=ORIENTED_EDGE('',*,*,#7458,.F.);
#7550=ORIENTED_EDGE('',*,*,#7265,.F.);
#7552=ORIENTED_EDGE('',*,*,#7551,.F.);
#7554=ORIENTED_EDGE('',*,*,#7553,.T.);
#7556=ORIENTED_EDGE('',*,*,#7555,.F.);
#7557=EDGE_LOOP('',(#7469,#7471,#7473,#7475,#7476,#7478,#7480,#7482,#7483,#7485,
#7487,#7489,#7490,#7492,#7494,#7496,#7497,#7499,#7501,#7503,#7504,#7506,#7508,
#7510,#7511,#7513,#7515,#7517,#7518,#7520,#7522,#7524,#7525,#7527,#7529,#7531,
#7532,#7534,#7536,#7538,#7539,#7541,#7543,#7545,#7546,#7547,#7548,#7549,#7550,
#7552,#7554,#7556));
#7558=FACE_OUTER_BOUND('',#7557,.F.);
#7560=ORIENTED_EDGE('',*,*,#7559,.T.);
#7562=ORIENTED_EDGE('',*,*,#7561,.T.);
#7564=ORIENTED_EDGE('',*,*,#7563,.T.);
#7566=ORIENTED_EDGE('',*,*,#7565,.T.);
#7567=EDGE_LOOP('',(#7560,#7562,#7564,#7566));
#7568=FACE_BOUND('',#7567,.F.);
#7570=ORIENTED_EDGE('',*,*,#7569,.T.);
#7572=ORIENTED_EDGE('',*,*,#7571,.T.);
#7574=ORIENTED_EDGE('',*,*,#7573,.T.);
#7576=ORIENTED_EDGE('',*,*,#7575,.T.);
#7577=EDGE_LOOP('',(#7570,#7572,#7574,#7576));
#7578=FACE_BOUND('',#7577,.F.);
#7580=ORIENTED_EDGE('',*,*,#7579,.T.);
#7582=ORIENTED_EDGE('',*,*,#7581,.T.);
#7584=ORIENTED_EDGE('',*,*,#7583,.T.);
#7586=ORIENTED_EDGE('',*,*,#7585,.T.);
#7587=EDGE_LOOP('',(#7580,#7582,#7584,#7586));
#7588=FACE_BOUND('',#7587,.F.);
#7590=ORIENTED_EDGE('',*,*,#7589,.T.);
#7592=ORIENTED_EDGE('',*,*,#7591,.T.);
#7594=ORIENTED_EDGE('',*,*,#7593,.T.);
#7596=ORIENTED_EDGE('',*,*,#7595,.T.);
#7597=EDGE_LOOP('',(#7590,#7592,#7594,#7596));
#7598=FACE_BOUND('',#7597,.F.);
#7600=ORIENTED_EDGE('',*,*,#7599,.T.);
#7602=ORIENTED_EDGE('',*,*,#7601,.T.);
#7604=ORIENTED_EDGE('',*,*,#7603,.T.);
#7606=ORIENTED_EDGE('',*,*,#7605,.T.);
#7607=EDGE_LOOP('',(#7600,#7602,#7604,#7606));
#7608=FACE_BOUND('',#7607,.F.);
#7610=ORIENTED_EDGE('',*,*,#7609,.T.);
#7612=ORIENTED_EDGE('',*,*,#7611,.T.);
#7614=ORIENTED_EDGE('',*,*,#7613,.T.);
#7616=ORIENTED_EDGE('',*,*,#7615,.T.);
#7617=EDGE_LOOP('',(#7610,#7612,#7614,#7616));
#7618=FACE_BOUND('',#7617,.F.);
#7620=ORIENTED_EDGE('',*,*,#7619,.T.);
#7622=ORIENTED_EDGE('',*,*,#7621,.T.);
#7624=ORIENTED_EDGE('',*,*,#7623,.T.);
#7626=ORIENTED_EDGE('',*,*,#7625,.T.);
#7627=EDGE_LOOP('',(#7620,#7622,#7624,#7626));
#7628=FACE_BOUND('',#7627,.F.);
#7630=ORIENTED_EDGE('',*,*,#7629,.T.);
#7632=ORIENTED_EDGE('',*,*,#7631,.T.);
#7634=ORIENTED_EDGE('',*,*,#7633,.T.);
#7636=ORIENTED_EDGE('',*,*,#7635,.T.);
#7637=EDGE_LOOP('',(#7630,#7632,#7634,#7636));
#7638=FACE_BOUND('',#7637,.F.);
#7640=ORIENTED_EDGE('',*,*,#7639,.T.);
#7642=ORIENTED_EDGE('',*,*,#7641,.T.);
#7644=ORIENTED_EDGE('',*,*,#7643,.T.);
#7646=ORIENTED_EDGE('',*,*,#7645,.T.);
#7647=EDGE_LOOP('',(#7640,#7642,#7644,#7646));
#7648=FACE_BOUND('',#7647,.F.);
#7650=ORIENTED_EDGE('',*,*,#7649,.T.);
#7652=ORIENTED_EDGE('',*,*,#7651,.T.);
#7654=ORIENTED_EDGE('',*,*,#7653,.T.);
#7656=ORIENTED_EDGE('',*,*,#7655,.T.);
#7657=EDGE_LOOP('',(#7650,#7652,#7654,#7656));
#7658=FACE_BOUND('',#7657,.F.);
#7660=ORIENTED_EDGE('',*,*,#7659,.T.);
#7662=ORIENTED_EDGE('',*,*,#7661,.T.);
#7664=ORIENTED_EDGE('',*,*,#7663,.T.);
#7666=ORIENTED_EDGE('',*,*,#7665,.T.);
#7667=EDGE_LOOP('',(#7660,#7662,#7664,#7666));
#7668=FACE_BOUND('',#7667,.F.);
#7670=ORIENTED_EDGE('',*,*,#7669,.T.);
#7672=ORIENTED_EDGE('',*,*,#7671,.T.);
#7674=ORIENTED_EDGE('',*,*,#7673,.T.);
#7676=ORIENTED_EDGE('',*,*,#7675,.T.);
#7677=EDGE_LOOP('',(#7670,#7672,#7674,#7676));
#7678=FACE_BOUND('',#7677,.F.);
#7680=CARTESIAN_POINT('',(0.E0,0.E0,-1.18E1));
#7681=DIRECTION('',(0.E0,0.E0,-1.E0));
#7682=DIRECTION('',(1.E0,0.E0,0.E0));
#7683=AXIS2_PLACEMENT_3D('',#7680,#7681,#7682);
#7684=PLANE('',#7683);
#7686=ORIENTED_EDGE('',*,*,#7685,.F.);
#7688=ORIENTED_EDGE('',*,*,#7687,.F.);
#7690=ORIENTED_EDGE('',*,*,#7689,.F.);
#7692=ORIENTED_EDGE('',*,*,#7691,.F.);
#7694=ORIENTED_EDGE('',*,*,#7693,.F.);
#7696=ORIENTED_EDGE('',*,*,#7695,.F.);
#7698=ORIENTED_EDGE('',*,*,#7697,.F.);
#7700=ORIENTED_EDGE('',*,*,#7699,.F.);
#7702=ORIENTED_EDGE('',*,*,#7701,.F.);
#7704=ORIENTED_EDGE('',*,*,#7703,.F.);
#7706=ORIENTED_EDGE('',*,*,#7705,.F.);
#7708=ORIENTED_EDGE('',*,*,#7707,.F.);
#7710=ORIENTED_EDGE('',*,*,#7709,.F.);
#7712=ORIENTED_EDGE('',*,*,#7711,.F.);
#7714=ORIENTED_EDGE('',*,*,#7713,.F.);
#7716=ORIENTED_EDGE('',*,*,#7715,.F.);
#7718=ORIENTED_EDGE('',*,*,#7717,.F.);
#7720=ORIENTED_EDGE('',*,*,#7719,.F.);
#7722=ORIENTED_EDGE('',*,*,#7721,.F.);
#7724=ORIENTED_EDGE('',*,*,#7723,.F.);
#7726=ORIENTED_EDGE('',*,*,#7725,.F.);
#7728=ORIENTED_EDGE('',*,*,#7727,.F.);
#7730=ORIENTED_EDGE('',*,*,#7729,.F.);
#7732=ORIENTED_EDGE('',*,*,#7731,.F.);
#7734=ORIENTED_EDGE('',*,*,#7733,.F.);
#7736=ORIENTED_EDGE('',*,*,#7735,.F.);
#7738=ORIENTED_EDGE('',*,*,#7737,.F.);
#7740=ORIENTED_EDGE('',*,*,#7739,.F.);
#7742=ORIENTED_EDGE('',*,*,#7741,.F.);
#7744=ORIENTED_EDGE('',*,*,#7743,.F.);
#7746=ORIENTED_EDGE('',*,*,#7745,.F.);
#7748=ORIENTED_EDGE('',*,*,#7747,.F.);
#7750=ORIENTED_EDGE('',*,*,#7749,.F.);
#7752=ORIENTED_EDGE('',*,*,#7751,.F.);
#7754=ORIENTED_EDGE('',*,*,#7753,.F.);
#7756=ORIENTED_EDGE('',*,*,#7755,.F.);
#7758=ORIENTED_EDGE('',*,*,#7757,.F.);
#7760=ORIENTED_EDGE('',*,*,#7759,.F.);
#7762=ORIENTED_EDGE('',*,*,#7761,.F.);
#7764=ORIENTED_EDGE('',*,*,#7763,.F.);
#7766=ORIENTED_EDGE('',*,*,#7765,.F.);
#7768=ORIENTED_EDGE('',*,*,#7767,.F.);
#7770=ORIENTED_EDGE('',*,*,#7769,.F.);
#7772=ORIENTED_EDGE('',*,*,#7771,.F.);
#7774=ORIENTED_EDGE('',*,*,#7773,.F.);
#7776=ORIENTED_EDGE('',*,*,#7775,.F.);
#7778=ORIENTED_EDGE('',*,*,#7777,.F.);
#7780=ORIENTED_EDGE('',*,*,#7779,.F.);
#7782=ORIENTED_EDGE('',*,*,#7781,.F.);
#7784=ORIENTED_EDGE('',*,*,#7783,.F.);
#7786=ORIENTED_EDGE('',*,*,#7785,.F.);
#7788=ORIENTED_EDGE('',*,*,#7787,.F.);
#7789=EDGE_LOOP('',(#7686,#7688,#7690,#7692,#7694,#7696,#7698,#7700,#7702,#7704,
#7706,#7708,#7710,#7712,#7714,#7716,#7718,#7720,#7722,#7724,#7726,#7728,#7730,
#7732,#7734,#7736,#7738,#7740,#7742,#7744,#7746,#7748,#7750,#7752,#7754,#7756,
#7758,#7760,#7762,#7764,#7766,#7768,#7770,#7772,#7774,#7776,#7778,#7780,#7782,
#7784,#7786,#7788));
#7790=FACE_OUTER_BOUND('',#7789,.F.);
#7792=ORIENTED_EDGE('',*,*,#7791,.T.);
#7794=ORIENTED_EDGE('',*,*,#7793,.T.);
#7796=ORIENTED_EDGE('',*,*,#7795,.T.);
#7798=ORIENTED_EDGE('',*,*,#7797,.T.);
#7799=EDGE_LOOP('',(#7792,#7794,#7796,#7798));
#7800=FACE_BOUND('',#7799,.F.);
#7802=ORIENTED_EDGE('',*,*,#7801,.T.);
#7804=ORIENTED_EDGE('',*,*,#7803,.T.);
#7806=ORIENTED_EDGE('',*,*,#7805,.T.);
#7808=ORIENTED_EDGE('',*,*,#7807,.T.);
#7809=EDGE_LOOP('',(#7802,#7804,#7806,#7808));
#7810=FACE_BOUND('',#7809,.F.);
#7812=ORIENTED_EDGE('',*,*,#7811,.T.);
#7814=ORIENTED_EDGE('',*,*,#7813,.T.);
#7816=ORIENTED_EDGE('',*,*,#7815,.T.);
#7818=ORIENTED_EDGE('',*,*,#7817,.T.);
#7819=EDGE_LOOP('',(#7812,#7814,#7816,#7818));
#7820=FACE_BOUND('',#7819,.F.);
#7822=ORIENTED_EDGE('',*,*,#7821,.T.);
#7824=ORIENTED_EDGE('',*,*,#7823,.T.);
#7826=ORIENTED_EDGE('',*,*,#7825,.T.);
#7828=ORIENTED_EDGE('',*,*,#7827,.T.);
#7829=EDGE_LOOP('',(#7822,#7824,#7826,#7828));
#7830=FACE_BOUND('',#7829,.F.);
#7832=ORIENTED_EDGE('',*,*,#7831,.T.);
#7834=ORIENTED_EDGE('',*,*,#7833,.T.);
#7836=ORIENTED_EDGE('',*,*,#7835,.T.);
#7838=ORIENTED_EDGE('',*,*,#7837,.T.);
#7839=EDGE_LOOP('',(#7832,#7834,#7836,#7838));
#7840=FACE_BOUND('',#7839,.F.);
#7842=ORIENTED_EDGE('',*,*,#7841,.T.);
#7844=ORIENTED_EDGE('',*,*,#7843,.T.);
#7846=ORIENTED_EDGE('',*,*,#7845,.T.);
#7848=ORIENTED_EDGE('',*,*,#7847,.T.);
#7849=EDGE_LOOP('',(#7842,#7844,#7846,#7848));
#7850=FACE_BOUND('',#7849,.F.);
#7852=ORIENTED_EDGE('',*,*,#7851,.T.);
#7854=ORIENTED_EDGE('',*,*,#7853,.T.);
#7856=ORIENTED_EDGE('',*,*,#7855,.T.);
#7858=ORIENTED_EDGE('',*,*,#7857,.T.);
#7859=EDGE_LOOP('',(#7852,#7854,#7856,#7858));
#7860=FACE_BOUND('',#7859,.F.);
#7862=ORIENTED_EDGE('',*,*,#7861,.T.);
#7864=ORIENTED_EDGE('',*,*,#7863,.T.);
#7866=ORIENTED_EDGE('',*,*,#7865,.T.);
#7868=ORIENTED_EDGE('',*,*,#7867,.T.);
#7869=EDGE_LOOP('',(#7862,#7864,#7866,#7868));
#7870=FACE_BOUND('',#7869,.F.);
#7872=ORIENTED_EDGE('',*,*,#7871,.T.);
#7874=ORIENTED_EDGE('',*,*,#7873,.T.);
#7876=ORIENTED_EDGE('',*,*,#7875,.T.);
#7878=ORIENTED_EDGE('',*,*,#7877,.T.);
#7879=EDGE_LOOP('',(#7872,#7874,#7876,#7878));
#7880=FACE_BOUND('',#7879,.F.);
#7882=ORIENTED_EDGE('',*,*,#7881,.T.);
#7884=ORIENTED_EDGE('',*,*,#7883,.T.);
#7886=ORIENTED_EDGE('',*,*,#7885,.T.);
#7888=ORIENTED_EDGE('',*,*,#7887,.T.);
#7889=EDGE_LOOP('',(#7882,#7884,#7886,#7888));
#7890=FACE_BOUND('',#7889,.F.);
#7892=ORIENTED_EDGE('',*,*,#7891,.T.);
#7894=ORIENTED_EDGE('',*,*,#7893,.T.);
#7896=ORIENTED_EDGE('',*,*,#7895,.T.);
#7898=ORIENTED_EDGE('',*,*,#7897,.T.);
#7899=EDGE_LOOP('',(#7892,#7894,#7896,#7898));
#7900=FACE_BOUND('',#7899,.F.);
#7902=ORIENTED_EDGE('',*,*,#7901,.T.);
#7904=ORIENTED_EDGE('',*,*,#7903,.T.);
#7906=ORIENTED_EDGE('',*,*,#7905,.T.);
#7908=ORIENTED_EDGE('',*,*,#7907,.T.);
#7909=EDGE_LOOP('',(#7902,#7904,#7906,#7908));
#7910=FACE_BOUND('',#7909,.F.);
#7912=CARTESIAN_POINT('',(-1.99E1,-4.8E0,-1.28E1));
#7913=DIRECTION('',(-1.E0,0.E0,0.E0));
#7914=DIRECTION('',(0.E0,1.E0,0.E0));
#7915=AXIS2_PLACEMENT_3D('',#7912,#7913,#7914);
#7916=PLANE('',#7915);
#7917=ORIENTED_EDGE('',*,*,#7281,.T.);
#7918=ORIENTED_EDGE('',*,*,#6849,.F.);
#7920=ORIENTED_EDGE('',*,*,#7919,.T.);
#7921=ORIENTED_EDGE('',*,*,#7470,.T.);
#7922=EDGE_LOOP('',(#7917,#7918,#7920,#7921));
#7923=FACE_OUTER_BOUND('',#7922,.F.);
#7925=CARTESIAN_POINT('',(-2.575E1,-4.8E0,-1.28E1));
#7926=DIRECTION('',(0.E0,-1.E0,0.E0));
#7927=DIRECTION('',(1.E0,0.E0,0.E0));
#7928=AXIS2_PLACEMENT_3D('',#7925,#7926,#7927);
#7929=PLANE('',#7928);
#7931=ORIENTED_EDGE('',*,*,#7930,.T.);
#7933=ORIENTED_EDGE('',*,*,#7932,.T.);
#7935=ORIENTED_EDGE('',*,*,#7934,.F.);
#7937=ORIENTED_EDGE('',*,*,#7936,.T.);
#7939=ORIENTED_EDGE('',*,*,#7938,.F.);
#7940=ORIENTED_EDGE('',*,*,#7203,.F.);
#7942=ORIENTED_EDGE('',*,*,#7941,.T.);
#7943=ORIENTED_EDGE('',*,*,#7542,.F.);
#7945=ORIENTED_EDGE('',*,*,#7944,.F.);
#7946=ORIENTED_EDGE('',*,*,#6833,.F.);
#7948=ORIENTED_EDGE('',*,*,#7947,.T.);
#7949=ORIENTED_EDGE('',*,*,#7535,.F.);
#7951=ORIENTED_EDGE('',*,*,#7950,.F.);
#7952=ORIENTED_EDGE('',*,*,#6881,.F.);
#7954=ORIENTED_EDGE('',*,*,#7953,.T.);
#7955=ORIENTED_EDGE('',*,*,#7528,.F.);
#7957=ORIENTED_EDGE('',*,*,#7956,.F.);
#7958=ORIENTED_EDGE('',*,*,#6929,.F.);
#7960=ORIENTED_EDGE('',*,*,#7959,.T.);
#7961=ORIENTED_EDGE('',*,*,#7521,.F.);
#7963=ORIENTED_EDGE('',*,*,#7962,.F.);
#7964=ORIENTED_EDGE('',*,*,#6945,.F.);
#7966=ORIENTED_EDGE('',*,*,#7965,.T.);
#7967=ORIENTED_EDGE('',*,*,#7514,.F.);
#7969=ORIENTED_EDGE('',*,*,#7968,.F.);
#7970=ORIENTED_EDGE('',*,*,#6961,.F.);
#7972=ORIENTED_EDGE('',*,*,#7971,.T.);
#7973=ORIENTED_EDGE('',*,*,#7507,.F.);
#7975=ORIENTED_EDGE('',*,*,#7974,.F.);
#7976=ORIENTED_EDGE('',*,*,#6977,.F.);
#7978=ORIENTED_EDGE('',*,*,#7977,.T.);
#7979=ORIENTED_EDGE('',*,*,#7500,.F.);
#7981=ORIENTED_EDGE('',*,*,#7980,.F.);
#7982=ORIENTED_EDGE('',*,*,#6993,.F.);
#7984=ORIENTED_EDGE('',*,*,#7983,.T.);
#7985=ORIENTED_EDGE('',*,*,#7493,.F.);
#7987=ORIENTED_EDGE('',*,*,#7986,.F.);
#7988=ORIENTED_EDGE('',*,*,#7009,.F.);
#7990=ORIENTED_EDGE('',*,*,#7989,.T.);
#7991=ORIENTED_EDGE('',*,*,#7486,.F.);
#7993=ORIENTED_EDGE('',*,*,#7992,.F.);
#7994=ORIENTED_EDGE('',*,*,#7025,.F.);
#7996=ORIENTED_EDGE('',*,*,#7995,.T.);
#7997=ORIENTED_EDGE('',*,*,#7479,.F.);
#7999=ORIENTED_EDGE('',*,*,#7998,.F.);
#8000=ORIENTED_EDGE('',*,*,#6911,.F.);
#8002=ORIENTED_EDGE('',*,*,#8001,.T.);
#8003=ORIENTED_EDGE('',*,*,#7472,.F.);
#8004=ORIENTED_EDGE('',*,*,#7919,.F.);
#8005=ORIENTED_EDGE('',*,*,#6847,.F.);
#8007=ORIENTED_EDGE('',*,*,#8006,.T.);
#8008=ORIENTED_EDGE('',*,*,#7553,.F.);
#8010=ORIENTED_EDGE('',*,*,#8009,.F.);
#8011=ORIENTED_EDGE('',*,*,#7187,.F.);
#8013=ORIENTED_EDGE('',*,*,#8012,.T.);
#8015=ORIENTED_EDGE('',*,*,#8014,.T.);
#8016=EDGE_LOOP('',(#7931,#7933,#7935,#7937,#7939,#7940,#7942,#7943,#7945,#7946,
#7948,#7949,#7951,#7952,#7954,#7955,#7957,#7958,#7960,#7961,#7963,#7964,#7966,
#7967,#7969,#7970,#7972,#7973,#7975,#7976,#7978,#7979,#7981,#7982,#7984,#7985,
#7987,#7988,#7990,#7991,#7993,#7994,#7996,#7997,#7999,#8000,#8002,#8003,#8004,
#8005,#8007,#8008,#8010,#8011,#8013,#8015));
#8017=FACE_OUTER_BOUND('',#8016,.F.);
#8019=CARTESIAN_POINT('',(-1.7E0,0.E0,0.E0));
#8020=DIRECTION('',(1.E0,0.E0,0.E0));
#8021=DIRECTION('',(0.E0,1.E0,0.E0));
#8022=AXIS2_PLACEMENT_3D('',#8019,#8020,#8021);
#8023=PLANE('',#8022);
#8024=ORIENTED_EDGE('',*,*,#7930,.F.);
#8026=ORIENTED_EDGE('',*,*,#8025,.T.);
#8028=ORIENTED_EDGE('',*,*,#8027,.T.);
#8030=ORIENTED_EDGE('',*,*,#8029,.T.);
#8031=EDGE_LOOP('',(#8024,#8026,#8028,#8030));
#8032=FACE_OUTER_BOUND('',#8031,.F.);
#8034=CARTESIAN_POINT('',(-1.7E0,-4.8E0,0.E0));
#8035=DIRECTION('',(0.E0,-8.833490206949E-1,4.687158068994E-1));
#8036=DIRECTION('',(0.E0,-4.687158068994E-1,-8.833490206949E-1));
#8037=AXIS2_PLACEMENT_3D('',#8034,#8035,#8036);
#8038=PLANE('',#8037);
#8040=ORIENTED_EDGE('',*,*,#8039,.T.);
#8042=ORIENTED_EDGE('',*,*,#8041,.T.);
#8044=ORIENTED_EDGE('',*,*,#8043,.F.);
#8045=ORIENTED_EDGE('',*,*,#8025,.F.);
#8046=EDGE_LOOP('',(#8040,#8042,#8044,#8045));
#8047=FACE_OUTER_BOUND('',#8046,.F.);
#8049=CARTESIAN_POINT('',(0.E0,0.E0,0.E0));
#8050=DIRECTION('',(0.E0,0.E0,1.E0));
#8051=DIRECTION('',(1.E0,0.E0,0.E0));
#8052=AXIS2_PLACEMENT_3D('',#8049,#8050,#8051);
#8053=PLANE('',#8052);
#8055=ORIENTED_EDGE('',*,*,#8054,.F.);
#8057=ORIENTED_EDGE('',*,*,#8056,.F.);
#8059=ORIENTED_EDGE('',*,*,#8058,.F.);
#8061=ORIENTED_EDGE('',*,*,#8060,.F.);
#8063=ORIENTED_EDGE('',*,*,#8062,.F.);
#8064=ORIENTED_EDGE('',*,*,#7936,.F.);
#8065=ORIENTED_EDGE('',*,*,#8039,.F.);
#8066=ORIENTED_EDGE('',*,*,#8014,.F.);
#8067=EDGE_LOOP('',(#8055,#8057,#8059,#8061,#8063,#8064,#8065,#8066));
#8068=FACE_OUTER_BOUND('',#8067,.F.);
#8070=ORIENTED_EDGE('',*,*,#8069,.T.);
#8072=ORIENTED_EDGE('',*,*,#8071,.T.);
#8074=ORIENTED_EDGE('',*,*,#8073,.T.);
#8076=ORIENTED_EDGE('',*,*,#8075,.T.);
#8077=EDGE_LOOP('',(#8070,#8072,#8074,#8076));
#8078=FACE_BOUND('',#8077,.F.);
#8080=ORIENTED_EDGE('',*,*,#8079,.T.);
#8082=ORIENTED_EDGE('',*,*,#8081,.T.);
#8084=ORIENTED_EDGE('',*,*,#8083,.T.);
#8086=ORIENTED_EDGE('',*,*,#8085,.T.);
#8087=EDGE_LOOP('',(#8080,#8082,#8084,#8086));
#8088=FACE_BOUND('',#8087,.F.);
#8090=ORIENTED_EDGE('',*,*,#8089,.T.);
#8092=ORIENTED_EDGE('',*,*,#8091,.T.);
#8094=ORIENTED_EDGE('',*,*,#8093,.T.);
#8096=ORIENTED_EDGE('',*,*,#8095,.T.);
#8097=EDGE_LOOP('',(#8090,#8092,#8094,#8096));
#8098=FACE_BOUND('',#8097,.F.);
#8100=ORIENTED_EDGE('',*,*,#8099,.T.);
#8102=ORIENTED_EDGE('',*,*,#8101,.T.);
#8104=ORIENTED_EDGE('',*,*,#8103,.T.);
#8106=ORIENTED_EDGE('',*,*,#8105,.T.);
#8107=EDGE_LOOP('',(#8100,#8102,#8104,#8106));
#8108=FACE_BOUND('',#8107,.F.);
#8110=ORIENTED_EDGE('',*,*,#8109,.T.);
#8112=ORIENTED_EDGE('',*,*,#8111,.T.);
#8114=ORIENTED_EDGE('',*,*,#8113,.T.);
#8116=ORIENTED_EDGE('',*,*,#8115,.T.);
#8117=EDGE_LOOP('',(#8110,#8112,#8114,#8116));
#8118=FACE_BOUND('',#8117,.F.);
#8120=ORIENTED_EDGE('',*,*,#8119,.T.);
#8122=ORIENTED_EDGE('',*,*,#8121,.T.);
#8124=ORIENTED_EDGE('',*,*,#8123,.T.);
#8126=ORIENTED_EDGE('',*,*,#8125,.T.);
#8127=EDGE_LOOP('',(#8120,#8122,#8124,#8126));
#8128=FACE_BOUND('',#8127,.F.);
#8130=ORIENTED_EDGE('',*,*,#8129,.T.);
#8132=ORIENTED_EDGE('',*,*,#8131,.T.);
#8134=ORIENTED_EDGE('',*,*,#8133,.T.);
#8136=ORIENTED_EDGE('',*,*,#8135,.T.);
#8137=EDGE_LOOP('',(#8130,#8132,#8134,#8136));
#8138=FACE_BOUND('',#8137,.F.);
#8140=ORIENTED_EDGE('',*,*,#8139,.T.);
#8142=ORIENTED_EDGE('',*,*,#8141,.T.);
#8144=ORIENTED_EDGE('',*,*,#8143,.T.);
#8146=ORIENTED_EDGE('',*,*,#8145,.T.);
#8147=EDGE_LOOP('',(#8140,#8142,#8144,#8146));
#8148=FACE_BOUND('',#8147,.F.);
#8150=ORIENTED_EDGE('',*,*,#8149,.T.);
#8152=ORIENTED_EDGE('',*,*,#8151,.T.);
#8154=ORIENTED_EDGE('',*,*,#8153,.T.);
#8156=ORIENTED_EDGE('',*,*,#8155,.T.);
#8157=EDGE_LOOP('',(#8150,#8152,#8154,#8156));
#8158=FACE_BOUND('',#8157,.F.);
#8160=ORIENTED_EDGE('',*,*,#8159,.T.);
#8162=ORIENTED_EDGE('',*,*,#8161,.T.);
#8164=ORIENTED_EDGE('',*,*,#8163,.T.);
#8166=ORIENTED_EDGE('',*,*,#8165,.T.);
#8167=EDGE_LOOP('',(#8160,#8162,#8164,#8166));
#8168=FACE_BOUND('',#8167,.F.);
#8170=ORIENTED_EDGE('',*,*,#8169,.T.);
#8172=ORIENTED_EDGE('',*,*,#8171,.T.);
#8174=ORIENTED_EDGE('',*,*,#8173,.T.);
#8176=ORIENTED_EDGE('',*,*,#8175,.T.);
#8177=EDGE_LOOP('',(#8170,#8172,#8174,#8176));
#8178=FACE_BOUND('',#8177,.F.);
#8180=ORIENTED_EDGE('',*,*,#8179,.T.);
#8182=ORIENTED_EDGE('',*,*,#8181,.F.);
#8184=ORIENTED_EDGE('',*,*,#8183,.T.);
#8186=ORIENTED_EDGE('',*,*,#8185,.T.);
#8188=ORIENTED_EDGE('',*,*,#8187,.T.);
#8190=ORIENTED_EDGE('',*,*,#8189,.F.);
#8191=EDGE_LOOP('',(#8180,#8182,#8184,#8186,#8188,#8190));
#8192=FACE_BOUND('',#8191,.F.);
#8194=ORIENTED_EDGE('',*,*,#8193,.T.);
#8196=ORIENTED_EDGE('',*,*,#8195,.F.);
#8198=ORIENTED_EDGE('',*,*,#8197,.T.);
#8200=ORIENTED_EDGE('',*,*,#8199,.F.);
#8202=ORIENTED_EDGE('',*,*,#8201,.T.);
#8204=ORIENTED_EDGE('',*,*,#8203,.T.);
#8205=EDGE_LOOP('',(#8194,#8196,#8198,#8200,#8202,#8204));
#8206=FACE_BOUND('',#8205,.F.);
#8208=ORIENTED_EDGE('',*,*,#8207,.T.);
#8210=ORIENTED_EDGE('',*,*,#8209,.F.);
#8212=ORIENTED_EDGE('',*,*,#8211,.T.);
#8214=ORIENTED_EDGE('',*,*,#8213,.F.);
#8216=ORIENTED_EDGE('',*,*,#8215,.T.);
#8218=ORIENTED_EDGE('',*,*,#8217,.T.);
#8219=EDGE_LOOP('',(#8208,#8210,#8212,#8214,#8216,#8218));
#8220=FACE_BOUND('',#8219,.F.);
#8222=ORIENTED_EDGE('',*,*,#8221,.T.);
#8224=ORIENTED_EDGE('',*,*,#8223,.F.);
#8226=ORIENTED_EDGE('',*,*,#8225,.T.);
#8228=ORIENTED_EDGE('',*,*,#8227,.F.);
#8230=ORIENTED_EDGE('',*,*,#8229,.T.);
#8232=ORIENTED_EDGE('',*,*,#8231,.T.);
#8233=EDGE_LOOP('',(#8222,#8224,#8226,#8228,#8230,#8232));
#8234=FACE_BOUND('',#8233,.F.);
#8236=ORIENTED_EDGE('',*,*,#8235,.T.);
#8238=ORIENTED_EDGE('',*,*,#8237,.F.);
#8240=ORIENTED_EDGE('',*,*,#8239,.T.);
#8242=ORIENTED_EDGE('',*,*,#8241,.F.);
#8244=ORIENTED_EDGE('',*,*,#8243,.T.);
#8246=ORIENTED_EDGE('',*,*,#8245,.T.);
#8247=EDGE_LOOP('',(#8236,#8238,#8240,#8242,#8244,#8246));
#8248=FACE_BOUND('',#8247,.F.);
#8250=ORIENTED_EDGE('',*,*,#8249,.T.);
#8252=ORIENTED_EDGE('',*,*,#8251,.F.);
#8254=ORIENTED_EDGE('',*,*,#8253,.T.);
#8256=ORIENTED_EDGE('',*,*,#8255,.F.);
#8258=ORIENTED_EDGE('',*,*,#8257,.T.);
#8260=ORIENTED_EDGE('',*,*,#8259,.T.);
#8261=EDGE_LOOP('',(#8250,#8252,#8254,#8256,#8258,#8260));
#8262=FACE_BOUND('',#8261,.F.);
#8264=ORIENTED_EDGE('',*,*,#8263,.T.);
#8266=ORIENTED_EDGE('',*,*,#8265,.F.);
#8268=ORIENTED_EDGE('',*,*,#8267,.T.);
#8270=ORIENTED_EDGE('',*,*,#8269,.F.);
#8272=ORIENTED_EDGE('',*,*,#8271,.T.);
#8274=ORIENTED_EDGE('',*,*,#8273,.T.);
#8275=EDGE_LOOP('',(#8264,#8266,#8268,#8270,#8272,#8274));
#8276=FACE_BOUND('',#8275,.F.);
#8278=ORIENTED_EDGE('',*,*,#8277,.T.);
#8280=ORIENTED_EDGE('',*,*,#8279,.F.);
#8282=ORIENTED_EDGE('',*,*,#8281,.T.);
#8284=ORIENTED_EDGE('',*,*,#8283,.F.);
#8286=ORIENTED_EDGE('',*,*,#8285,.T.);
#8288=ORIENTED_EDGE('',*,*,#8287,.T.);
#8289=EDGE_LOOP('',(#8278,#8280,#8282,#8284,#8286,#8288));
#8290=FACE_BOUND('',#8289,.F.);
#8292=ORIENTED_EDGE('',*,*,#8291,.T.);
#8294=ORIENTED_EDGE('',*,*,#8293,.F.);
#8296=ORIENTED_EDGE('',*,*,#8295,.T.);
#8298=ORIENTED_EDGE('',*,*,#8297,.F.);
#8300=ORIENTED_EDGE('',*,*,#8299,.T.);
#8302=ORIENTED_EDGE('',*,*,#8301,.T.);
#8303=EDGE_LOOP('',(#8292,#8294,#8296,#8298,#8300,#8302));
#8304=FACE_BOUND('',#8303,.F.);
#8306=ORIENTED_EDGE('',*,*,#8305,.T.);
#8308=ORIENTED_EDGE('',*,*,#8307,.F.);
#8310=ORIENTED_EDGE('',*,*,#8309,.T.);
#8312=ORIENTED_EDGE('',*,*,#8311,.F.);
#8314=ORIENTED_EDGE('',*,*,#8313,.T.);
#8316=ORIENTED_EDGE('',*,*,#8315,.T.);
#8317=EDGE_LOOP('',(#8306,#8308,#8310,#8312,#8314,#8316));
#8318=FACE_BOUND('',#8317,.F.);
#8320=ORIENTED_EDGE('',*,*,#8319,.T.);
#8322=ORIENTED_EDGE('',*,*,#8321,.F.);
#8324=ORIENTED_EDGE('',*,*,#8323,.T.);
#8326=ORIENTED_EDGE('',*,*,#8325,.F.);
#8328=ORIENTED_EDGE('',*,*,#8327,.T.);
#8330=ORIENTED_EDGE('',*,*,#8329,.T.);
#8331=EDGE_LOOP('',(#8320,#8322,#8324,#8326,#8328,#8330));
#8332=FACE_BOUND('',#8331,.F.);
#8334=ORIENTED_EDGE('',*,*,#8333,.T.);
#8336=ORIENTED_EDGE('',*,*,#8335,.F.);
#8338=ORIENTED_EDGE('',*,*,#8337,.T.);
#8340=ORIENTED_EDGE('',*,*,#8339,.F.);
#8342=ORIENTED_EDGE('',*,*,#8341,.T.);
#8344=ORIENTED_EDGE('',*,*,#8343,.T.);
#8345=EDGE_LOOP('',(#8334,#8336,#8338,#8340,#8342,#8344));
#8346=FACE_BOUND('',#8345,.F.);
#8348=ORIENTED_EDGE('',*,*,#8347,.T.);
#8350=ORIENTED_EDGE('',*,*,#8349,.T.);
#8352=ORIENTED_EDGE('',*,*,#8351,.T.);
#8354=ORIENTED_EDGE('',*,*,#8353,.T.);
#8355=EDGE_LOOP('',(#8348,#8350,#8352,#8354));
#8356=FACE_BOUND('',#8355,.F.);
#8358=CARTESIAN_POINT('',(-2.5E1,3.975E0,0.E0));
#8359=DIRECTION('',(-1.E0,0.E0,0.E0));
#8360=DIRECTION('',(0.E0,-1.E0,0.E0));
#8361=AXIS2_PLACEMENT_3D('',#8358,#8359,#8360);
#8362=PLANE('',#8361);
#8363=ORIENTED_EDGE('',*,*,#8347,.F.);
#8365=ORIENTED_EDGE('',*,*,#8364,.T.);
#8367=ORIENTED_EDGE('',*,*,#8366,.T.);
#8369=ORIENTED_EDGE('',*,*,#8368,.F.);
#8370=EDGE_LOOP('',(#8363,#8365,#8367,#8369));
#8371=FACE_OUTER_BOUND('',#8370,.F.);
#8373=CARTESIAN_POINT('',(-2.12E1,3.975E0,0.E0));
#8374=DIRECTION('',(0.E0,1.E0,0.E0));
#8375=DIRECTION('',(-1.E0,0.E0,0.E0));
#8376=AXIS2_PLACEMENT_3D('',#8373,#8374,#8375);
#8377=PLANE('',#8376);
#8378=ORIENTED_EDGE('',*,*,#8353,.F.);
#8380=ORIENTED_EDGE('',*,*,#8379,.T.);
#8382=ORIENTED_EDGE('',*,*,#8381,.T.);
#8383=ORIENTED_EDGE('',*,*,#8364,.F.);
#8384=EDGE_LOOP('',(#8378,#8380,#8382,#8383));
#8385=FACE_OUTER_BOUND('',#8384,.F.);
#8387=CARTESIAN_POINT('',(-2.12E1,2.25E-1,0.E0));
#8388=DIRECTION('',(1.E0,0.E0,0.E0));
#8389=DIRECTION('',(0.E0,1.E0,0.E0));
#8390=AXIS2_PLACEMENT_3D('',#8387,#8388,#8389);
#8391=PLANE('',#8390);
#8392=ORIENTED_EDGE('',*,*,#8351,.F.);
#8394=ORIENTED_EDGE('',*,*,#8393,.T.);
#8396=ORIENTED_EDGE('',*,*,#8395,.T.);
#8397=ORIENTED_EDGE('',*,*,#8379,.F.);
#8398=EDGE_LOOP('',(#8392,#8394,#8396,#8397));
#8399=FACE_OUTER_BOUND('',#8398,.F.);
#8401=CARTESIAN_POINT('',(-2.5E1,2.25E-1,0.E0));
#8402=DIRECTION('',(0.E0,-1.E0,0.E0));
#8403=DIRECTION('',(1.E0,0.E0,0.E0));
#8404=AXIS2_PLACEMENT_3D('',#8401,#8402,#8403);
#8405=PLANE('',#8404);
#8406=ORIENTED_EDGE('',*,*,#8349,.F.);
#8407=ORIENTED_EDGE('',*,*,#8368,.T.);
#8409=ORIENTED_EDGE('',*,*,#8408,.T.);
#8410=ORIENTED_EDGE('',*,*,#8393,.F.);
#8411=EDGE_LOOP('',(#8406,#8407,#8409,#8410));
#8412=FACE_OUTER_BOUND('',#8411,.F.);
#8414=CARTESIAN_POINT('',(0.E0,0.E0,-9.05E0));
#8415=DIRECTION('',(0.E0,0.E0,1.E0));
#8416=DIRECTION('',(1.E0,0.E0,0.E0));
#8417=AXIS2_PLACEMENT_3D('',#8414,#8415,#8416);
#8418=PLANE('',#8417);
#8419=ORIENTED_EDGE('',*,*,#8366,.F.);
#8420=ORIENTED_EDGE('',*,*,#8381,.F.);
#8421=ORIENTED_EDGE('',*,*,#8395,.F.);
#8422=ORIENTED_EDGE('',*,*,#8408,.F.);
#8423=EDGE_LOOP('',(#8419,#8420,#8421,#8422));
#8424=FACE_OUTER_BOUND('',#8423,.F.);
#8426=ORIENTED_EDGE('',*,*,#8425,.T.);
#8428=ORIENTED_EDGE('',*,*,#8427,.T.);
#8430=ORIENTED_EDGE('',*,*,#8429,.T.);
#8432=ORIENTED_EDGE('',*,*,#8431,.T.);
#8433=EDGE_LOOP('',(#8426,#8428,#8430,#8432));
#8434=FACE_BOUND('',#8433,.F.);
#8436=CARTESIAN_POINT('',(0.E0,0.E0,-9.05E0));
#8437=DIRECTION('',(0.E0,0.E0,1.E0));
#8438=DIRECTION('',(1.E0,0.E0,0.E0));
#8439=AXIS2_PLACEMENT_3D('',#8436,#8437,#8438);
#8440=PLANE('',#8439);
#8442=ORIENTED_EDGE('',*,*,#8441,.F.);
#8444=ORIENTED_EDGE('',*,*,#8443,.F.);
#8446=ORIENTED_EDGE('',*,*,#8445,.F.);
#8448=ORIENTED_EDGE('',*,*,#8447,.F.);
#8450=ORIENTED_EDGE('',*,*,#8449,.F.);
#8452=ORIENTED_EDGE('',*,*,#8451,.F.);
#8453=EDGE_LOOP('',(#8442,#8444,#8446,#8448,#8450,#8452));
#8454=FACE_OUTER_BOUND('',#8453,.F.);
#8456=ORIENTED_EDGE('',*,*,#8455,.T.);
#8458=ORIENTED_EDGE('',*,*,#8457,.T.);
#8460=ORIENTED_EDGE('',*,*,#8459,.T.);
#8462=ORIENTED_EDGE('',*,*,#8461,.T.);
#8463=EDGE_LOOP('',(#8456,#8458,#8460,#8462));
#8464=FACE_BOUND('',#8463,.F.);
#8466=CARTESIAN_POINT('',(-2.36E1,2.6E0,-9.05E0));
#8467=DIRECTION('',(-1.E0,0.E0,0.E0));
#8468=DIRECTION('',(0.E0,-1.E0,0.E0));
#8469=AXIS2_PLACEMENT_3D('',#8466,#8467,#8468);
#8470=PLANE('',#8469);
#8471=ORIENTED_EDGE('',*,*,#8425,.F.);
#8473=ORIENTED_EDGE('',*,*,#8472,.T.);
#8475=ORIENTED_EDGE('',*,*,#8474,.T.);
#8477=ORIENTED_EDGE('',*,*,#8476,.F.);
#8478=EDGE_LOOP('',(#8471,#8473,#8475,#8477));
#8479=FACE_OUTER_BOUND('',#8478,.F.);
#8481=CARTESIAN_POINT('',(-2.26E1,2.6E0,-9.05E0));
#8482=DIRECTION('',(0.E0,1.E0,0.E0));
#8483=DIRECTION('',(-1.E0,0.E0,0.E0));
#8484=AXIS2_PLACEMENT_3D('',#8481,#8482,#8483);
#8485=PLANE('',#8484);
#8486=ORIENTED_EDGE('',*,*,#8431,.F.);
#8488=ORIENTED_EDGE('',*,*,#8487,.T.);
#8490=ORIENTED_EDGE('',*,*,#8489,.T.);
#8491=ORIENTED_EDGE('',*,*,#8472,.F.);
#8492=EDGE_LOOP('',(#8486,#8488,#8490,#8491));
#8493=FACE_OUTER_BOUND('',#8492,.F.);
#8495=CARTESIAN_POINT('',(-2.26E1,1.6E0,-9.05E0));
#8496=DIRECTION('',(1.E0,0.E0,0.E0));
#8497=DIRECTION('',(0.E0,1.E0,0.E0));
#8498=AXIS2_PLACEMENT_3D('',#8495,#8496,#8497);
#8499=PLANE('',#8498);
#8500=ORIENTED_EDGE('',*,*,#8429,.F.);
#8502=ORIENTED_EDGE('',*,*,#8501,.T.);
#8504=ORIENTED_EDGE('',*,*,#8503,.T.);
#8505=ORIENTED_EDGE('',*,*,#8487,.F.);
#8506=EDGE_LOOP('',(#8500,#8502,#8504,#8505));
#8507=FACE_OUTER_BOUND('',#8506,.F.);
#8509=CARTESIAN_POINT('',(-2.36E1,1.6E0,-9.05E0));
#8510=DIRECTION('',(0.E0,-1.E0,0.E0));
#8511=DIRECTION('',(1.E0,0.E0,0.E0));
#8512=AXIS2_PLACEMENT_3D('',#8509,#8510,#8511);
#8513=PLANE('',#8512);
#8514=ORIENTED_EDGE('',*,*,#8427,.F.);
#8515=ORIENTED_EDGE('',*,*,#8476,.T.);
#8517=ORIENTED_EDGE('',*,*,#8516,.T.);
#8518=ORIENTED_EDGE('',*,*,#8501,.F.);
#8519=EDGE_LOOP('',(#8514,#8515,#8517,#8518));
#8520=FACE_OUTER_BOUND('',#8519,.F.);
#8522=CARTESIAN_POINT('',(0.E0,0.E0,-3.35E0));
#8523=DIRECTION('',(0.E0,0.E0,1.E0));
#8524=DIRECTION('',(1.E0,0.E0,0.E0));
#8525=AXIS2_PLACEMENT_3D('',#8522,#8523,#8524);
#8526=PLANE('',#8525);
#8527=ORIENTED_EDGE('',*,*,#8474,.F.);
#8528=ORIENTED_EDGE('',*,*,#8489,.F.);
#8529=ORIENTED_EDGE('',*,*,#8503,.F.);
#8530=ORIENTED_EDGE('',*,*,#8516,.F.);
#8531=EDGE_LOOP('',(#8527,#8528,#8529,#8530));
#8532=FACE_OUTER_BOUND('',#8531,.F.);
#8534=CARTESIAN_POINT('',(0.E0,0.E0,-3.35E0));
#8535=DIRECTION('',(0.E0,0.E0,1.E0));
#8536=DIRECTION('',(1.E0,0.E0,0.E0));
#8537=AXIS2_PLACEMENT_3D('',#8534,#8535,#8536);
#8538=PLANE('',#8537);
#8540=ORIENTED_EDGE('',*,*,#8539,.F.);
#8542=ORIENTED_EDGE('',*,*,#8541,.F.);
#8544=ORIENTED_EDGE('',*,*,#8543,.F.);
#8546=ORIENTED_EDGE('',*,*,#8545,.F.);
#8547=EDGE_LOOP('',(#8540,#8542,#8544,#8546));
#8548=FACE_OUTER_BOUND('',#8547,.F.);
#8550=CARTESIAN_POINT('',(-2.36E1,-2.6E0,-9.05E0));
#8551=DIRECTION('',(0.E0,-1.E0,0.E0));
#8552=DIRECTION('',(1.E0,0.E0,0.E0));
#8553=AXIS2_PLACEMENT_3D('',#8550,#8551,#8552);
#8554=PLANE('',#8553);
#8555=ORIENTED_EDGE('',*,*,#8455,.F.);
#8557=ORIENTED_EDGE('',*,*,#8556,.T.);
#8558=ORIENTED_EDGE('',*,*,#8539,.T.);
#8560=ORIENTED_EDGE('',*,*,#8559,.F.);
#8561=EDGE_LOOP('',(#8555,#8557,#8558,#8560));
#8562=FACE_OUTER_BOUND('',#8561,.F.);
#8564=CARTESIAN_POINT('',(-2.36E1,-1.6E0,-9.05E0));
#8565=DIRECTION('',(-1.E0,0.E0,0.E0));
#8566=DIRECTION('',(0.E0,-1.E0,0.E0));
#8567=AXIS2_PLACEMENT_3D('',#8564,#8565,#8566);
#8568=PLANE('',#8567);
#8569=ORIENTED_EDGE('',*,*,#8461,.F.);
#8571=ORIENTED_EDGE('',*,*,#8570,.T.);
#8572=ORIENTED_EDGE('',*,*,#8541,.T.);
#8573=ORIENTED_EDGE('',*,*,#8556,.F.);
#8574=EDGE_LOOP('',(#8569,#8571,#8572,#8573));
#8575=FACE_OUTER_BOUND('',#8574,.F.);
#8577=CARTESIAN_POINT('',(-2.26E1,-1.6E0,-9.05E0));
#8578=DIRECTION('',(0.E0,1.E0,0.E0));
#8579=DIRECTION('',(-1.E0,0.E0,0.E0));
#8580=AXIS2_PLACEMENT_3D('',#8577,#8578,#8579);
#8581=PLANE('',#8580);
#8582=ORIENTED_EDGE('',*,*,#8459,.F.);
#8584=ORIENTED_EDGE('',*,*,#8583,.T.);
#8585=ORIENTED_EDGE('',*,*,#8543,.T.);
#8586=ORIENTED_EDGE('',*,*,#8570,.F.);
#8587=EDGE_LOOP('',(#8582,#8584,#8585,#8586));
#8588=FACE_OUTER_BOUND('',#8587,.F.);
#8590=CARTESIAN_POINT('',(-2.26E1,-2.6E0,-9.05E0));
#8591=DIRECTION('',(1.E0,0.E0,0.E0));
#8592=DIRECTION('',(0.E0,1.E0,0.E0));
#8593=AXIS2_PLACEMENT_3D('',#8590,#8591,#8592);
#8594=PLANE('',#8593);
#8595=ORIENTED_EDGE('',*,*,#8457,.F.);
#8596=ORIENTED_EDGE('',*,*,#8559,.T.);
#8597=ORIENTED_EDGE('',*,*,#8545,.T.);
#8598=ORIENTED_EDGE('',*,*,#8583,.F.);
#8599=EDGE_LOOP('',(#8595,#8596,#8597,#8598));
#8600=FACE_OUTER_BOUND('',#8599,.F.);
#8602=CARTESIAN_POINT('',(-2.17E1,-7.25E-1,-4.525E0));
#8603=DIRECTION('',(-7.071067811865E-1,-7.071067811865E-1,0.E0));
#8604=DIRECTION('',(-7.071067811865E-1,7.071067811865E-1,0.E0));
#8605=AXIS2_PLACEMENT_3D('',#8602,#8603,#8604);
#8606=PLANE('',#8605);
#8607=ORIENTED_EDGE('',*,*,#8441,.T.);
#8609=ORIENTED_EDGE('',*,*,#8608,.F.);
#8610=ORIENTED_EDGE('',*,*,#8265,.T.);
#8612=ORIENTED_EDGE('',*,*,#8611,.T.);
#8613=EDGE_LOOP('',(#8607,#8609,#8610,#8612));
#8614=FACE_OUTER_BOUND('',#8613,.F.);
#8616=CARTESIAN_POINT('',(-2.12E1,-2.25E-1,0.E0));
#8617=DIRECTION('',(0.E0,1.E0,0.E0));
#8618=DIRECTION('',(-1.E0,0.E0,0.E0));
#8619=AXIS2_PLACEMENT_3D('',#8616,#8617,#8618);
#8620=PLANE('',#8619);
#8621=ORIENTED_EDGE('',*,*,#8608,.T.);
#8622=ORIENTED_EDGE('',*,*,#8451,.T.);
#8624=ORIENTED_EDGE('',*,*,#8623,.F.);
#8625=ORIENTED_EDGE('',*,*,#8267,.F.);
#8626=EDGE_LOOP('',(#8621,#8622,#8624,#8625));
#8627=FACE_OUTER_BOUND('',#8626,.F.);
#8629=CARTESIAN_POINT('',(-2.45E1,-7.25E-1,-4.525E0));
#8630=DIRECTION('',(7.071067811865E-1,-7.071067811865E-1,0.E0));
#8631=DIRECTION('',(-7.071067811865E-1,-7.071067811865E-1,0.E0));
#8632=AXIS2_PLACEMENT_3D('',#8629,#8630,#8631);
#8633=PLANE('',#8632);
#8634=ORIENTED_EDGE('',*,*,#8449,.T.);
#8636=ORIENTED_EDGE('',*,*,#8635,.F.);
#8637=ORIENTED_EDGE('',*,*,#8269,.T.);
#8638=ORIENTED_EDGE('',*,*,#8623,.T.);
#8639=EDGE_LOOP('',(#8634,#8636,#8637,#8638));
#8640=FACE_OUTER_BOUND('',#8639,.F.);
#8642=CARTESIAN_POINT('',(-2.5E1,-2.25E-1,0.E0));
#8643=DIRECTION('',(-1.E0,0.E0,0.E0));
#8644=DIRECTION('',(0.E0,-1.E0,0.E0));
#8645=AXIS2_PLACEMENT_3D('',#8642,#8643,#8644);
#8646=PLANE('',#8645);
#8647=ORIENTED_EDGE('',*,*,#8635,.T.);
#8648=ORIENTED_EDGE('',*,*,#8447,.T.);
#8650=ORIENTED_EDGE('',*,*,#8649,.F.);
#8651=ORIENTED_EDGE('',*,*,#8271,.F.);
#8652=EDGE_LOOP('',(#8647,#8648,#8650,#8651));
#8653=FACE_OUTER_BOUND('',#8652,.F.);
#8655=CARTESIAN_POINT('',(-2.5E1,-3.975E0,0.E0));
#8656=DIRECTION('',(0.E0,-1.E0,0.E0));
#8657=DIRECTION('',(1.E0,0.E0,0.E0));
#8658=AXIS2_PLACEMENT_3D('',#8655,#8656,#8657);
#8659=PLANE('',#8658);
#8660=ORIENTED_EDGE('',*,*,#8273,.F.);
#8661=ORIENTED_EDGE('',*,*,#8649,.T.);
#8662=ORIENTED_EDGE('',*,*,#8445,.T.);
#8664=ORIENTED_EDGE('',*,*,#8663,.F.);
#8665=EDGE_LOOP('',(#8660,#8661,#8662,#8664));
#8666=FACE_OUTER_BOUND('',#8665,.F.);
#8668=CARTESIAN_POINT('',(-2.12E1,-3.975E0,0.E0));
#8669=DIRECTION('',(1.E0,0.E0,0.E0));
#8670=DIRECTION('',(0.E0,1.E0,0.E0));
#8671=AXIS2_PLACEMENT_3D('',#8668,#8669,#8670);
#8672=PLANE('',#8671);
#8673=ORIENTED_EDGE('',*,*,#8611,.F.);
#8674=ORIENTED_EDGE('',*,*,#8263,.F.);
#8675=ORIENTED_EDGE('',*,*,#8663,.T.);
#8676=ORIENTED_EDGE('',*,*,#8443,.T.);
#8677=EDGE_LOOP('',(#8673,#8674,#8675,#8676));
#8678=FACE_OUTER_BOUND('',#8677,.F.);
#8680=CARTESIAN_POINT('',(-2.08E1,-3.975E0,0.E0));
#8681=DIRECTION('',(0.E0,-1.E0,0.E0));
#8682=DIRECTION('',(1.E0,0.E0,0.E0));
#8683=AXIS2_PLACEMENT_3D('',#8680,#8681,#8682);
#8684=PLANE('',#8683);
#8686=ORIENTED_EDGE('',*,*,#8685,.T.);
#8688=ORIENTED_EDGE('',*,*,#8687,.T.);
#8690=ORIENTED_EDGE('',*,*,#8689,.F.);
#8691=ORIENTED_EDGE('',*,*,#8069,.F.);
#8692=EDGE_LOOP('',(#8686,#8688,#8690,#8691));
#8693=FACE_OUTER_BOUND('',#8692,.F.);
#8695=CARTESIAN_POINT('',(-2.08E1,-2.25E-1,0.E0));
#8696=DIRECTION('',(-1.E0,0.E0,0.E0));
#8697=DIRECTION('',(0.E0,-1.E0,0.E0));
#8698=AXIS2_PLACEMENT_3D('',#8695,#8696,#8697);
#8699=PLANE('',#8698);
#8700=ORIENTED_EDGE('',*,*,#8685,.F.);
#8701=ORIENTED_EDGE('',*,*,#8075,.F.);
#8703=ORIENTED_EDGE('',*,*,#8702,.T.);
#8705=ORIENTED_EDGE('',*,*,#8704,.T.);
#8706=EDGE_LOOP('',(#8700,#8701,#8703,#8705));
#8707=FACE_OUTER_BOUND('',#8706,.F.);
#8709=CARTESIAN_POINT('',(-1.7E1,-2.25E-1,0.E0));
#8710=DIRECTION('',(0.E0,1.E0,0.E0));
#8711=DIRECTION('',(-1.E0,0.E0,0.E0));
#8712=AXIS2_PLACEMENT_3D('',#8709,#8710,#8711);
#8713=PLANE('',#8712);
#8715=ORIENTED_EDGE('',*,*,#8714,.T.);
#8717=ORIENTED_EDGE('',*,*,#8716,.T.);
#8718=ORIENTED_EDGE('',*,*,#8702,.F.);
#8719=ORIENTED_EDGE('',*,*,#8073,.F.);
#8720=EDGE_LOOP('',(#8715,#8717,#8718,#8719));
#8721=FACE_OUTER_BOUND('',#8720,.F.);
#8723=CARTESIAN_POINT('',(-1.7E1,-3.975E0,0.E0));
#8724=DIRECTION('',(1.E0,0.E0,0.E0));
#8725=DIRECTION('',(0.E0,1.E0,0.E0));
#8726=AXIS2_PLACEMENT_3D('',#8723,#8724,#8725);
#8727=PLANE('',#8726);
#8728=ORIENTED_EDGE('',*,*,#8689,.T.);
#8730=ORIENTED_EDGE('',*,*,#8729,.T.);
#8731=ORIENTED_EDGE('',*,*,#8714,.F.);
#8732=ORIENTED_EDGE('',*,*,#8071,.F.);
#8733=EDGE_LOOP('',(#8728,#8730,#8731,#8732));
#8734=FACE_OUTER_BOUND('',#8733,.F.);
#8736=CARTESIAN_POINT('',(4.2E0,0.E0,-9.05E0));
#8737=DIRECTION('',(0.E0,0.E0,1.E0));
#8738=DIRECTION('',(1.E0,0.E0,0.E0));
#8739=AXIS2_PLACEMENT_3D('',#8736,#8737,#8738);
#8740=PLANE('',#8739);
#8741=ORIENTED_EDGE('',*,*,#8687,.F.);
#8742=ORIENTED_EDGE('',*,*,#8704,.F.);
#8743=ORIENTED_EDGE('',*,*,#8716,.F.);
#8744=ORIENTED_EDGE('',*,*,#8729,.F.);
#8745=EDGE_LOOP('',(#8741,#8742,#8743,#8744));
#8746=FACE_OUTER_BOUND('',#8745,.F.);
#8748=ORIENTED_EDGE('',*,*,#8747,.T.);
#8750=ORIENTED_EDGE('',*,*,#8749,.T.);
#8752=ORIENTED_EDGE('',*,*,#8751,.T.);
#8754=ORIENTED_EDGE('',*,*,#8753,.T.);
#8755=EDGE_LOOP('',(#8748,#8750,#8752,#8754));
#8756=FACE_BOUND('',#8755,.F.);
#8758=CARTESIAN_POINT('',(4.2E0,0.E0,-9.05E0));
#8759=DIRECTION('',(0.E0,0.E0,1.E0));
#8760=DIRECTION('',(1.E0,0.E0,0.E0));
#8761=AXIS2_PLACEMENT_3D('',#8758,#8759,#8760);
#8762=PLANE('',#8761);
#8764=ORIENTED_EDGE('',*,*,#8763,.F.);
#8766=ORIENTED_EDGE('',*,*,#8765,.F.);
#8768=ORIENTED_EDGE('',*,*,#8767,.F.);
#8770=ORIENTED_EDGE('',*,*,#8769,.F.);
#8772=ORIENTED_EDGE('',*,*,#8771,.F.);
#8774=ORIENTED_EDGE('',*,*,#8773,.F.);
#8775=EDGE_LOOP('',(#8764,#8766,#8768,#8770,#8772,#8774));
#8776=FACE_OUTER_BOUND('',#8775,.F.);
#8778=ORIENTED_EDGE('',*,*,#8777,.T.);
#8780=ORIENTED_EDGE('',*,*,#8779,.T.);
#8782=ORIENTED_EDGE('',*,*,#8781,.T.);
#8784=ORIENTED_EDGE('',*,*,#8783,.T.);
#8785=EDGE_LOOP('',(#8778,#8780,#8782,#8784));
#8786=FACE_BOUND('',#8785,.F.);
#8788=CARTESIAN_POINT('',(-1.94E1,2.6E0,-9.05E0));
#8789=DIRECTION('',(-1.E0,0.E0,0.E0));
#8790=DIRECTION('',(0.E0,-1.E0,0.E0));
#8791=AXIS2_PLACEMENT_3D('',#8788,#8789,#8790);
#8792=PLANE('',#8791);
#8794=ORIENTED_EDGE('',*,*,#8793,.T.);
#8796=ORIENTED_EDGE('',*,*,#8795,.T.);
#8798=ORIENTED_EDGE('',*,*,#8797,.F.);
#8799=ORIENTED_EDGE('',*,*,#8777,.F.);
#8800=EDGE_LOOP('',(#8794,#8796,#8798,#8799));
#8801=FACE_OUTER_BOUND('',#8800,.F.);
#8803=CARTESIAN_POINT('',(-1.84E1,2.6E0,-9.05E0));
#8804=DIRECTION('',(0.E0,1.E0,0.E0));
#8805=DIRECTION('',(-1.E0,0.E0,0.E0));
#8806=AXIS2_PLACEMENT_3D('',#8803,#8804,#8805);
#8807=PLANE('',#8806);
#8808=ORIENTED_EDGE('',*,*,#8793,.F.);
#8809=ORIENTED_EDGE('',*,*,#8783,.F.);
#8811=ORIENTED_EDGE('',*,*,#8810,.T.);
#8813=ORIENTED_EDGE('',*,*,#8812,.T.);
#8814=EDGE_LOOP('',(#8808,#8809,#8811,#8813));
#8815=FACE_OUTER_BOUND('',#8814,.F.);
#8817=CARTESIAN_POINT('',(-1.84E1,1.6E0,-9.05E0));
#8818=DIRECTION('',(1.E0,0.E0,0.E0));
#8819=DIRECTION('',(0.E0,1.E0,0.E0));
#8820=AXIS2_PLACEMENT_3D('',#8817,#8818,#8819);
#8821=PLANE('',#8820);
#8823=ORIENTED_EDGE('',*,*,#8822,.T.);
#8825=ORIENTED_EDGE('',*,*,#8824,.T.);
#8826=ORIENTED_EDGE('',*,*,#8810,.F.);
#8827=ORIENTED_EDGE('',*,*,#8781,.F.);
#8828=EDGE_LOOP('',(#8823,#8825,#8826,#8827));
#8829=FACE_OUTER_BOUND('',#8828,.F.);
#8831=CARTESIAN_POINT('',(-1.94E1,1.6E0,-9.05E0));
#8832=DIRECTION('',(0.E0,-1.E0,0.E0));
#8833=DIRECTION('',(1.E0,0.E0,0.E0));
#8834=AXIS2_PLACEMENT_3D('',#8831,#8832,#8833);
#8835=PLANE('',#8834);
#8836=ORIENTED_EDGE('',*,*,#8797,.T.);
#8838=ORIENTED_EDGE('',*,*,#8837,.T.);
#8839=ORIENTED_EDGE('',*,*,#8822,.F.);
#8840=ORIENTED_EDGE('',*,*,#8779,.F.);
#8841=EDGE_LOOP('',(#8836,#8838,#8839,#8840));
#8842=FACE_OUTER_BOUND('',#8841,.F.);
#8844=CARTESIAN_POINT('',(4.2E0,0.E0,-3.35E0));
#8845=DIRECTION('',(0.E0,0.E0,1.E0));
#8846=DIRECTION('',(1.E0,0.E0,0.E0));
#8847=AXIS2_PLACEMENT_3D('',#8844,#8845,#8846);
#8848=PLANE('',#8847);
#8849=ORIENTED_EDGE('',*,*,#8795,.F.);
#8850=ORIENTED_EDGE('',*,*,#8812,.F.);
#8851=ORIENTED_EDGE('',*,*,#8824,.F.);
#8852=ORIENTED_EDGE('',*,*,#8837,.F.);
#8853=EDGE_LOOP('',(#8849,#8850,#8851,#8852));
#8854=FACE_OUTER_BOUND('',#8853,.F.);
#8856=CARTESIAN_POINT('',(4.2E0,0.E0,-3.35E0));
#8857=DIRECTION('',(0.E0,0.E0,1.E0));
#8858=DIRECTION('',(1.E0,0.E0,0.E0));
#8859=AXIS2_PLACEMENT_3D('',#8856,#8857,#8858);
#8860=PLANE('',#8859);
#8862=ORIENTED_EDGE('',*,*,#8861,.F.);
#8864=ORIENTED_EDGE('',*,*,#8863,.F.);
#8866=ORIENTED_EDGE('',*,*,#8865,.F.);
#8868=ORIENTED_EDGE('',*,*,#8867,.F.);
#8869=EDGE_LOOP('',(#8862,#8864,#8866,#8868));
#8870=FACE_OUTER_BOUND('',#8869,.F.);
#8872=CARTESIAN_POINT('',(-1.94E1,-2.6E0,-9.05E0));
#8873=DIRECTION('',(0.E0,-1.E0,0.E0));
#8874=DIRECTION('',(1.E0,0.E0,0.E0));
#8875=AXIS2_PLACEMENT_3D('',#8872,#8873,#8874);
#8876=PLANE('',#8875);
#8878=ORIENTED_EDGE('',*,*,#8877,.T.);
#8879=ORIENTED_EDGE('',*,*,#8861,.T.);
#8881=ORIENTED_EDGE('',*,*,#8880,.F.);
#8882=ORIENTED_EDGE('',*,*,#8747,.F.);
#8883=EDGE_LOOP('',(#8878,#8879,#8881,#8882));
#8884=FACE_OUTER_BOUND('',#8883,.F.);
#8886=CARTESIAN_POINT('',(-1.94E1,-1.6E0,-9.05E0));
#8887=DIRECTION('',(-1.E0,0.E0,0.E0));
#8888=DIRECTION('',(0.E0,-1.E0,0.E0));
#8889=AXIS2_PLACEMENT_3D('',#8886,#8887,#8888);
#8890=PLANE('',#8889);
#8891=ORIENTED_EDGE('',*,*,#8877,.F.);
#8892=ORIENTED_EDGE('',*,*,#8753,.F.);
#8894=ORIENTED_EDGE('',*,*,#8893,.T.);
#8895=ORIENTED_EDGE('',*,*,#8863,.T.);
#8896=EDGE_LOOP('',(#8891,#8892,#8894,#8895));
#8897=FACE_OUTER_BOUND('',#8896,.F.);
#8899=CARTESIAN_POINT('',(-1.84E1,-1.6E0,-9.05E0));
#8900=DIRECTION('',(0.E0,1.E0,0.E0));
#8901=DIRECTION('',(-1.E0,0.E0,0.E0));
#8902=AXIS2_PLACEMENT_3D('',#8899,#8900,#8901);
#8903=PLANE('',#8902);
#8905=ORIENTED_EDGE('',*,*,#8904,.T.);
#8906=ORIENTED_EDGE('',*,*,#8865,.T.);
#8907=ORIENTED_EDGE('',*,*,#8893,.F.);
#8908=ORIENTED_EDGE('',*,*,#8751,.F.);
#8909=EDGE_LOOP('',(#8905,#8906,#8907,#8908));
#8910=FACE_OUTER_BOUND('',#8909,.F.);
#8912=CARTESIAN_POINT('',(-1.84E1,-2.6E0,-9.05E0));
#8913=DIRECTION('',(1.E0,0.E0,0.E0));
#8914=DIRECTION('',(0.E0,1.E0,0.E0));
#8915=AXIS2_PLACEMENT_3D('',#8912,#8913,#8914);
#8916=PLANE('',#8915);
#8917=ORIENTED_EDGE('',*,*,#8880,.T.);
#8918=ORIENTED_EDGE('',*,*,#8867,.T.);
#8919=ORIENTED_EDGE('',*,*,#8904,.F.);
#8920=ORIENTED_EDGE('',*,*,#8749,.F.);
#8921=EDGE_LOOP('',(#8917,#8918,#8919,#8920));
#8922=FACE_OUTER_BOUND('',#8921,.F.);
#8924=CARTESIAN_POINT('',(-1.75E1,3.475E0,-4.525E0));
#8925=DIRECTION('',(-7.071067811865E-1,-7.071067811865E-1,0.E0));
#8926=DIRECTION('',(-7.071067811865E-1,7.071067811865E-1,0.E0));
#8927=AXIS2_PLACEMENT_3D('',#8924,#8925,#8926);
#8928=PLANE('',#8927);
#8929=ORIENTED_EDGE('',*,*,#8763,.T.);
#8931=ORIENTED_EDGE('',*,*,#8930,.F.);
#8932=ORIENTED_EDGE('',*,*,#8279,.T.);
#8934=ORIENTED_EDGE('',*,*,#8933,.T.);
#8935=EDGE_LOOP('',(#8929,#8931,#8932,#8934));
#8936=FACE_OUTER_BOUND('',#8935,.F.);
#8938=CARTESIAN_POINT('',(-1.7E1,3.975E0,0.E0));
#8939=DIRECTION('',(0.E0,1.E0,0.E0));
#8940=DIRECTION('',(-1.E0,0.E0,0.E0));
#8941=AXIS2_PLACEMENT_3D('',#8938,#8939,#8940);
#8942=PLANE('',#8941);
#8943=ORIENTED_EDGE('',*,*,#8930,.T.);
#8944=ORIENTED_EDGE('',*,*,#8773,.T.);
#8946=ORIENTED_EDGE('',*,*,#8945,.F.);
#8947=ORIENTED_EDGE('',*,*,#8281,.F.);
#8948=EDGE_LOOP('',(#8943,#8944,#8946,#8947));
#8949=FACE_OUTER_BOUND('',#8948,.F.);
#8951=CARTESIAN_POINT('',(-2.03E1,3.475E0,-4.525E0));
#8952=DIRECTION('',(7.071067811865E-1,-7.071067811865E-1,0.E0));
#8953=DIRECTION('',(-7.071067811865E-1,-7.071067811865E-1,0.E0));
#8954=AXIS2_PLACEMENT_3D('',#8951,#8952,#8953);
#8955=PLANE('',#8954);
#8956=ORIENTED_EDGE('',*,*,#8771,.T.);
#8958=ORIENTED_EDGE('',*,*,#8957,.F.);
#8959=ORIENTED_EDGE('',*,*,#8283,.T.);
#8960=ORIENTED_EDGE('',*,*,#8945,.T.);
#8961=EDGE_LOOP('',(#8956,#8958,#8959,#8960));
#8962=FACE_OUTER_BOUND('',#8961,.F.);
#8964=CARTESIAN_POINT('',(-2.08E1,3.975E0,0.E0));
#8965=DIRECTION('',(-1.E0,0.E0,0.E0));
#8966=DIRECTION('',(0.E0,-1.E0,0.E0));
#8967=AXIS2_PLACEMENT_3D('',#8964,#8965,#8966);
#8968=PLANE('',#8967);
#8969=ORIENTED_EDGE('',*,*,#8957,.T.);
#8970=ORIENTED_EDGE('',*,*,#8769,.T.);
#8972=ORIENTED_EDGE('',*,*,#8971,.F.);
#8973=ORIENTED_EDGE('',*,*,#8285,.F.);
#8974=EDGE_LOOP('',(#8969,#8970,#8972,#8973));
#8975=FACE_OUTER_BOUND('',#8974,.F.);
#8977=CARTESIAN_POINT('',(-2.08E1,2.25E-1,0.E0));
#8978=DIRECTION('',(0.E0,-1.E0,0.E0));
#8979=DIRECTION('',(1.E0,0.E0,0.E0));
#8980=AXIS2_PLACEMENT_3D('',#8977,#8978,#8979);
#8981=PLANE('',#8980);
#8982=ORIENTED_EDGE('',*,*,#8971,.T.);
#8983=ORIENTED_EDGE('',*,*,#8767,.T.);
#8985=ORIENTED_EDGE('',*,*,#8984,.F.);
#8986=ORIENTED_EDGE('',*,*,#8287,.F.);
#8987=EDGE_LOOP('',(#8982,#8983,#8985,#8986));
#8988=FACE_OUTER_BOUND('',#8987,.F.);
#8990=CARTESIAN_POINT('',(-1.7E1,2.25E-1,0.E0));
#8991=DIRECTION('',(1.E0,0.E0,0.E0));
#8992=DIRECTION('',(0.E0,1.E0,0.E0));
#8993=AXIS2_PLACEMENT_3D('',#8990,#8991,#8992);
#8994=PLANE('',#8993);
#8995=ORIENTED_EDGE('',*,*,#8933,.F.);
#8996=ORIENTED_EDGE('',*,*,#8277,.F.);
#8997=ORIENTED_EDGE('',*,*,#8984,.T.);
#8998=ORIENTED_EDGE('',*,*,#8765,.T.);
#8999=EDGE_LOOP('',(#8995,#8996,#8997,#8998));
#9000=FACE_OUTER_BOUND('',#8999,.F.);
#9002=CARTESIAN_POINT('',(-1.66E1,-3.975E0,0.E0));
#9003=DIRECTION('',(0.E0,-1.E0,0.E0));
#9004=DIRECTION('',(1.E0,0.E0,0.E0));
#9005=AXIS2_PLACEMENT_3D('',#9002,#9003,#9004);
#9006=PLANE('',#9005);
#9008=ORIENTED_EDGE('',*,*,#9007,.T.);
#9010=ORIENTED_EDGE('',*,*,#9009,.T.);
#9012=ORIENTED_EDGE('',*,*,#9011,.F.);
#9013=ORIENTED_EDGE('',*,*,#8079,.F.);
#9014=EDGE_LOOP('',(#9008,#9010,#9012,#9013));
#9015=FACE_OUTER_BOUND('',#9014,.F.);
#9017=CARTESIAN_POINT('',(-1.66E1,-2.25E-1,0.E0));
#9018=DIRECTION('',(-1.E0,0.E0,0.E0));
#9019=DIRECTION('',(0.E0,-1.E0,0.E0));
#9020=AXIS2_PLACEMENT_3D('',#9017,#9018,#9019);
#9021=PLANE('',#9020);
#9022=ORIENTED_EDGE('',*,*,#9007,.F.);
#9023=ORIENTED_EDGE('',*,*,#8085,.F.);
#9025=ORIENTED_EDGE('',*,*,#9024,.T.);
#9027=ORIENTED_EDGE('',*,*,#9026,.T.);
#9028=EDGE_LOOP('',(#9022,#9023,#9025,#9027));
#9029=FACE_OUTER_BOUND('',#9028,.F.);
#9031=CARTESIAN_POINT('',(-1.28E1,-2.25E-1,0.E0));
#9032=DIRECTION('',(0.E0,1.E0,0.E0));
#9033=DIRECTION('',(-1.E0,0.E0,0.E0));
#9034=AXIS2_PLACEMENT_3D('',#9031,#9032,#9033);
#9035=PLANE('',#9034);
#9037=ORIENTED_EDGE('',*,*,#9036,.T.);
#9039=ORIENTED_EDGE('',*,*,#9038,.T.);
#9040=ORIENTED_EDGE('',*,*,#9024,.F.);
#9041=ORIENTED_EDGE('',*,*,#8083,.F.);
#9042=EDGE_LOOP('',(#9037,#9039,#9040,#9041));
#9043=FACE_OUTER_BOUND('',#9042,.F.);
#9045=CARTESIAN_POINT('',(-1.28E1,-3.975E0,0.E0));
#9046=DIRECTION('',(1.E0,0.E0,0.E0));
#9047=DIRECTION('',(0.E0,1.E0,0.E0));
#9048=AXIS2_PLACEMENT_3D('',#9045,#9046,#9047);
#9049=PLANE('',#9048);
#9050=ORIENTED_EDGE('',*,*,#9011,.T.);
#9052=ORIENTED_EDGE('',*,*,#9051,.T.);
#9053=ORIENTED_EDGE('',*,*,#9036,.F.);
#9054=ORIENTED_EDGE('',*,*,#8081,.F.);
#9055=EDGE_LOOP('',(#9050,#9052,#9053,#9054));
#9056=FACE_OUTER_BOUND('',#9055,.F.);
#9058=CARTESIAN_POINT('',(8.4E0,0.E0,-9.05E0));
#9059=DIRECTION('',(0.E0,0.E0,1.E0));
#9060=DIRECTION('',(1.E0,0.E0,0.E0));
#9061=AXIS2_PLACEMENT_3D('',#9058,#9059,#9060);
#9062=PLANE('',#9061);
#9063=ORIENTED_EDGE('',*,*,#9009,.F.);
#9064=ORIENTED_EDGE('',*,*,#9026,.F.);
#9065=ORIENTED_EDGE('',*,*,#9038,.F.);
#9066=ORIENTED_EDGE('',*,*,#9051,.F.);
#9067=EDGE_LOOP('',(#9063,#9064,#9065,#9066));
#9068=FACE_OUTER_BOUND('',#9067,.F.);
#9070=ORIENTED_EDGE('',*,*,#9069,.T.);
#9072=ORIENTED_EDGE('',*,*,#9071,.T.);
#9074=ORIENTED_EDGE('',*,*,#9073,.T.);
#9076=ORIENTED_EDGE('',*,*,#9075,.T.);
#9077=EDGE_LOOP('',(#9070,#9072,#9074,#9076));
#9078=FACE_BOUND('',#9077,.F.);
#9080=CARTESIAN_POINT('',(8.4E0,0.E0,-9.05E0));
#9081=DIRECTION('',(0.E0,0.E0,1.E0));
#9082=DIRECTION('',(1.E0,0.E0,0.E0));
#9083=AXIS2_PLACEMENT_3D('',#9080,#9081,#9082);
#9084=PLANE('',#9083);
#9086=ORIENTED_EDGE('',*,*,#9085,.F.);
#9088=ORIENTED_EDGE('',*,*,#9087,.F.);
#9090=ORIENTED_EDGE('',*,*,#9089,.F.);
#9092=ORIENTED_EDGE('',*,*,#9091,.F.);
#9094=ORIENTED_EDGE('',*,*,#9093,.F.);
#9096=ORIENTED_EDGE('',*,*,#9095,.F.);
#9097=EDGE_LOOP('',(#9086,#9088,#9090,#9092,#9094,#9096));
#9098=FACE_OUTER_BOUND('',#9097,.F.);
#9100=ORIENTED_EDGE('',*,*,#9099,.T.);
#9102=ORIENTED_EDGE('',*,*,#9101,.T.);
#9104=ORIENTED_EDGE('',*,*,#9103,.T.);
#9106=ORIENTED_EDGE('',*,*,#9105,.T.);
#9107=EDGE_LOOP('',(#9100,#9102,#9104,#9106));
#9108=FACE_BOUND('',#9107,.F.);
#9110=CARTESIAN_POINT('',(-1.52E1,2.6E0,-9.05E0));
#9111=DIRECTION('',(-1.E0,0.E0,0.E0));
#9112=DIRECTION('',(0.E0,-1.E0,0.E0));
#9113=AXIS2_PLACEMENT_3D('',#9110,#9111,#9112);
#9114=PLANE('',#9113);
#9116=ORIENTED_EDGE('',*,*,#9115,.T.);
#9118=ORIENTED_EDGE('',*,*,#9117,.T.);
#9120=ORIENTED_EDGE('',*,*,#9119,.F.);
#9121=ORIENTED_EDGE('',*,*,#9099,.F.);
#9122=EDGE_LOOP('',(#9116,#9118,#9120,#9121));
#9123=FACE_OUTER_BOUND('',#9122,.F.);
#9125=CARTESIAN_POINT('',(-1.42E1,2.6E0,-9.05E0));
#9126=DIRECTION('',(0.E0,1.E0,0.E0));
#9127=DIRECTION('',(-1.E0,0.E0,0.E0));
#9128=AXIS2_PLACEMENT_3D('',#9125,#9126,#9127);
#9129=PLANE('',#9128);
#9130=ORIENTED_EDGE('',*,*,#9115,.F.);
#9131=ORIENTED_EDGE('',*,*,#9105,.F.);
#9133=ORIENTED_EDGE('',*,*,#9132,.T.);
#9135=ORIENTED_EDGE('',*,*,#9134,.T.);
#9136=EDGE_LOOP('',(#9130,#9131,#9133,#9135));
#9137=FACE_OUTER_BOUND('',#9136,.F.);
#9139=CARTESIAN_POINT('',(-1.42E1,1.6E0,-9.05E0));
#9140=DIRECTION('',(1.E0,0.E0,0.E0));
#9141=DIRECTION('',(0.E0,1.E0,0.E0));
#9142=AXIS2_PLACEMENT_3D('',#9139,#9140,#9141);
#9143=PLANE('',#9142);
#9145=ORIENTED_EDGE('',*,*,#9144,.T.);
#9147=ORIENTED_EDGE('',*,*,#9146,.T.);
#9148=ORIENTED_EDGE('',*,*,#9132,.F.);
#9149=ORIENTED_EDGE('',*,*,#9103,.F.);
#9150=EDGE_LOOP('',(#9145,#9147,#9148,#9149));
#9151=FACE_OUTER_BOUND('',#9150,.F.);
#9153=CARTESIAN_POINT('',(-1.52E1,1.6E0,-9.05E0));
#9154=DIRECTION('',(0.E0,-1.E0,0.E0));
#9155=DIRECTION('',(1.E0,0.E0,0.E0));
#9156=AXIS2_PLACEMENT_3D('',#9153,#9154,#9155);
#9157=PLANE('',#9156);
#9158=ORIENTED_EDGE('',*,*,#9119,.T.);
#9160=ORIENTED_EDGE('',*,*,#9159,.T.);
#9161=ORIENTED_EDGE('',*,*,#9144,.F.);
#9162=ORIENTED_EDGE('',*,*,#9101,.F.);
#9163=EDGE_LOOP('',(#9158,#9160,#9161,#9162));
#9164=FACE_OUTER_BOUND('',#9163,.F.);
#9166=CARTESIAN_POINT('',(8.4E0,0.E0,-3.35E0));
#9167=DIRECTION('',(0.E0,0.E0,1.E0));
#9168=DIRECTION('',(1.E0,0.E0,0.E0));
#9169=AXIS2_PLACEMENT_3D('',#9166,#9167,#9168);
#9170=PLANE('',#9169);
#9171=ORIENTED_EDGE('',*,*,#9117,.F.);
#9172=ORIENTED_EDGE('',*,*,#9134,.F.);
#9173=ORIENTED_EDGE('',*,*,#9146,.F.);
#9174=ORIENTED_EDGE('',*,*,#9159,.F.);
#9175=EDGE_LOOP('',(#9171,#9172,#9173,#9174));
#9176=FACE_OUTER_BOUND('',#9175,.F.);
#9178=CARTESIAN_POINT('',(8.4E0,0.E0,-3.35E0));
#9179=DIRECTION('',(0.E0,0.E0,1.E0));
#9180=DIRECTION('',(1.E0,0.E0,0.E0));
#9181=AXIS2_PLACEMENT_3D('',#9178,#9179,#9180);
#9182=PLANE('',#9181);
#9184=ORIENTED_EDGE('',*,*,#9183,.F.);
#9186=ORIENTED_EDGE('',*,*,#9185,.F.);
#9188=ORIENTED_EDGE('',*,*,#9187,.F.);
#9190=ORIENTED_EDGE('',*,*,#9189,.F.);
#9191=EDGE_LOOP('',(#9184,#9186,#9188,#9190));
#9192=FACE_OUTER_BOUND('',#9191,.F.);
#9194=CARTESIAN_POINT('',(-1.52E1,-2.6E0,-9.05E0));
#9195=DIRECTION('',(0.E0,-1.E0,0.E0));
#9196=DIRECTION('',(1.E0,0.E0,0.E0));
#9197=AXIS2_PLACEMENT_3D('',#9194,#9195,#9196);
#9198=PLANE('',#9197);
#9200=ORIENTED_EDGE('',*,*,#9199,.T.);
#9201=ORIENTED_EDGE('',*,*,#9183,.T.);
#9203=ORIENTED_EDGE('',*,*,#9202,.F.);
#9204=ORIENTED_EDGE('',*,*,#9069,.F.);
#9205=EDGE_LOOP('',(#9200,#9201,#9203,#9204));
#9206=FACE_OUTER_BOUND('',#9205,.F.);
#9208=CARTESIAN_POINT('',(-1.52E1,-1.6E0,-9.05E0));
#9209=DIRECTION('',(-1.E0,0.E0,0.E0));
#9210=DIRECTION('',(0.E0,-1.E0,0.E0));
#9211=AXIS2_PLACEMENT_3D('',#9208,#9209,#9210);
#9212=PLANE('',#9211);
#9213=ORIENTED_EDGE('',*,*,#9199,.F.);
#9214=ORIENTED_EDGE('',*,*,#9075,.F.);
#9216=ORIENTED_EDGE('',*,*,#9215,.T.);
#9217=ORIENTED_EDGE('',*,*,#9185,.T.);
#9218=EDGE_LOOP('',(#9213,#9214,#9216,#9217));
#9219=FACE_OUTER_BOUND('',#9218,.F.);
#9221=CARTESIAN_POINT('',(-1.42E1,-1.6E0,-9.05E0));
#9222=DIRECTION('',(0.E0,1.E0,0.E0));
#9223=DIRECTION('',(-1.E0,0.E0,0.E0));
#9224=AXIS2_PLACEMENT_3D('',#9221,#9222,#9223);
#9225=PLANE('',#9224);
#9227=ORIENTED_EDGE('',*,*,#9226,.T.);
#9228=ORIENTED_EDGE('',*,*,#9187,.T.);
#9229=ORIENTED_EDGE('',*,*,#9215,.F.);
#9230=ORIENTED_EDGE('',*,*,#9073,.F.);
#9231=EDGE_LOOP('',(#9227,#9228,#9229,#9230));
#9232=FACE_OUTER_BOUND('',#9231,.F.);
#9234=CARTESIAN_POINT('',(-1.42E1,-2.6E0,-9.05E0));
#9235=DIRECTION('',(1.E0,0.E0,0.E0));
#9236=DIRECTION('',(0.E0,1.E0,0.E0));
#9237=AXIS2_PLACEMENT_3D('',#9234,#9235,#9236);
#9238=PLANE('',#9237);
#9239=ORIENTED_EDGE('',*,*,#9202,.T.);
#9240=ORIENTED_EDGE('',*,*,#9189,.T.);
#9241=ORIENTED_EDGE('',*,*,#9226,.F.);
#9242=ORIENTED_EDGE('',*,*,#9071,.F.);
#9243=EDGE_LOOP('',(#9239,#9240,#9241,#9242));
#9244=FACE_OUTER_BOUND('',#9243,.F.);
#9246=CARTESIAN_POINT('',(-1.33E1,3.475E0,-4.525E0));
#9247=DIRECTION('',(-7.071067811865E-1,-7.071067811865E-1,0.E0));
#9248=DIRECTION('',(-7.071067811865E-1,7.071067811865E-1,0.E0));
#9249=AXIS2_PLACEMENT_3D('',#9246,#9247,#9248);
#9250=PLANE('',#9249);
#9251=ORIENTED_EDGE('',*,*,#9085,.T.);
#9253=ORIENTED_EDGE('',*,*,#9252,.F.);
#9254=ORIENTED_EDGE('',*,*,#8293,.T.);
#9256=ORIENTED_EDGE('',*,*,#9255,.T.);
#9257=EDGE_LOOP('',(#9251,#9253,#9254,#9256));
#9258=FACE_OUTER_BOUND('',#9257,.F.);
#9260=CARTESIAN_POINT('',(-1.28E1,3.975E0,0.E0));
#9261=DIRECTION('',(0.E0,1.E0,0.E0));
#9262=DIRECTION('',(-1.E0,0.E0,0.E0));
#9263=AXIS2_PLACEMENT_3D('',#9260,#9261,#9262);
#9264=PLANE('',#9263);
#9265=ORIENTED_EDGE('',*,*,#9252,.T.);
#9266=ORIENTED_EDGE('',*,*,#9095,.T.);
#9268=ORIENTED_EDGE('',*,*,#9267,.F.);
#9269=ORIENTED_EDGE('',*,*,#8295,.F.);
#9270=EDGE_LOOP('',(#9265,#9266,#9268,#9269));
#9271=FACE_OUTER_BOUND('',#9270,.F.);
#9273=CARTESIAN_POINT('',(-1.61E1,3.475E0,-4.525E0));
#9274=DIRECTION('',(7.071067811865E-1,-7.071067811865E-1,0.E0));
#9275=DIRECTION('',(-7.071067811865E-1,-7.071067811865E-1,0.E0));
#9276=AXIS2_PLACEMENT_3D('',#9273,#9274,#9275);
#9277=PLANE('',#9276);
#9278=ORIENTED_EDGE('',*,*,#9093,.T.);
#9280=ORIENTED_EDGE('',*,*,#9279,.F.);
#9281=ORIENTED_EDGE('',*,*,#8297,.T.);
#9282=ORIENTED_EDGE('',*,*,#9267,.T.);
#9283=EDGE_LOOP('',(#9278,#9280,#9281,#9282));
#9284=FACE_OUTER_BOUND('',#9283,.F.);
#9286=CARTESIAN_POINT('',(-1.66E1,3.975E0,0.E0));
#9287=DIRECTION('',(-1.E0,0.E0,0.E0));
#9288=DIRECTION('',(0.E0,-1.E0,0.E0));
#9289=AXIS2_PLACEMENT_3D('',#9286,#9287,#9288);
#9290=PLANE('',#9289);
#9291=ORIENTED_EDGE('',*,*,#9279,.T.);
#9292=ORIENTED_EDGE('',*,*,#9091,.T.);
#9294=ORIENTED_EDGE('',*,*,#9293,.F.);
#9295=ORIENTED_EDGE('',*,*,#8299,.F.);
#9296=EDGE_LOOP('',(#9291,#9292,#9294,#9295));
#9297=FACE_OUTER_BOUND('',#9296,.F.);
#9299=CARTESIAN_POINT('',(-1.66E1,2.25E-1,0.E0));
#9300=DIRECTION('',(0.E0,-1.E0,0.E0));
#9301=DIRECTION('',(1.E0,0.E0,0.E0));
#9302=AXIS2_PLACEMENT_3D('',#9299,#9300,#9301);
#9303=PLANE('',#9302);
#9304=ORIENTED_EDGE('',*,*,#9293,.T.);
#9305=ORIENTED_EDGE('',*,*,#9089,.T.);
#9307=ORIENTED_EDGE('',*,*,#9306,.F.);
#9308=ORIENTED_EDGE('',*,*,#8301,.F.);
#9309=EDGE_LOOP('',(#9304,#9305,#9307,#9308));
#9310=FACE_OUTER_BOUND('',#9309,.F.);
#9312=CARTESIAN_POINT('',(-1.28E1,2.25E-1,0.E0));
#9313=DIRECTION('',(1.E0,0.E0,0.E0));
#9314=DIRECTION('',(0.E0,1.E0,0.E0));
#9315=AXIS2_PLACEMENT_3D('',#9312,#9313,#9314);
#9316=PLANE('',#9315);
#9317=ORIENTED_EDGE('',*,*,#9255,.F.);
#9318=ORIENTED_EDGE('',*,*,#8291,.F.);
#9319=ORIENTED_EDGE('',*,*,#9306,.T.);
#9320=ORIENTED_EDGE('',*,*,#9087,.T.);
#9321=EDGE_LOOP('',(#9317,#9318,#9319,#9320));
#9322=FACE_OUTER_BOUND('',#9321,.F.);
#9324=CARTESIAN_POINT('',(-1.24E1,3.975E0,0.E0));
#9325=DIRECTION('',(-1.E0,0.E0,0.E0));
#9326=DIRECTION('',(0.E0,-1.E0,0.E0));
#9327=AXIS2_PLACEMENT_3D('',#9324,#9325,#9326);
#9328=PLANE('',#9327);
#9330=ORIENTED_EDGE('',*,*,#9329,.T.);
#9332=ORIENTED_EDGE('',*,*,#9331,.T.);
#9334=ORIENTED_EDGE('',*,*,#9333,.F.);
#9335=ORIENTED_EDGE('',*,*,#8089,.F.);
#9336=EDGE_LOOP('',(#9330,#9332,#9334,#9335));
#9337=FACE_OUTER_BOUND('',#9336,.F.);
#9339=CARTESIAN_POINT('',(-8.6E0,3.975E0,0.E0));
#9340=DIRECTION('',(0.E0,1.E0,0.E0));
#9341=DIRECTION('',(-1.E0,0.E0,0.E0));
#9342=AXIS2_PLACEMENT_3D('',#9339,#9340,#9341);
#9343=PLANE('',#9342);
#9344=ORIENTED_EDGE('',*,*,#9329,.F.);
#9345=ORIENTED_EDGE('',*,*,#8095,.F.);
#9347=ORIENTED_EDGE('',*,*,#9346,.T.);
#9349=ORIENTED_EDGE('',*,*,#9348,.T.);
#9350=EDGE_LOOP('',(#9344,#9345,#9347,#9349));
#9351=FACE_OUTER_BOUND('',#9350,.F.);
#9353=CARTESIAN_POINT('',(-8.6E0,2.25E-1,0.E0));
#9354=DIRECTION('',(1.E0,0.E0,0.E0));
#9355=DIRECTION('',(0.E0,1.E0,0.E0));
#9356=AXIS2_PLACEMENT_3D('',#9353,#9354,#9355);
#9357=PLANE('',#9356);
#9359=ORIENTED_EDGE('',*,*,#9358,.T.);
#9361=ORIENTED_EDGE('',*,*,#9360,.T.);
#9362=ORIENTED_EDGE('',*,*,#9346,.F.);
#9363=ORIENTED_EDGE('',*,*,#8093,.F.);
#9364=EDGE_LOOP('',(#9359,#9361,#9362,#9363));
#9365=FACE_OUTER_BOUND('',#9364,.F.);
#9367=CARTESIAN_POINT('',(-1.24E1,2.25E-1,0.E0));
#9368=DIRECTION('',(0.E0,-1.E0,0.E0));
#9369=DIRECTION('',(1.E0,0.E0,0.E0));
#9370=AXIS2_PLACEMENT_3D('',#9367,#9368,#9369);
#9371=PLANE('',#9370);
#9372=ORIENTED_EDGE('',*,*,#9333,.T.);
#9374=ORIENTED_EDGE('',*,*,#9373,.T.);
#9375=ORIENTED_EDGE('',*,*,#9358,.F.);
#9376=ORIENTED_EDGE('',*,*,#8091,.F.);
#9377=EDGE_LOOP('',(#9372,#9374,#9375,#9376));
#9378=FACE_OUTER_BOUND('',#9377,.F.);
#9380=CARTESIAN_POINT('',(1.26E1,0.E0,-9.05E0));
#9381=DIRECTION('',(0.E0,0.E0,1.E0));
#9382=DIRECTION('',(1.E0,0.E0,0.E0));
#9383=AXIS2_PLACEMENT_3D('',#9380,#9381,#9382);
#9384=PLANE('',#9383);
#9385=ORIENTED_EDGE('',*,*,#9331,.F.);
#9386=ORIENTED_EDGE('',*,*,#9348,.F.);
#9387=ORIENTED_EDGE('',*,*,#9360,.F.);
#9388=ORIENTED_EDGE('',*,*,#9373,.F.);
#9389=EDGE_LOOP('',(#9385,#9386,#9387,#9388));
#9390=FACE_OUTER_BOUND('',#9389,.F.);
#9392=ORIENTED_EDGE('',*,*,#9391,.T.);
#9394=ORIENTED_EDGE('',*,*,#9393,.T.);
#9396=ORIENTED_EDGE('',*,*,#9395,.T.);
#9398=ORIENTED_EDGE('',*,*,#9397,.T.);
#9399=EDGE_LOOP('',(#9392,#9394,#9396,#9398));
#9400=FACE_BOUND('',#9399,.F.);
#9402=CARTESIAN_POINT('',(1.26E1,0.E0,-9.05E0));
#9403=DIRECTION('',(0.E0,0.E0,1.E0));
#9404=DIRECTION('',(1.E0,0.E0,0.E0));
#9405=AXIS2_PLACEMENT_3D('',#9402,#9403,#9404);
#9406=PLANE('',#9405);
#9408=ORIENTED_EDGE('',*,*,#9407,.F.);
#9410=ORIENTED_EDGE('',*,*,#9409,.F.);
#9412=ORIENTED_EDGE('',*,*,#9411,.F.);
#9414=ORIENTED_EDGE('',*,*,#9413,.F.);
#9416=ORIENTED_EDGE('',*,*,#9415,.F.);
#9418=ORIENTED_EDGE('',*,*,#9417,.F.);
#9419=EDGE_LOOP('',(#9408,#9410,#9412,#9414,#9416,#9418));
#9420=FACE_OUTER_BOUND('',#9419,.F.);
#9422=ORIENTED_EDGE('',*,*,#9421,.T.);
#9424=ORIENTED_EDGE('',*,*,#9423,.T.);
#9426=ORIENTED_EDGE('',*,*,#9425,.T.);
#9428=ORIENTED_EDGE('',*,*,#9427,.T.);
#9429=EDGE_LOOP('',(#9422,#9424,#9426,#9428));
#9430=FACE_BOUND('',#9429,.F.);
#9432=CARTESIAN_POINT('',(-1.1E1,2.6E0,-9.05E0));
#9433=DIRECTION('',(-1.E0,0.E0,0.E0));
#9434=DIRECTION('',(0.E0,-1.E0,0.E0));
#9435=AXIS2_PLACEMENT_3D('',#9432,#9433,#9434);
#9436=PLANE('',#9435);
#9438=ORIENTED_EDGE('',*,*,#9437,.T.);
#9440=ORIENTED_EDGE('',*,*,#9439,.T.);
#9442=ORIENTED_EDGE('',*,*,#9441,.F.);
#9443=ORIENTED_EDGE('',*,*,#9391,.F.);
#9444=EDGE_LOOP('',(#9438,#9440,#9442,#9443));
#9445=FACE_OUTER_BOUND('',#9444,.F.);
#9447=CARTESIAN_POINT('',(-1.E1,2.6E0,-9.05E0));
#9448=DIRECTION('',(0.E0,1.E0,0.E0));
#9449=DIRECTION('',(-1.E0,0.E0,0.E0));
#9450=AXIS2_PLACEMENT_3D('',#9447,#9448,#9449);
#9451=PLANE('',#9450);
#9452=ORIENTED_EDGE('',*,*,#9437,.F.);
#9453=ORIENTED_EDGE('',*,*,#9397,.F.);
#9455=ORIENTED_EDGE('',*,*,#9454,.T.);
#9457=ORIENTED_EDGE('',*,*,#9456,.T.);
#9458=EDGE_LOOP('',(#9452,#9453,#9455,#9457));
#9459=FACE_OUTER_BOUND('',#9458,.F.);
#9461=CARTESIAN_POINT('',(-1.E1,1.6E0,-9.05E0));
#9462=DIRECTION('',(1.E0,0.E0,0.E0));
#9463=DIRECTION('',(0.E0,1.E0,0.E0));
#9464=AXIS2_PLACEMENT_3D('',#9461,#9462,#9463);
#9465=PLANE('',#9464);
#9467=ORIENTED_EDGE('',*,*,#9466,.T.);
#9469=ORIENTED_EDGE('',*,*,#9468,.T.);
#9470=ORIENTED_EDGE('',*,*,#9454,.F.);
#9471=ORIENTED_EDGE('',*,*,#9395,.F.);
#9472=EDGE_LOOP('',(#9467,#9469,#9470,#9471));
#9473=FACE_OUTER_BOUND('',#9472,.F.);
#9475=CARTESIAN_POINT('',(-1.1E1,1.6E0,-9.05E0));
#9476=DIRECTION('',(0.E0,-1.E0,0.E0));
#9477=DIRECTION('',(1.E0,0.E0,0.E0));
#9478=AXIS2_PLACEMENT_3D('',#9475,#9476,#9477);
#9479=PLANE('',#9478);
#9480=ORIENTED_EDGE('',*,*,#9441,.T.);
#9482=ORIENTED_EDGE('',*,*,#9481,.T.);
#9483=ORIENTED_EDGE('',*,*,#9466,.F.);
#9484=ORIENTED_EDGE('',*,*,#9393,.F.);
#9485=EDGE_LOOP('',(#9480,#9482,#9483,#9484));
#9486=FACE_OUTER_BOUND('',#9485,.F.);
#9488=CARTESIAN_POINT('',(1.26E1,0.E0,-3.35E0));
#9489=DIRECTION('',(0.E0,0.E0,1.E0));
#9490=DIRECTION('',(1.E0,0.E0,0.E0));
#9491=AXIS2_PLACEMENT_3D('',#9488,#9489,#9490);
#9492=PLANE('',#9491);
#9493=ORIENTED_EDGE('',*,*,#9439,.F.);
#9494=ORIENTED_EDGE('',*,*,#9456,.F.);
#9495=ORIENTED_EDGE('',*,*,#9468,.F.);
#9496=ORIENTED_EDGE('',*,*,#9481,.F.);
#9497=EDGE_LOOP('',(#9493,#9494,#9495,#9496));
#9498=FACE_OUTER_BOUND('',#9497,.F.);
#9500=CARTESIAN_POINT('',(1.26E1,0.E0,-3.35E0));
#9501=DIRECTION('',(0.E0,0.E0,1.E0));
#9502=DIRECTION('',(1.E0,0.E0,0.E0));
#9503=AXIS2_PLACEMENT_3D('',#9500,#9501,#9502);
#9504=PLANE('',#9503);
#9506=ORIENTED_EDGE('',*,*,#9505,.F.);
#9508=ORIENTED_EDGE('',*,*,#9507,.F.);
#9510=ORIENTED_EDGE('',*,*,#9509,.F.);
#9512=ORIENTED_EDGE('',*,*,#9511,.F.);
#9513=EDGE_LOOP('',(#9506,#9508,#9510,#9512));
#9514=FACE_OUTER_BOUND('',#9513,.F.);
#9516=CARTESIAN_POINT('',(-1.1E1,-2.6E0,-9.05E0));
#9517=DIRECTION('',(0.E0,-1.E0,0.E0));
#9518=DIRECTION('',(1.E0,0.E0,0.E0));
#9519=AXIS2_PLACEMENT_3D('',#9516,#9517,#9518);
#9520=PLANE('',#9519);
#9522=ORIENTED_EDGE('',*,*,#9521,.T.);
#9523=ORIENTED_EDGE('',*,*,#9505,.T.);
#9525=ORIENTED_EDGE('',*,*,#9524,.F.);
#9526=ORIENTED_EDGE('',*,*,#9421,.F.);
#9527=EDGE_LOOP('',(#9522,#9523,#9525,#9526));
#9528=FACE_OUTER_BOUND('',#9527,.F.);
#9530=CARTESIAN_POINT('',(-1.1E1,-1.6E0,-9.05E0));
#9531=DIRECTION('',(-1.E0,0.E0,0.E0));
#9532=DIRECTION('',(0.E0,-1.E0,0.E0));
#9533=AXIS2_PLACEMENT_3D('',#9530,#9531,#9532);
#9534=PLANE('',#9533);
#9535=ORIENTED_EDGE('',*,*,#9521,.F.);
#9536=ORIENTED_EDGE('',*,*,#9427,.F.);
#9538=ORIENTED_EDGE('',*,*,#9537,.T.);
#9539=ORIENTED_EDGE('',*,*,#9507,.T.);
#9540=EDGE_LOOP('',(#9535,#9536,#9538,#9539));
#9541=FACE_OUTER_BOUND('',#9540,.F.);
#9543=CARTESIAN_POINT('',(-1.E1,-1.6E0,-9.05E0));
#9544=DIRECTION('',(0.E0,1.E0,0.E0));
#9545=DIRECTION('',(-1.E0,0.E0,0.E0));
#9546=AXIS2_PLACEMENT_3D('',#9543,#9544,#9545);
#9547=PLANE('',#9546);
#9549=ORIENTED_EDGE('',*,*,#9548,.T.);
#9550=ORIENTED_EDGE('',*,*,#9509,.T.);
#9551=ORIENTED_EDGE('',*,*,#9537,.F.);
#9552=ORIENTED_EDGE('',*,*,#9425,.F.);
#9553=EDGE_LOOP('',(#9549,#9550,#9551,#9552));
#9554=FACE_OUTER_BOUND('',#9553,.F.);
#9556=CARTESIAN_POINT('',(-1.E1,-2.6E0,-9.05E0));
#9557=DIRECTION('',(1.E0,0.E0,0.E0));
#9558=DIRECTION('',(0.E0,1.E0,0.E0));
#9559=AXIS2_PLACEMENT_3D('',#9556,#9557,#9558);
#9560=PLANE('',#9559);
#9561=ORIENTED_EDGE('',*,*,#9524,.T.);
#9562=ORIENTED_EDGE('',*,*,#9511,.T.);
#9563=ORIENTED_EDGE('',*,*,#9548,.F.);
#9564=ORIENTED_EDGE('',*,*,#9423,.F.);
#9565=EDGE_LOOP('',(#9561,#9562,#9563,#9564));
#9566=FACE_OUTER_BOUND('',#9565,.F.);
#9568=CARTESIAN_POINT('',(-9.1E0,-7.25E-1,-4.525E0));
#9569=DIRECTION('',(-7.071067811865E-1,-7.071067811865E-1,0.E0));
#9570=DIRECTION('',(-7.071067811865E-1,7.071067811865E-1,0.E0));
#9571=AXIS2_PLACEMENT_3D('',#9568,#9569,#9570);
#9572=PLANE('',#9571);
#9573=ORIENTED_EDGE('',*,*,#9407,.T.);
#9575=ORIENTED_EDGE('',*,*,#9574,.F.);
#9576=ORIENTED_EDGE('',*,*,#8307,.T.);
#9578=ORIENTED_EDGE('',*,*,#9577,.T.);
#9579=EDGE_LOOP('',(#9573,#9575,#9576,#9578));
#9580=FACE_OUTER_BOUND('',#9579,.F.);
#9582=CARTESIAN_POINT('',(-8.6E0,-2.25E-1,0.E0));
#9583=DIRECTION('',(0.E0,1.E0,0.E0));
#9584=DIRECTION('',(-1.E0,0.E0,0.E0));
#9585=AXIS2_PLACEMENT_3D('',#9582,#9583,#9584);
#9586=PLANE('',#9585);
#9587=ORIENTED_EDGE('',*,*,#9574,.T.);
#9588=ORIENTED_EDGE('',*,*,#9417,.T.);
#9590=ORIENTED_EDGE('',*,*,#9589,.F.);
#9591=ORIENTED_EDGE('',*,*,#8309,.F.);
#9592=EDGE_LOOP('',(#9587,#9588,#9590,#9591));
#9593=FACE_OUTER_BOUND('',#9592,.F.);
#9595=CARTESIAN_POINT('',(-1.19E1,-7.25E-1,-4.525E0));
#9596=DIRECTION('',(7.071067811865E-1,-7.071067811865E-1,0.E0));
#9597=DIRECTION('',(-7.071067811865E-1,-7.071067811865E-1,0.E0));
#9598=AXIS2_PLACEMENT_3D('',#9595,#9596,#9597);
#9599=PLANE('',#9598);
#9600=ORIENTED_EDGE('',*,*,#9415,.T.);
#9602=ORIENTED_EDGE('',*,*,#9601,.F.);
#9603=ORIENTED_EDGE('',*,*,#8311,.T.);
#9604=ORIENTED_EDGE('',*,*,#9589,.T.);
#9605=EDGE_LOOP('',(#9600,#9602,#9603,#9604));
#9606=FACE_OUTER_BOUND('',#9605,.F.);
#9608=CARTESIAN_POINT('',(-1.24E1,-2.25E-1,0.E0));
#9609=DIRECTION('',(-1.E0,0.E0,0.E0));
#9610=DIRECTION('',(0.E0,-1.E0,0.E0));
#9611=AXIS2_PLACEMENT_3D('',#9608,#9609,#9610);
#9612=PLANE('',#9611);
#9613=ORIENTED_EDGE('',*,*,#9601,.T.);
#9614=ORIENTED_EDGE('',*,*,#9413,.T.);
#9616=ORIENTED_EDGE('',*,*,#9615,.F.);
#9617=ORIENTED_EDGE('',*,*,#8313,.F.);
#9618=EDGE_LOOP('',(#9613,#9614,#9616,#9617));
#9619=FACE_OUTER_BOUND('',#9618,.F.);
#9621=CARTESIAN_POINT('',(-1.24E1,-3.975E0,0.E0));
#9622=DIRECTION('',(0.E0,-1.E0,0.E0));
#9623=DIRECTION('',(1.E0,0.E0,0.E0));
#9624=AXIS2_PLACEMENT_3D('',#9621,#9622,#9623);
#9625=PLANE('',#9624);
#9626=ORIENTED_EDGE('',*,*,#9615,.T.);
#9627=ORIENTED_EDGE('',*,*,#9411,.T.);
#9629=ORIENTED_EDGE('',*,*,#9628,.F.);
#9630=ORIENTED_EDGE('',*,*,#8315,.F.);
#9631=EDGE_LOOP('',(#9626,#9627,#9629,#9630));
#9632=FACE_OUTER_BOUND('',#9631,.F.);
#9634=CARTESIAN_POINT('',(-8.6E0,-3.975E0,0.E0));
#9635=DIRECTION('',(1.E0,0.E0,0.E0));
#9636=DIRECTION('',(0.E0,1.E0,0.E0));
#9637=AXIS2_PLACEMENT_3D('',#9634,#9635,#9636);
#9638=PLANE('',#9637);
#9639=ORIENTED_EDGE('',*,*,#9577,.F.);
#9640=ORIENTED_EDGE('',*,*,#8305,.F.);
#9641=ORIENTED_EDGE('',*,*,#9628,.T.);
#9642=ORIENTED_EDGE('',*,*,#9409,.T.);
#9643=EDGE_LOOP('',(#9639,#9640,#9641,#9642));
#9644=FACE_OUTER_BOUND('',#9643,.F.);
#9646=CARTESIAN_POINT('',(-8.2E0,3.975E0,0.E0));
#9647=DIRECTION('',(-1.E0,0.E0,0.E0));
#9648=DIRECTION('',(0.E0,-1.E0,0.E0));
#9649=AXIS2_PLACEMENT_3D('',#9646,#9647,#9648);
#9650=PLANE('',#9649);
#9652=ORIENTED_EDGE('',*,*,#9651,.T.);
#9654=ORIENTED_EDGE('',*,*,#9653,.T.);
#9656=ORIENTED_EDGE('',*,*,#9655,.F.);
#9657=ORIENTED_EDGE('',*,*,#8099,.F.);
#9658=EDGE_LOOP('',(#9652,#9654,#9656,#9657));
#9659=FACE_OUTER_BOUND('',#9658,.F.);
#9661=CARTESIAN_POINT('',(-4.4E0,3.975E0,0.E0));
#9662=DIRECTION('',(0.E0,1.E0,0.E0));
#9663=DIRECTION('',(-1.E0,0.E0,0.E0));
#9664=AXIS2_PLACEMENT_3D('',#9661,#9662,#9663);
#9665=PLANE('',#9664);
#9666=ORIENTED_EDGE('',*,*,#9651,.F.);
#9667=ORIENTED_EDGE('',*,*,#8105,.F.);
#9669=ORIENTED_EDGE('',*,*,#9668,.T.);
#9671=ORIENTED_EDGE('',*,*,#9670,.T.);
#9672=EDGE_LOOP('',(#9666,#9667,#9669,#9671));
#9673=FACE_OUTER_BOUND('',#9672,.F.);
#9675=CARTESIAN_POINT('',(-4.4E0,2.25E-1,0.E0));
#9676=DIRECTION('',(1.E0,0.E0,0.E0));
#9677=DIRECTION('',(0.E0,1.E0,0.E0));
#9678=AXIS2_PLACEMENT_3D('',#9675,#9676,#9677);
#9679=PLANE('',#9678);
#9681=ORIENTED_EDGE('',*,*,#9680,.T.);
#9683=ORIENTED_EDGE('',*,*,#9682,.T.);
#9684=ORIENTED_EDGE('',*,*,#9668,.F.);
#9685=ORIENTED_EDGE('',*,*,#8103,.F.);
#9686=EDGE_LOOP('',(#9681,#9683,#9684,#9685));
#9687=FACE_OUTER_BOUND('',#9686,.F.);
#9689=CARTESIAN_POINT('',(-8.2E0,2.25E-1,0.E0));
#9690=DIRECTION('',(0.E0,-1.E0,0.E0));
#9691=DIRECTION('',(1.E0,0.E0,0.E0));
#9692=AXIS2_PLACEMENT_3D('',#9689,#9690,#9691);
#9693=PLANE('',#9692);
#9694=ORIENTED_EDGE('',*,*,#9655,.T.);
#9696=ORIENTED_EDGE('',*,*,#9695,.T.);
#9697=ORIENTED_EDGE('',*,*,#9680,.F.);
#9698=ORIENTED_EDGE('',*,*,#8101,.F.);
#9699=EDGE_LOOP('',(#9694,#9696,#9697,#9698));
#9700=FACE_OUTER_BOUND('',#9699,.F.);
#9702=CARTESIAN_POINT('',(1.68E1,0.E0,-9.05E0));
#9703=DIRECTION('',(0.E0,0.E0,1.E0));
#9704=DIRECTION('',(1.E0,0.E0,0.E0));
#9705=AXIS2_PLACEMENT_3D('',#9702,#9703,#9704);
#9706=PLANE('',#9705);
#9707=ORIENTED_EDGE('',*,*,#9653,.F.);
#9708=ORIENTED_EDGE('',*,*,#9670,.F.);
#9709=ORIENTED_EDGE('',*,*,#9682,.F.);
#9710=ORIENTED_EDGE('',*,*,#9695,.F.);
#9711=EDGE_LOOP('',(#9707,#9708,#9709,#9710));
#9712=FACE_OUTER_BOUND('',#9711,.F.);
#9714=ORIENTED_EDGE('',*,*,#9713,.T.);
#9716=ORIENTED_EDGE('',*,*,#9715,.T.);
#9718=ORIENTED_EDGE('',*,*,#9717,.T.);
#9720=ORIENTED_EDGE('',*,*,#9719,.T.);
#9721=EDGE_LOOP('',(#9714,#9716,#9718,#9720));
#9722=FACE_BOUND('',#9721,.F.);
#9724=CARTESIAN_POINT('',(1.68E1,0.E0,-9.05E0));
#9725=DIRECTION('',(0.E0,0.E0,1.E0));
#9726=DIRECTION('',(1.E0,0.E0,0.E0));
#9727=AXIS2_PLACEMENT_3D('',#9724,#9725,#9726);
#9728=PLANE('',#9727);
#9730=ORIENTED_EDGE('',*,*,#9729,.F.);
#9732=ORIENTED_EDGE('',*,*,#9731,.F.);
#9734=ORIENTED_EDGE('',*,*,#9733,.F.);
#9736=ORIENTED_EDGE('',*,*,#9735,.F.);
#9738=ORIENTED_EDGE('',*,*,#9737,.F.);
#9740=ORIENTED_EDGE('',*,*,#9739,.F.);
#9741=EDGE_LOOP('',(#9730,#9732,#9734,#9736,#9738,#9740));
#9742=FACE_OUTER_BOUND('',#9741,.F.);
#9744=ORIENTED_EDGE('',*,*,#9743,.T.);
#9746=ORIENTED_EDGE('',*,*,#9745,.T.);
#9748=ORIENTED_EDGE('',*,*,#9747,.T.);
#9750=ORIENTED_EDGE('',*,*,#9749,.T.);
#9751=EDGE_LOOP('',(#9744,#9746,#9748,#9750));
#9752=FACE_BOUND('',#9751,.F.);
#9754=CARTESIAN_POINT('',(-6.8E0,2.6E0,-9.05E0));
#9755=DIRECTION('',(-1.E0,0.E0,0.E0));
#9756=DIRECTION('',(0.E0,-1.E0,0.E0));
#9757=AXIS2_PLACEMENT_3D('',#9754,#9755,#9756);
#9758=PLANE('',#9757);
#9760=ORIENTED_EDGE('',*,*,#9759,.T.);
#9762=ORIENTED_EDGE('',*,*,#9761,.T.);
#9764=ORIENTED_EDGE('',*,*,#9763,.F.);
#9765=ORIENTED_EDGE('',*,*,#9713,.F.);
#9766=EDGE_LOOP('',(#9760,#9762,#9764,#9765));
#9767=FACE_OUTER_BOUND('',#9766,.F.);
#9769=CARTESIAN_POINT('',(-5.8E0,2.6E0,-9.05E0));
#9770=DIRECTION('',(0.E0,1.E0,0.E0));
#9771=DIRECTION('',(-1.E0,0.E0,0.E0));
#9772=AXIS2_PLACEMENT_3D('',#9769,#9770,#9771);
#9773=PLANE('',#9772);
#9774=ORIENTED_EDGE('',*,*,#9759,.F.);
#9775=ORIENTED_EDGE('',*,*,#9719,.F.);
#9777=ORIENTED_EDGE('',*,*,#9776,.T.);
#9779=ORIENTED_EDGE('',*,*,#9778,.T.);
#9780=EDGE_LOOP('',(#9774,#9775,#9777,#9779));
#9781=FACE_OUTER_BOUND('',#9780,.F.);
#9783=CARTESIAN_POINT('',(-5.8E0,1.6E0,-9.05E0));
#9784=DIRECTION('',(1.E0,0.E0,0.E0));
#9785=DIRECTION('',(0.E0,1.E0,0.E0));
#9786=AXIS2_PLACEMENT_3D('',#9783,#9784,#9785);
#9787=PLANE('',#9786);
#9789=ORIENTED_EDGE('',*,*,#9788,.T.);
#9791=ORIENTED_EDGE('',*,*,#9790,.T.);
#9792=ORIENTED_EDGE('',*,*,#9776,.F.);
#9793=ORIENTED_EDGE('',*,*,#9717,.F.);
#9794=EDGE_LOOP('',(#9789,#9791,#9792,#9793));
#9795=FACE_OUTER_BOUND('',#9794,.F.);
#9797=CARTESIAN_POINT('',(-6.8E0,1.6E0,-9.05E0));
#9798=DIRECTION('',(0.E0,-1.E0,0.E0));
#9799=DIRECTION('',(1.E0,0.E0,0.E0));
#9800=AXIS2_PLACEMENT_3D('',#9797,#9798,#9799);
#9801=PLANE('',#9800);
#9802=ORIENTED_EDGE('',*,*,#9763,.T.);
#9804=ORIENTED_EDGE('',*,*,#9803,.T.);
#9805=ORIENTED_EDGE('',*,*,#9788,.F.);
#9806=ORIENTED_EDGE('',*,*,#9715,.F.);
#9807=EDGE_LOOP('',(#9802,#9804,#9805,#9806));
#9808=FACE_OUTER_BOUND('',#9807,.F.);
#9810=CARTESIAN_POINT('',(1.68E1,0.E0,-3.35E0));
#9811=DIRECTION('',(0.E0,0.E0,1.E0));
#9812=DIRECTION('',(1.E0,0.E0,0.E0));
#9813=AXIS2_PLACEMENT_3D('',#9810,#9811,#9812);
#9814=PLANE('',#9813);
#9815=ORIENTED_EDGE('',*,*,#9761,.F.);
#9816=ORIENTED_EDGE('',*,*,#9778,.F.);
#9817=ORIENTED_EDGE('',*,*,#9790,.F.);
#9818=ORIENTED_EDGE('',*,*,#9803,.F.);
#9819=EDGE_LOOP('',(#9815,#9816,#9817,#9818));
#9820=FACE_OUTER_BOUND('',#9819,.F.);
#9822=CARTESIAN_POINT('',(1.68E1,0.E0,-3.35E0));
#9823=DIRECTION('',(0.E0,0.E0,1.E0));
#9824=DIRECTION('',(1.E0,0.E0,0.E0));
#9825=AXIS2_PLACEMENT_3D('',#9822,#9823,#9824);
#9826=PLANE('',#9825);
#9828=ORIENTED_EDGE('',*,*,#9827,.F.);
#9830=ORIENTED_EDGE('',*,*,#9829,.F.);
#9832=ORIENTED_EDGE('',*,*,#9831,.F.);
#9834=ORIENTED_EDGE('',*,*,#9833,.F.);
#9835=EDGE_LOOP('',(#9828,#9830,#9832,#9834));
#9836=FACE_OUTER_BOUND('',#9835,.F.);
#9838=CARTESIAN_POINT('',(-6.8E0,-2.6E0,-9.05E0));
#9839=DIRECTION('',(0.E0,-1.E0,0.E0));
#9840=DIRECTION('',(1.E0,0.E0,0.E0));
#9841=AXIS2_PLACEMENT_3D('',#9838,#9839,#9840);
#9842=PLANE('',#9841);
#9844=ORIENTED_EDGE('',*,*,#9843,.T.);
#9845=ORIENTED_EDGE('',*,*,#9827,.T.);
#9847=ORIENTED_EDGE('',*,*,#9846,.F.);
#9848=ORIENTED_EDGE('',*,*,#9743,.F.);
#9849=EDGE_LOOP('',(#9844,#9845,#9847,#9848));
#9850=FACE_OUTER_BOUND('',#9849,.F.);
#9852=CARTESIAN_POINT('',(-6.8E0,-1.6E0,-9.05E0));
#9853=DIRECTION('',(-1.E0,0.E0,0.E0));
#9854=DIRECTION('',(0.E0,-1.E0,0.E0));
#9855=AXIS2_PLACEMENT_3D('',#9852,#9853,#9854);
#9856=PLANE('',#9855);
#9857=ORIENTED_EDGE('',*,*,#9843,.F.);
#9858=ORIENTED_EDGE('',*,*,#9749,.F.);
#9860=ORIENTED_EDGE('',*,*,#9859,.T.);
#9861=ORIENTED_EDGE('',*,*,#9829,.T.);
#9862=EDGE_LOOP('',(#9857,#9858,#9860,#9861));
#9863=FACE_OUTER_BOUND('',#9862,.F.);
#9865=CARTESIAN_POINT('',(-5.8E0,-1.6E0,-9.05E0));
#9866=DIRECTION('',(0.E0,1.E0,0.E0));
#9867=DIRECTION('',(-1.E0,0.E0,0.E0));
#9868=AXIS2_PLACEMENT_3D('',#9865,#9866,#9867);
#9869=PLANE('',#9868);
#9871=ORIENTED_EDGE('',*,*,#9870,.T.);
#9872=ORIENTED_EDGE('',*,*,#9831,.T.);
#9873=ORIENTED_EDGE('',*,*,#9859,.F.);
#9874=ORIENTED_EDGE('',*,*,#9747,.F.);
#9875=EDGE_LOOP('',(#9871,#9872,#9873,#9874));
#9876=FACE_OUTER_BOUND('',#9875,.F.);
#9878=CARTESIAN_POINT('',(-5.8E0,-2.6E0,-9.05E0));
#9879=DIRECTION('',(1.E0,0.E0,0.E0));
#9880=DIRECTION('',(0.E0,1.E0,0.E0));
#9881=AXIS2_PLACEMENT_3D('',#9878,#9879,#9880);
#9882=PLANE('',#9881);
#9883=ORIENTED_EDGE('',*,*,#9846,.T.);
#9884=ORIENTED_EDGE('',*,*,#9833,.T.);
#9885=ORIENTED_EDGE('',*,*,#9870,.F.);
#9886=ORIENTED_EDGE('',*,*,#9745,.F.);
#9887=EDGE_LOOP('',(#9883,#9884,#9885,#9886));
#9888=FACE_OUTER_BOUND('',#9887,.F.);
#9890=CARTESIAN_POINT('',(-4.9E0,-7.25E-1,-4.525E0));
#9891=DIRECTION('',(-7.071067811865E-1,-7.071067811865E-1,0.E0));
#9892=DIRECTION('',(-7.071067811865E-1,7.071067811865E-1,0.E0));
#9893=AXIS2_PLACEMENT_3D('',#9890,#9891,#9892);
#9894=PLANE('',#9893);
#9895=ORIENTED_EDGE('',*,*,#9729,.T.);
#9897=ORIENTED_EDGE('',*,*,#9896,.F.);
#9898=ORIENTED_EDGE('',*,*,#8321,.T.);
#9900=ORIENTED_EDGE('',*,*,#9899,.T.);
#9901=EDGE_LOOP('',(#9895,#9897,#9898,#9900));
#9902=FACE_OUTER_BOUND('',#9901,.F.);
#9904=CARTESIAN_POINT('',(-4.4E0,-2.25E-1,0.E0));
#9905=DIRECTION('',(0.E0,1.E0,0.E0));
#9906=DIRECTION('',(-1.E0,0.E0,0.E0));
#9907=AXIS2_PLACEMENT_3D('',#9904,#9905,#9906);
#9908=PLANE('',#9907);
#9909=ORIENTED_EDGE('',*,*,#9896,.T.);
#9910=ORIENTED_EDGE('',*,*,#9739,.T.);
#9912=ORIENTED_EDGE('',*,*,#9911,.F.);
#9913=ORIENTED_EDGE('',*,*,#8323,.F.);
#9914=EDGE_LOOP('',(#9909,#9910,#9912,#9913));
#9915=FACE_OUTER_BOUND('',#9914,.F.);
#9917=CARTESIAN_POINT('',(-7.7E0,-7.25E-1,-4.525E0));
#9918=DIRECTION('',(7.071067811865E-1,-7.071067811865E-1,0.E0));
#9919=DIRECTION('',(-7.071067811865E-1,-7.071067811865E-1,0.E0));
#9920=AXIS2_PLACEMENT_3D('',#9917,#9918,#9919);
#9921=PLANE('',#9920);
#9922=ORIENTED_EDGE('',*,*,#9737,.T.);
#9924=ORIENTED_EDGE('',*,*,#9923,.F.);
#9925=ORIENTED_EDGE('',*,*,#8325,.T.);
#9926=ORIENTED_EDGE('',*,*,#9911,.T.);
#9927=EDGE_LOOP('',(#9922,#9924,#9925,#9926));
#9928=FACE_OUTER_BOUND('',#9927,.F.);
#9930=CARTESIAN_POINT('',(-8.2E0,-2.25E-1,0.E0));
#9931=DIRECTION('',(-1.E0,0.E0,0.E0));
#9932=DIRECTION('',(0.E0,-1.E0,0.E0));
#9933=AXIS2_PLACEMENT_3D('',#9930,#9931,#9932);
#9934=PLANE('',#9933);
#9935=ORIENTED_EDGE('',*,*,#9923,.T.);
#9936=ORIENTED_EDGE('',*,*,#9735,.T.);
#9938=ORIENTED_EDGE('',*,*,#9937,.F.);
#9939=ORIENTED_EDGE('',*,*,#8327,.F.);
#9940=EDGE_LOOP('',(#9935,#9936,#9938,#9939));
#9941=FACE_OUTER_BOUND('',#9940,.F.);
#9943=CARTESIAN_POINT('',(-8.2E0,-3.975E0,0.E0));
#9944=DIRECTION('',(0.E0,-1.E0,0.E0));
#9945=DIRECTION('',(1.E0,0.E0,0.E0));
#9946=AXIS2_PLACEMENT_3D('',#9943,#9944,#9945);
#9947=PLANE('',#9946);
#9948=ORIENTED_EDGE('',*,*,#9937,.T.);
#9949=ORIENTED_EDGE('',*,*,#9733,.T.);
#9951=ORIENTED_EDGE('',*,*,#9950,.F.);
#9952=ORIENTED_EDGE('',*,*,#8329,.F.);
#9953=EDGE_LOOP('',(#9948,#9949,#9951,#9952));
#9954=FACE_OUTER_BOUND('',#9953,.F.);
#9956=CARTESIAN_POINT('',(-4.4E0,-3.975E0,0.E0));
#9957=DIRECTION('',(1.E0,0.E0,0.E0));
#9958=DIRECTION('',(0.E0,1.E0,0.E0));
#9959=AXIS2_PLACEMENT_3D('',#9956,#9957,#9958);
#9960=PLANE('',#9959);
#9961=ORIENTED_EDGE('',*,*,#9899,.F.);
#9962=ORIENTED_EDGE('',*,*,#8319,.F.);
#9963=ORIENTED_EDGE('',*,*,#9950,.T.);
#9964=ORIENTED_EDGE('',*,*,#9731,.T.);
#9965=EDGE_LOOP('',(#9961,#9962,#9963,#9964));
#9966=FACE_OUTER_BOUND('',#9965,.F.);
#9968=CARTESIAN_POINT('',(-4.E0,-3.975E0,0.E0));
#9969=DIRECTION('',(0.E0,-1.E0,0.E0));
#9970=DIRECTION('',(1.E0,0.E0,0.E0));
#9971=AXIS2_PLACEMENT_3D('',#9968,#9969,#9970);
#9972=PLANE('',#9971);
#9974=ORIENTED_EDGE('',*,*,#9973,.T.);
#9976=ORIENTED_EDGE('',*,*,#9975,.T.);
#9978=ORIENTED_EDGE('',*,*,#9977,.F.);
#9979=ORIENTED_EDGE('',*,*,#8109,.F.);
#9980=EDGE_LOOP('',(#9974,#9976,#9978,#9979));
#9981=FACE_OUTER_BOUND('',#9980,.F.);
#9983=CARTESIAN_POINT('',(-4.E0,-2.25E-1,0.E0));
#9984=DIRECTION('',(-1.E0,0.E0,0.E0));
#9985=DIRECTION('',(0.E0,-1.E0,0.E0));
#9986=AXIS2_PLACEMENT_3D('',#9983,#9984,#9985);
#9987=PLANE('',#9986);
#9988=ORIENTED_EDGE('',*,*,#9973,.F.);
#9989=ORIENTED_EDGE('',*,*,#8115,.F.);
#9991=ORIENTED_EDGE('',*,*,#9990,.T.);
#9993=ORIENTED_EDGE('',*,*,#9992,.T.);
#9994=EDGE_LOOP('',(#9988,#9989,#9991,#9993));
#9995=FACE_OUTER_BOUND('',#9994,.F.);
#9997=CARTESIAN_POINT('',(-2.E-1,-2.25E-1,0.E0));
#9998=DIRECTION('',(0.E0,1.E0,0.E0));
#9999=DIRECTION('',(-1.E0,0.E0,0.E0));
#10000=AXIS2_PLACEMENT_3D('',#9997,#9998,#9999);
#10001=PLANE('',#10000);
#10003=ORIENTED_EDGE('',*,*,#10002,.T.);
#10005=ORIENTED_EDGE('',*,*,#10004,.T.);
#10006=ORIENTED_EDGE('',*,*,#9990,.F.);
#10007=ORIENTED_EDGE('',*,*,#8113,.F.);
#10008=EDGE_LOOP('',(#10003,#10005,#10006,#10007));
#10009=FACE_OUTER_BOUND('',#10008,.F.);
#10011=CARTESIAN_POINT('',(-2.E-1,-3.975E0,0.E0));
#10012=DIRECTION('',(1.E0,0.E0,0.E0));
#10013=DIRECTION('',(0.E0,1.E0,0.E0));
#10014=AXIS2_PLACEMENT_3D('',#10011,#10012,#10013);
#10015=PLANE('',#10014);
#10016=ORIENTED_EDGE('',*,*,#9977,.T.);
#10018=ORIENTED_EDGE('',*,*,#10017,.T.);
#10019=ORIENTED_EDGE('',*,*,#10002,.F.);
#10020=ORIENTED_EDGE('',*,*,#8111,.F.);
#10021=EDGE_LOOP('',(#10016,#10018,#10019,#10020));
#10022=FACE_OUTER_BOUND('',#10021,.F.);
#10024=CARTESIAN_POINT('',(2.1E1,0.E0,-9.05E0));
#10025=DIRECTION('',(0.E0,0.E0,1.E0));
#10026=DIRECTION('',(1.E0,0.E0,0.E0));
#10027=AXIS2_PLACEMENT_3D('',#10024,#10025,#10026);
#10028=PLANE('',#10027);
#10029=ORIENTED_EDGE('',*,*,#9975,.F.);
#10030=ORIENTED_EDGE('',*,*,#9992,.F.);
#10031=ORIENTED_EDGE('',*,*,#10004,.F.);
#10032=ORIENTED_EDGE('',*,*,#10017,.F.);
#10033=EDGE_LOOP('',(#10029,#10030,#10031,#10032));
#10034=FACE_OUTER_BOUND('',#10033,.F.);
#10036=ORIENTED_EDGE('',*,*,#10035,.T.);
#10038=ORIENTED_EDGE('',*,*,#10037,.T.);
#10040=ORIENTED_EDGE('',*,*,#10039,.T.);
#10042=ORIENTED_EDGE('',*,*,#10041,.T.);
#10043=EDGE_LOOP('',(#10036,#10038,#10040,#10042));
#10044=FACE_BOUND('',#10043,.F.);
#10046=CARTESIAN_POINT('',(2.1E1,0.E0,-9.05E0));
#10047=DIRECTION('',(0.E0,0.E0,1.E0));
#10048=DIRECTION('',(1.E0,0.E0,0.E0));
#10049=AXIS2_PLACEMENT_3D('',#10046,#10047,#10048);
#10050=PLANE('',#10049);
#10052=ORIENTED_EDGE('',*,*,#10051,.F.);
#10054=ORIENTED_EDGE('',*,*,#10053,.F.);
#10056=ORIENTED_EDGE('',*,*,#10055,.F.);
#10058=ORIENTED_EDGE('',*,*,#10057,.F.);
#10060=ORIENTED_EDGE('',*,*,#10059,.F.);
#10062=ORIENTED_EDGE('',*,*,#10061,.F.);
#10063=EDGE_LOOP('',(#10052,#10054,#10056,#10058,#10060,#10062));
#10064=FACE_OUTER_BOUND('',#10063,.F.);
#10066=ORIENTED_EDGE('',*,*,#10065,.T.);
#10068=ORIENTED_EDGE('',*,*,#10067,.T.);
#10070=ORIENTED_EDGE('',*,*,#10069,.T.);
#10072=ORIENTED_EDGE('',*,*,#10071,.T.);
#10073=EDGE_LOOP('',(#10066,#10068,#10070,#10072));
#10074=FACE_BOUND('',#10073,.F.);
#10076=CARTESIAN_POINT('',(-2.6E0,2.6E0,-9.05E0));
#10077=DIRECTION('',(-1.E0,0.E0,0.E0));
#10078=DIRECTION('',(0.E0,-1.E0,0.E0));
#10079=AXIS2_PLACEMENT_3D('',#10076,#10077,#10078);
#10080=PLANE('',#10079);
#10082=ORIENTED_EDGE('',*,*,#10081,.T.);
#10084=ORIENTED_EDGE('',*,*,#10083,.T.);
#10086=ORIENTED_EDGE('',*,*,#10085,.F.);
#10087=ORIENTED_EDGE('',*,*,#10065,.F.);
#10088=EDGE_LOOP('',(#10082,#10084,#10086,#10087));
#10089=FACE_OUTER_BOUND('',#10088,.F.);
#10091=CARTESIAN_POINT('',(-1.6E0,2.6E0,-9.05E0));
#10092=DIRECTION('',(0.E0,1.E0,0.E0));
#10093=DIRECTION('',(-1.E0,0.E0,0.E0));
#10094=AXIS2_PLACEMENT_3D('',#10091,#10092,#10093);
#10095=PLANE('',#10094);
#10096=ORIENTED_EDGE('',*,*,#10081,.F.);
#10097=ORIENTED_EDGE('',*,*,#10071,.F.);
#10099=ORIENTED_EDGE('',*,*,#10098,.T.);
#10101=ORIENTED_EDGE('',*,*,#10100,.T.);
#10102=EDGE_LOOP('',(#10096,#10097,#10099,#10101));
#10103=FACE_OUTER_BOUND('',#10102,.F.);
#10105=CARTESIAN_POINT('',(-1.6E0,1.6E0,-9.05E0));
#10106=DIRECTION('',(1.E0,0.E0,0.E0));
#10107=DIRECTION('',(0.E0,1.E0,0.E0));
#10108=AXIS2_PLACEMENT_3D('',#10105,#10106,#10107);
#10109=PLANE('',#10108);
#10111=ORIENTED_EDGE('',*,*,#10110,.T.);
#10113=ORIENTED_EDGE('',*,*,#10112,.T.);
#10114=ORIENTED_EDGE('',*,*,#10098,.F.);
#10115=ORIENTED_EDGE('',*,*,#10069,.F.);
#10116=EDGE_LOOP('',(#10111,#10113,#10114,#10115));
#10117=FACE_OUTER_BOUND('',#10116,.F.);
#10119=CARTESIAN_POINT('',(-2.6E0,1.6E0,-9.05E0));
#10120=DIRECTION('',(0.E0,-1.E0,0.E0));
#10121=DIRECTION('',(1.E0,0.E0,0.E0));
#10122=AXIS2_PLACEMENT_3D('',#10119,#10120,#10121);
#10123=PLANE('',#10122);
#10124=ORIENTED_EDGE('',*,*,#10085,.T.);
#10126=ORIENTED_EDGE('',*,*,#10125,.T.);
#10127=ORIENTED_EDGE('',*,*,#10110,.F.);
#10128=ORIENTED_EDGE('',*,*,#10067,.F.);
#10129=EDGE_LOOP('',(#10124,#10126,#10127,#10128));
#10130=FACE_OUTER_BOUND('',#10129,.F.);
#10132=CARTESIAN_POINT('',(2.1E1,0.E0,-3.35E0));
#10133=DIRECTION('',(0.E0,0.E0,1.E0));
#10134=DIRECTION('',(1.E0,0.E0,0.E0));
#10135=AXIS2_PLACEMENT_3D('',#10132,#10133,#10134);
#10136=PLANE('',#10135);
#10137=ORIENTED_EDGE('',*,*,#10083,.F.);
#10138=ORIENTED_EDGE('',*,*,#10100,.F.);
#10139=ORIENTED_EDGE('',*,*,#10112,.F.);
#10140=ORIENTED_EDGE('',*,*,#10125,.F.);
#10141=EDGE_LOOP('',(#10137,#10138,#10139,#10140));
#10142=FACE_OUTER_BOUND('',#10141,.F.);
#10144=CARTESIAN_POINT('',(2.1E1,0.E0,-3.35E0));
#10145=DIRECTION('',(0.E0,0.E0,1.E0));
#10146=DIRECTION('',(1.E0,0.E0,0.E0));
#10147=AXIS2_PLACEMENT_3D('',#10144,#10145,#10146);
#10148=PLANE('',#10147);
#10150=ORIENTED_EDGE('',*,*,#10149,.F.);
#10152=ORIENTED_EDGE('',*,*,#10151,.F.);
#10154=ORIENTED_EDGE('',*,*,#10153,.F.);
#10156=ORIENTED_EDGE('',*,*,#10155,.F.);
#10157=EDGE_LOOP('',(#10150,#10152,#10154,#10156));
#10158=FACE_OUTER_BOUND('',#10157,.F.);
#10160=CARTESIAN_POINT('',(-2.6E0,-2.6E0,-9.05E0));
#10161=DIRECTION('',(0.E0,-1.E0,0.E0));
#10162=DIRECTION('',(1.E0,0.E0,0.E0));
#10163=AXIS2_PLACEMENT_3D('',#10160,#10161,#10162);
#10164=PLANE('',#10163);
#10166=ORIENTED_EDGE('',*,*,#10165,.T.);
#10167=ORIENTED_EDGE('',*,*,#10149,.T.);
#10169=ORIENTED_EDGE('',*,*,#10168,.F.);
#10170=ORIENTED_EDGE('',*,*,#10035,.F.);
#10171=EDGE_LOOP('',(#10166,#10167,#10169,#10170));
#10172=FACE_OUTER_BOUND('',#10171,.F.);
#10174=CARTESIAN_POINT('',(-2.6E0,-1.6E0,-9.05E0));
#10175=DIRECTION('',(-1.E0,0.E0,0.E0));
#10176=DIRECTION('',(0.E0,-1.E0,0.E0));
#10177=AXIS2_PLACEMENT_3D('',#10174,#10175,#10176);
#10178=PLANE('',#10177);
#10179=ORIENTED_EDGE('',*,*,#10165,.F.);
#10180=ORIENTED_EDGE('',*,*,#10041,.F.);
#10182=ORIENTED_EDGE('',*,*,#10181,.T.);
#10183=ORIENTED_EDGE('',*,*,#10151,.T.);
#10184=EDGE_LOOP('',(#10179,#10180,#10182,#10183));
#10185=FACE_OUTER_BOUND('',#10184,.F.);
#10187=CARTESIAN_POINT('',(-1.6E0,-1.6E0,-9.05E0));
#10188=DIRECTION('',(0.E0,1.E0,0.E0));
#10189=DIRECTION('',(-1.E0,0.E0,0.E0));
#10190=AXIS2_PLACEMENT_3D('',#10187,#10188,#10189);
#10191=PLANE('',#10190);
#10193=ORIENTED_EDGE('',*,*,#10192,.T.);
#10194=ORIENTED_EDGE('',*,*,#10153,.T.);
#10195=ORIENTED_EDGE('',*,*,#10181,.F.);
#10196=ORIENTED_EDGE('',*,*,#10039,.F.);
#10197=EDGE_LOOP('',(#10193,#10194,#10195,#10196));
#10198=FACE_OUTER_BOUND('',#10197,.F.);
#10200=CARTESIAN_POINT('',(-1.6E0,-2.6E0,-9.05E0));
#10201=DIRECTION('',(1.E0,0.E0,0.E0));
#10202=DIRECTION('',(0.E0,1.E0,0.E0));
#10203=AXIS2_PLACEMENT_3D('',#10200,#10201,#10202);
#10204=PLANE('',#10203);
#10205=ORIENTED_EDGE('',*,*,#10168,.T.);
#10206=ORIENTED_EDGE('',*,*,#10155,.T.);
#10207=ORIENTED_EDGE('',*,*,#10192,.F.);
#10208=ORIENTED_EDGE('',*,*,#10037,.F.);
#10209=EDGE_LOOP('',(#10205,#10206,#10207,#10208));
#10210=FACE_OUTER_BOUND('',#10209,.F.);
#10212=CARTESIAN_POINT('',(-7.E-1,3.475E0,-4.525E0));
#10213=DIRECTION('',(-7.071067811865E-1,-7.071067811865E-1,0.E0));
#10214=DIRECTION('',(-7.071067811865E-1,7.071067811865E-1,0.E0));
#10215=AXIS2_PLACEMENT_3D('',#10212,#10213,#10214);
#10216=PLANE('',#10215);
#10217=ORIENTED_EDGE('',*,*,#10051,.T.);
#10219=ORIENTED_EDGE('',*,*,#10218,.F.);
#10220=ORIENTED_EDGE('',*,*,#8335,.T.);
#10222=ORIENTED_EDGE('',*,*,#10221,.T.);
#10223=EDGE_LOOP('',(#10217,#10219,#10220,#10222));
#10224=FACE_OUTER_BOUND('',#10223,.F.);
#10226=CARTESIAN_POINT('',(-2.E-1,3.975E0,0.E0));
#10227=DIRECTION('',(0.E0,1.E0,0.E0));
#10228=DIRECTION('',(-1.E0,0.E0,0.E0));
#10229=AXIS2_PLACEMENT_3D('',#10226,#10227,#10228);
#10230=PLANE('',#10229);
#10231=ORIENTED_EDGE('',*,*,#10218,.T.);
#10232=ORIENTED_EDGE('',*,*,#10061,.T.);
#10234=ORIENTED_EDGE('',*,*,#10233,.F.);
#10235=ORIENTED_EDGE('',*,*,#8337,.F.);
#10236=EDGE_LOOP('',(#10231,#10232,#10234,#10235));
#10237=FACE_OUTER_BOUND('',#10236,.F.);
#10239=CARTESIAN_POINT('',(-3.5E0,3.475E0,-4.525E0));
#10240=DIRECTION('',(7.071067811865E-1,-7.071067811865E-1,0.E0));
#10241=DIRECTION('',(-7.071067811865E-1,-7.071067811865E-1,0.E0));
#10242=AXIS2_PLACEMENT_3D('',#10239,#10240,#10241);
#10243=PLANE('',#10242);
#10244=ORIENTED_EDGE('',*,*,#10059,.T.);
#10246=ORIENTED_EDGE('',*,*,#10245,.F.);
#10247=ORIENTED_EDGE('',*,*,#8339,.T.);
#10248=ORIENTED_EDGE('',*,*,#10233,.T.);
#10249=EDGE_LOOP('',(#10244,#10246,#10247,#10248));
#10250=FACE_OUTER_BOUND('',#10249,.F.);
#10252=CARTESIAN_POINT('',(-4.E0,3.975E0,0.E0));
#10253=DIRECTION('',(-1.E0,0.E0,0.E0));
#10254=DIRECTION('',(0.E0,-1.E0,0.E0));
#10255=AXIS2_PLACEMENT_3D('',#10252,#10253,#10254);
#10256=PLANE('',#10255);
#10257=ORIENTED_EDGE('',*,*,#10245,.T.);
#10258=ORIENTED_EDGE('',*,*,#10057,.T.);
#10260=ORIENTED_EDGE('',*,*,#10259,.F.);
#10261=ORIENTED_EDGE('',*,*,#8341,.F.);
#10262=EDGE_LOOP('',(#10257,#10258,#10260,#10261));
#10263=FACE_OUTER_BOUND('',#10262,.F.);
#10265=CARTESIAN_POINT('',(-4.E0,2.25E-1,0.E0));
#10266=DIRECTION('',(0.E0,-1.E0,0.E0));
#10267=DIRECTION('',(1.E0,0.E0,0.E0));
#10268=AXIS2_PLACEMENT_3D('',#10265,#10266,#10267);
#10269=PLANE('',#10268);
#10270=ORIENTED_EDGE('',*,*,#10259,.T.);
#10271=ORIENTED_EDGE('',*,*,#10055,.T.);
#10273=ORIENTED_EDGE('',*,*,#10272,.F.);
#10274=ORIENTED_EDGE('',*,*,#8343,.F.);
#10275=EDGE_LOOP('',(#10270,#10271,#10273,#10274));
#10276=FACE_OUTER_BOUND('',#10275,.F.);
#10278=CARTESIAN_POINT('',(-2.E-1,2.25E-1,0.E0));
#10279=DIRECTION('',(1.E0,0.E0,0.E0));
#10280=DIRECTION('',(0.E0,1.E0,0.E0));
#10281=AXIS2_PLACEMENT_3D('',#10278,#10279,#10280);
#10282=PLANE('',#10281);
#10283=ORIENTED_EDGE('',*,*,#10221,.F.);
#10284=ORIENTED_EDGE('',*,*,#8333,.F.);
#10285=ORIENTED_EDGE('',*,*,#10272,.T.);
#10286=ORIENTED_EDGE('',*,*,#10053,.T.);
#10287=EDGE_LOOP('',(#10283,#10284,#10285,#10286));
#10288=FACE_OUTER_BOUND('',#10287,.F.);
#10290=CARTESIAN_POINT('',(2.E-1,-3.975E0,0.E0));
#10291=DIRECTION('',(0.E0,-1.E0,0.E0));
#10292=DIRECTION('',(1.E0,0.E0,0.E0));
#10293=AXIS2_PLACEMENT_3D('',#10290,#10291,#10292);
#10294=PLANE('',#10293);
#10296=ORIENTED_EDGE('',*,*,#10295,.T.);
#10298=ORIENTED_EDGE('',*,*,#10297,.T.);
#10300=ORIENTED_EDGE('',*,*,#10299,.F.);
#10301=ORIENTED_EDGE('',*,*,#8119,.F.);
#10302=EDGE_LOOP('',(#10296,#10298,#10300,#10301));
#10303=FACE_OUTER_BOUND('',#10302,.F.);
#10305=CARTESIAN_POINT('',(2.E-1,-2.25E-1,0.E0));
#10306=DIRECTION('',(-1.E0,0.E0,0.E0));
#10307=DIRECTION('',(0.E0,-1.E0,0.E0));
#10308=AXIS2_PLACEMENT_3D('',#10305,#10306,#10307);
#10309=PLANE('',#10308);
#10310=ORIENTED_EDGE('',*,*,#10295,.F.);
#10311=ORIENTED_EDGE('',*,*,#8125,.F.);
#10313=ORIENTED_EDGE('',*,*,#10312,.T.);
#10315=ORIENTED_EDGE('',*,*,#10314,.T.);
#10316=EDGE_LOOP('',(#10310,#10311,#10313,#10315));
#10317=FACE_OUTER_BOUND('',#10316,.F.);
#10319=CARTESIAN_POINT('',(4.E0,-2.25E-1,0.E0));
#10320=DIRECTION('',(0.E0,1.E0,0.E0));
#10321=DIRECTION('',(-1.E0,0.E0,0.E0));
#10322=AXIS2_PLACEMENT_3D('',#10319,#10320,#10321);
#10323=PLANE('',#10322);
#10325=ORIENTED_EDGE('',*,*,#10324,.T.);
#10327=ORIENTED_EDGE('',*,*,#10326,.T.);
#10328=ORIENTED_EDGE('',*,*,#10312,.F.);
#10329=ORIENTED_EDGE('',*,*,#8123,.F.);
#10330=EDGE_LOOP('',(#10325,#10327,#10328,#10329));
#10331=FACE_OUTER_BOUND('',#10330,.F.);
#10333=CARTESIAN_POINT('',(4.E0,-3.975E0,0.E0));
#10334=DIRECTION('',(1.E0,0.E0,0.E0));
#10335=DIRECTION('',(0.E0,1.E0,0.E0));
#10336=AXIS2_PLACEMENT_3D('',#10333,#10334,#10335);
#10337=PLANE('',#10336);
#10338=ORIENTED_EDGE('',*,*,#10299,.T.);
#10340=ORIENTED_EDGE('',*,*,#10339,.T.);
#10341=ORIENTED_EDGE('',*,*,#10324,.F.);
#10342=ORIENTED_EDGE('',*,*,#8121,.F.);
#10343=EDGE_LOOP('',(#10338,#10340,#10341,#10342));
#10344=FACE_OUTER_BOUND('',#10343,.F.);
#10346=CARTESIAN_POINT('',(2.52E1,0.E0,-9.05E0));
#10347=DIRECTION('',(0.E0,0.E0,1.E0));
#10348=DIRECTION('',(1.E0,0.E0,0.E0));
#10349=AXIS2_PLACEMENT_3D('',#10346,#10347,#10348);
#10350=PLANE('',#10349);
#10351=ORIENTED_EDGE('',*,*,#10297,.F.);
#10352=ORIENTED_EDGE('',*,*,#10314,.F.);
#10353=ORIENTED_EDGE('',*,*,#10326,.F.);
#10354=ORIENTED_EDGE('',*,*,#10339,.F.);
#10355=EDGE_LOOP('',(#10351,#10352,#10353,#10354));
#10356=FACE_OUTER_BOUND('',#10355,.F.);
#10358=ORIENTED_EDGE('',*,*,#10357,.T.);
#10360=ORIENTED_EDGE('',*,*,#10359,.T.);
#10362=ORIENTED_EDGE('',*,*,#10361,.T.);
#10364=ORIENTED_EDGE('',*,*,#10363,.T.);
#10365=EDGE_LOOP('',(#10358,#10360,#10362,#10364));
#10366=FACE_BOUND('',#10365,.F.);
#10368=CARTESIAN_POINT('',(2.52E1,0.E0,-9.05E0));
#10369=DIRECTION('',(0.E0,0.E0,1.E0));
#10370=DIRECTION('',(1.E0,0.E0,0.E0));
#10371=AXIS2_PLACEMENT_3D('',#10368,#10369,#10370);
#10372=PLANE('',#10371);
#10374=ORIENTED_EDGE('',*,*,#10373,.F.);
#10376=ORIENTED_EDGE('',*,*,#10375,.F.);
#10378=ORIENTED_EDGE('',*,*,#10377,.F.);
#10380=ORIENTED_EDGE('',*,*,#10379,.F.);
#10382=ORIENTED_EDGE('',*,*,#10381,.F.);
#10384=ORIENTED_EDGE('',*,*,#10383,.F.);
#10385=EDGE_LOOP('',(#10374,#10376,#10378,#10380,#10382,#10384));
#10386=FACE_OUTER_BOUND('',#10385,.F.);
#10388=ORIENTED_EDGE('',*,*,#10387,.T.);
#10390=ORIENTED_EDGE('',*,*,#10389,.T.);
#10392=ORIENTED_EDGE('',*,*,#10391,.T.);
#10394=ORIENTED_EDGE('',*,*,#10393,.T.);
#10395=EDGE_LOOP('',(#10388,#10390,#10392,#10394));
#10396=FACE_BOUND('',#10395,.F.);
#10398=CARTESIAN_POINT('',(1.6E0,2.6E0,-9.05E0));
#10399=DIRECTION('',(-1.E0,0.E0,0.E0));
#10400=DIRECTION('',(0.E0,-1.E0,0.E0));
#10401=AXIS2_PLACEMENT_3D('',#10398,#10399,#10400);
#10402=PLANE('',#10401);
#10404=ORIENTED_EDGE('',*,*,#10403,.T.);
#10406=ORIENTED_EDGE('',*,*,#10405,.T.);
#10408=ORIENTED_EDGE('',*,*,#10407,.F.);
#10409=ORIENTED_EDGE('',*,*,#10387,.F.);
#10410=EDGE_LOOP('',(#10404,#10406,#10408,#10409));
#10411=FACE_OUTER_BOUND('',#10410,.F.);
#10413=CARTESIAN_POINT('',(2.6E0,2.6E0,-9.05E0));
#10414=DIRECTION('',(0.E0,1.E0,0.E0));
#10415=DIRECTION('',(-1.E0,0.E0,0.E0));
#10416=AXIS2_PLACEMENT_3D('',#10413,#10414,#10415);
#10417=PLANE('',#10416);
#10418=ORIENTED_EDGE('',*,*,#10403,.F.);
#10419=ORIENTED_EDGE('',*,*,#10393,.F.);
#10421=ORIENTED_EDGE('',*,*,#10420,.T.);
#10423=ORIENTED_EDGE('',*,*,#10422,.T.);
#10424=EDGE_LOOP('',(#10418,#10419,#10421,#10423));
#10425=FACE_OUTER_BOUND('',#10424,.F.);
#10427=CARTESIAN_POINT('',(2.6E0,1.6E0,-9.05E0));
#10428=DIRECTION('',(1.E0,0.E0,0.E0));
#10429=DIRECTION('',(0.E0,1.E0,0.E0));
#10430=AXIS2_PLACEMENT_3D('',#10427,#10428,#10429);
#10431=PLANE('',#10430);
#10433=ORIENTED_EDGE('',*,*,#10432,.T.);
#10435=ORIENTED_EDGE('',*,*,#10434,.T.);
#10436=ORIENTED_EDGE('',*,*,#10420,.F.);
#10437=ORIENTED_EDGE('',*,*,#10391,.F.);
#10438=EDGE_LOOP('',(#10433,#10435,#10436,#10437));
#10439=FACE_OUTER_BOUND('',#10438,.F.);
#10441=CARTESIAN_POINT('',(1.6E0,1.6E0,-9.05E0));
#10442=DIRECTION('',(0.E0,-1.E0,0.E0));
#10443=DIRECTION('',(1.E0,0.E0,0.E0));
#10444=AXIS2_PLACEMENT_3D('',#10441,#10442,#10443);
#10445=PLANE('',#10444);
#10446=ORIENTED_EDGE('',*,*,#10407,.T.);
#10448=ORIENTED_EDGE('',*,*,#10447,.T.);
#10449=ORIENTED_EDGE('',*,*,#10432,.F.);
#10450=ORIENTED_EDGE('',*,*,#10389,.F.);
#10451=EDGE_LOOP('',(#10446,#10448,#10449,#10450));
#10452=FACE_OUTER_BOUND('',#10451,.F.);
#10454=CARTESIAN_POINT('',(2.52E1,0.E0,-3.35E0));
#10455=DIRECTION('',(0.E0,0.E0,1.E0));
#10456=DIRECTION('',(1.E0,0.E0,0.E0));
#10457=AXIS2_PLACEMENT_3D('',#10454,#10455,#10456);
#10458=PLANE('',#10457);
#10459=ORIENTED_EDGE('',*,*,#10405,.F.);
#10460=ORIENTED_EDGE('',*,*,#10422,.F.);
#10461=ORIENTED_EDGE('',*,*,#10434,.F.);
#10462=ORIENTED_EDGE('',*,*,#10447,.F.);
#10463=EDGE_LOOP('',(#10459,#10460,#10461,#10462));
#10464=FACE_OUTER_BOUND('',#10463,.F.);
#10466=CARTESIAN_POINT('',(2.52E1,0.E0,-3.35E0));
#10467=DIRECTION('',(0.E0,0.E0,1.E0));
#10468=DIRECTION('',(1.E0,0.E0,0.E0));
#10469=AXIS2_PLACEMENT_3D('',#10466,#10467,#10468);
#10470=PLANE('',#10469);
#10472=ORIENTED_EDGE('',*,*,#10471,.F.);
#10474=ORIENTED_EDGE('',*,*,#10473,.F.);
#10476=ORIENTED_EDGE('',*,*,#10475,.F.);
#10478=ORIENTED_EDGE('',*,*,#10477,.F.);
#10479=EDGE_LOOP('',(#10472,#10474,#10476,#10478));
#10480=FACE_OUTER_BOUND('',#10479,.F.);
#10482=CARTESIAN_POINT('',(1.6E0,-2.6E0,-9.05E0));
#10483=DIRECTION('',(0.E0,-1.E0,0.E0));
#10484=DIRECTION('',(1.E0,0.E0,0.E0));
#10485=AXIS2_PLACEMENT_3D('',#10482,#10483,#10484);
#10486=PLANE('',#10485);
#10488=ORIENTED_EDGE('',*,*,#10487,.T.);
#10489=ORIENTED_EDGE('',*,*,#10471,.T.);
#10491=ORIENTED_EDGE('',*,*,#10490,.F.);
#10492=ORIENTED_EDGE('',*,*,#10357,.F.);
#10493=EDGE_LOOP('',(#10488,#10489,#10491,#10492));
#10494=FACE_OUTER_BOUND('',#10493,.F.);
#10496=CARTESIAN_POINT('',(1.6E0,-1.6E0,-9.05E0));
#10497=DIRECTION('',(-1.E0,0.E0,0.E0));
#10498=DIRECTION('',(0.E0,-1.E0,0.E0));
#10499=AXIS2_PLACEMENT_3D('',#10496,#10497,#10498);
#10500=PLANE('',#10499);
#10501=ORIENTED_EDGE('',*,*,#10487,.F.);
#10502=ORIENTED_EDGE('',*,*,#10363,.F.);
#10504=ORIENTED_EDGE('',*,*,#10503,.T.);
#10505=ORIENTED_EDGE('',*,*,#10473,.T.);
#10506=EDGE_LOOP('',(#10501,#10502,#10504,#10505));
#10507=FACE_OUTER_BOUND('',#10506,.F.);
#10509=CARTESIAN_POINT('',(2.6E0,-1.6E0,-9.05E0));
#10510=DIRECTION('',(0.E0,1.E0,0.E0));
#10511=DIRECTION('',(-1.E0,0.E0,0.E0));
#10512=AXIS2_PLACEMENT_3D('',#10509,#10510,#10511);
#10513=PLANE('',#10512);
#10515=ORIENTED_EDGE('',*,*,#10514,.T.);
#10516=ORIENTED_EDGE('',*,*,#10475,.T.);
#10517=ORIENTED_EDGE('',*,*,#10503,.F.);
#10518=ORIENTED_EDGE('',*,*,#10361,.F.);
#10519=EDGE_LOOP('',(#10515,#10516,#10517,#10518));
#10520=FACE_OUTER_BOUND('',#10519,.F.);
#10522=CARTESIAN_POINT('',(2.6E0,-2.6E0,-9.05E0));
#10523=DIRECTION('',(1.E0,0.E0,0.E0));
#10524=DIRECTION('',(0.E0,1.E0,0.E0));
#10525=AXIS2_PLACEMENT_3D('',#10522,#10523,#10524);
#10526=PLANE('',#10525);
#10527=ORIENTED_EDGE('',*,*,#10490,.T.);
#10528=ORIENTED_EDGE('',*,*,#10477,.T.);
#10529=ORIENTED_EDGE('',*,*,#10514,.F.);
#10530=ORIENTED_EDGE('',*,*,#10359,.F.);
#10531=EDGE_LOOP('',(#10527,#10528,#10529,#10530));
#10532=FACE_OUTER_BOUND('',#10531,.F.);
#10534=CARTESIAN_POINT('',(3.5E0,3.475E0,-4.525E0));
#10535=DIRECTION('',(-7.071067811865E-1,-7.071067811865E-1,0.E0));
#10536=DIRECTION('',(-7.071067811865E-1,7.071067811865E-1,0.E0));
#10537=AXIS2_PLACEMENT_3D('',#10534,#10535,#10536);
#10538=PLANE('',#10537);
#10539=ORIENTED_EDGE('',*,*,#10373,.T.);
#10541=ORIENTED_EDGE('',*,*,#10540,.F.);
#10542=ORIENTED_EDGE('',*,*,#8189,.T.);
#10544=ORIENTED_EDGE('',*,*,#10543,.T.);
#10545=EDGE_LOOP('',(#10539,#10541,#10542,#10544));
#10546=FACE_OUTER_BOUND('',#10545,.F.);
#10548=CARTESIAN_POINT('',(4.E0,3.975E0,0.E0));
#10549=DIRECTION('',(0.E0,1.E0,0.E0));
#10550=DIRECTION('',(-1.E0,0.E0,0.E0));
#10551=AXIS2_PLACEMENT_3D('',#10548,#10549,#10550);
#10552=PLANE('',#10551);
#10553=ORIENTED_EDGE('',*,*,#10540,.T.);
#10554=ORIENTED_EDGE('',*,*,#10383,.T.);
#10556=ORIENTED_EDGE('',*,*,#10555,.F.);
#10557=ORIENTED_EDGE('',*,*,#8179,.F.);
#10558=EDGE_LOOP('',(#10553,#10554,#10556,#10557));
#10559=FACE_OUTER_BOUND('',#10558,.F.);
#10561=CARTESIAN_POINT('',(7.E-1,3.475E0,-4.525E0));
#10562=DIRECTION('',(7.071067811865E-1,-7.071067811865E-1,0.E0));
#10563=DIRECTION('',(-7.071067811865E-1,-7.071067811865E-1,0.E0));
#10564=AXIS2_PLACEMENT_3D('',#10561,#10562,#10563);
#10565=PLANE('',#10564);
#10566=ORIENTED_EDGE('',*,*,#10381,.T.);
#10568=ORIENTED_EDGE('',*,*,#10567,.F.);
#10569=ORIENTED_EDGE('',*,*,#8181,.T.);
#10570=ORIENTED_EDGE('',*,*,#10555,.T.);
#10571=EDGE_LOOP('',(#10566,#10568,#10569,#10570));
#10572=FACE_OUTER_BOUND('',#10571,.F.);
#10574=CARTESIAN_POINT('',(2.E-1,3.975E0,0.E0));
#10575=DIRECTION('',(-1.E0,0.E0,0.E0));
#10576=DIRECTION('',(0.E0,-1.E0,0.E0));
#10577=AXIS2_PLACEMENT_3D('',#10574,#10575,#10576);
#10578=PLANE('',#10577);
#10579=ORIENTED_EDGE('',*,*,#10567,.T.);
#10580=ORIENTED_EDGE('',*,*,#10379,.T.);
#10582=ORIENTED_EDGE('',*,*,#10581,.F.);
#10583=ORIENTED_EDGE('',*,*,#8183,.F.);
#10584=EDGE_LOOP('',(#10579,#10580,#10582,#10583));
#10585=FACE_OUTER_BOUND('',#10584,.F.);
#10587=CARTESIAN_POINT('',(2.E-1,2.25E-1,0.E0));
#10588=DIRECTION('',(0.E0,-1.E0,0.E0));
#10589=DIRECTION('',(1.E0,0.E0,0.E0));
#10590=AXIS2_PLACEMENT_3D('',#10587,#10588,#10589);
#10591=PLANE('',#10590);
#10592=ORIENTED_EDGE('',*,*,#10581,.T.);
#10593=ORIENTED_EDGE('',*,*,#10377,.T.);
#10595=ORIENTED_EDGE('',*,*,#10594,.F.);
#10596=ORIENTED_EDGE('',*,*,#8185,.F.);
#10597=EDGE_LOOP('',(#10592,#10593,#10595,#10596));
#10598=FACE_OUTER_BOUND('',#10597,.F.);
#10600=CARTESIAN_POINT('',(4.E0,2.25E-1,0.E0));
#10601=DIRECTION('',(1.E0,0.E0,0.E0));
#10602=DIRECTION('',(0.E0,1.E0,0.E0));
#10603=AXIS2_PLACEMENT_3D('',#10600,#10601,#10602);
#10604=PLANE('',#10603);
#10605=ORIENTED_EDGE('',*,*,#10543,.F.);
#10606=ORIENTED_EDGE('',*,*,#8187,.F.);
#10607=ORIENTED_EDGE('',*,*,#10594,.T.);
#10608=ORIENTED_EDGE('',*,*,#10375,.T.);
#10609=EDGE_LOOP('',(#10605,#10606,#10607,#10608));
#10610=FACE_OUTER_BOUND('',#10609,.F.);
#10612=CARTESIAN_POINT('',(4.4E0,3.975E0,0.E0));
#10613=DIRECTION('',(-1.E0,0.E0,0.E0));
#10614=DIRECTION('',(0.E0,-1.E0,0.E0));
#10615=AXIS2_PLACEMENT_3D('',#10612,#10613,#10614);
#10616=PLANE('',#10615);
#10618=ORIENTED_EDGE('',*,*,#10617,.T.);
#10620=ORIENTED_EDGE('',*,*,#10619,.T.);
#10622=ORIENTED_EDGE('',*,*,#10621,.F.);
#10623=ORIENTED_EDGE('',*,*,#8129,.F.);
#10624=EDGE_LOOP('',(#10618,#10620,#10622,#10623));
#10625=FACE_OUTER_BOUND('',#10624,.F.);
#10627=CARTESIAN_POINT('',(8.2E0,3.975E0,0.E0));
#10628=DIRECTION('',(0.E0,1.E0,0.E0));
#10629=DIRECTION('',(-1.E0,0.E0,0.E0));
#10630=AXIS2_PLACEMENT_3D('',#10627,#10628,#10629);
#10631=PLANE('',#10630);
#10632=ORIENTED_EDGE('',*,*,#10617,.F.);
#10633=ORIENTED_EDGE('',*,*,#8135,.F.);
#10635=ORIENTED_EDGE('',*,*,#10634,.T.);
#10637=ORIENTED_EDGE('',*,*,#10636,.T.);
#10638=EDGE_LOOP('',(#10632,#10633,#10635,#10637));
#10639=FACE_OUTER_BOUND('',#10638,.F.);
#10641=CARTESIAN_POINT('',(8.2E0,2.25E-1,0.E0));
#10642=DIRECTION('',(1.E0,0.E0,0.E0));
#10643=DIRECTION('',(0.E0,1.E0,0.E0));
#10644=AXIS2_PLACEMENT_3D('',#10641,#10642,#10643);
#10645=PLANE('',#10644);
#10647=ORIENTED_EDGE('',*,*,#10646,.T.);
#10649=ORIENTED_EDGE('',*,*,#10648,.T.);
#10650=ORIENTED_EDGE('',*,*,#10634,.F.);
#10651=ORIENTED_EDGE('',*,*,#8133,.F.);
#10652=EDGE_LOOP('',(#10647,#10649,#10650,#10651));
#10653=FACE_OUTER_BOUND('',#10652,.F.);
#10655=CARTESIAN_POINT('',(4.4E0,2.25E-1,0.E0));
#10656=DIRECTION('',(0.E0,-1.E0,0.E0));
#10657=DIRECTION('',(1.E0,0.E0,0.E0));
#10658=AXIS2_PLACEMENT_3D('',#10655,#10656,#10657);
#10659=PLANE('',#10658);
#10660=ORIENTED_EDGE('',*,*,#10621,.T.);
#10662=ORIENTED_EDGE('',*,*,#10661,.T.);
#10663=ORIENTED_EDGE('',*,*,#10646,.F.);
#10664=ORIENTED_EDGE('',*,*,#8131,.F.);
#10665=EDGE_LOOP('',(#10660,#10662,#10663,#10664));
#10666=FACE_OUTER_BOUND('',#10665,.F.);
#10668=CARTESIAN_POINT('',(2.94E1,0.E0,-9.05E0));
#10669=DIRECTION('',(0.E0,0.E0,1.E0));
#10670=DIRECTION('',(1.E0,0.E0,0.E0));
#10671=AXIS2_PLACEMENT_3D('',#10668,#10669,#10670);
#10672=PLANE('',#10671);
#10673=ORIENTED_EDGE('',*,*,#10619,.F.);
#10674=ORIENTED_EDGE('',*,*,#10636,.F.);
#10675=ORIENTED_EDGE('',*,*,#10648,.F.);
#10676=ORIENTED_EDGE('',*,*,#10661,.F.);
#10677=EDGE_LOOP('',(#10673,#10674,#10675,#10676));
#10678=FACE_OUTER_BOUND('',#10677,.F.);
#10680=ORIENTED_EDGE('',*,*,#10679,.T.);
#10682=ORIENTED_EDGE('',*,*,#10681,.T.);
#10684=ORIENTED_EDGE('',*,*,#10683,.T.);
#10686=ORIENTED_EDGE('',*,*,#10685,.T.);
#10687=EDGE_LOOP('',(#10680,#10682,#10684,#10686));
#10688=FACE_BOUND('',#10687,.F.);
#10690=CARTESIAN_POINT('',(2.94E1,0.E0,-9.05E0));
#10691=DIRECTION('',(0.E0,0.E0,1.E0));
#10692=DIRECTION('',(1.E0,0.E0,0.E0));
#10693=AXIS2_PLACEMENT_3D('',#10690,#10691,#10692);
#10694=PLANE('',#10693);
#10696=ORIENTED_EDGE('',*,*,#10695,.F.);
#10698=ORIENTED_EDGE('',*,*,#10697,.F.);
#10700=ORIENTED_EDGE('',*,*,#10699,.F.);
#10702=ORIENTED_EDGE('',*,*,#10701,.F.);
#10704=ORIENTED_EDGE('',*,*,#10703,.F.);
#10706=ORIENTED_EDGE('',*,*,#10705,.F.);
#10707=EDGE_LOOP('',(#10696,#10698,#10700,#10702,#10704,#10706));
#10708=FACE_OUTER_BOUND('',#10707,.F.);
#10710=ORIENTED_EDGE('',*,*,#10709,.T.);
#10712=ORIENTED_EDGE('',*,*,#10711,.T.);
#10714=ORIENTED_EDGE('',*,*,#10713,.T.);
#10716=ORIENTED_EDGE('',*,*,#10715,.T.);
#10717=EDGE_LOOP('',(#10710,#10712,#10714,#10716));
#10718=FACE_BOUND('',#10717,.F.);
#10720=CARTESIAN_POINT('',(5.8E0,2.6E0,-9.05E0));
#10721=DIRECTION('',(-1.E0,0.E0,0.E0));
#10722=DIRECTION('',(0.E0,-1.E0,0.E0));
#10723=AXIS2_PLACEMENT_3D('',#10720,#10721,#10722);
#10724=PLANE('',#10723);
#10726=ORIENTED_EDGE('',*,*,#10725,.T.);
#10728=ORIENTED_EDGE('',*,*,#10727,.T.);
#10730=ORIENTED_EDGE('',*,*,#10729,.F.);
#10731=ORIENTED_EDGE('',*,*,#10679,.F.);
#10732=EDGE_LOOP('',(#10726,#10728,#10730,#10731));
#10733=FACE_OUTER_BOUND('',#10732,.F.);
#10735=CARTESIAN_POINT('',(6.8E0,2.6E0,-9.05E0));
#10736=DIRECTION('',(0.E0,1.E0,0.E0));
#10737=DIRECTION('',(-1.E0,0.E0,0.E0));
#10738=AXIS2_PLACEMENT_3D('',#10735,#10736,#10737);
#10739=PLANE('',#10738);
#10740=ORIENTED_EDGE('',*,*,#10725,.F.);
#10741=ORIENTED_EDGE('',*,*,#10685,.F.);
#10743=ORIENTED_EDGE('',*,*,#10742,.T.);
#10745=ORIENTED_EDGE('',*,*,#10744,.T.);
#10746=EDGE_LOOP('',(#10740,#10741,#10743,#10745));
#10747=FACE_OUTER_BOUND('',#10746,.F.);
#10749=CARTESIAN_POINT('',(6.8E0,1.6E0,-9.05E0));
#10750=DIRECTION('',(1.E0,0.E0,0.E0));
#10751=DIRECTION('',(0.E0,1.E0,0.E0));
#10752=AXIS2_PLACEMENT_3D('',#10749,#10750,#10751);
#10753=PLANE('',#10752);
#10755=ORIENTED_EDGE('',*,*,#10754,.T.);
#10757=ORIENTED_EDGE('',*,*,#10756,.T.);
#10758=ORIENTED_EDGE('',*,*,#10742,.F.);
#10759=ORIENTED_EDGE('',*,*,#10683,.F.);
#10760=EDGE_LOOP('',(#10755,#10757,#10758,#10759));
#10761=FACE_OUTER_BOUND('',#10760,.F.);
#10763=CARTESIAN_POINT('',(5.8E0,1.6E0,-9.05E0));
#10764=DIRECTION('',(0.E0,-1.E0,0.E0));
#10765=DIRECTION('',(1.E0,0.E0,0.E0));
#10766=AXIS2_PLACEMENT_3D('',#10763,#10764,#10765);
#10767=PLANE('',#10766);
#10768=ORIENTED_EDGE('',*,*,#10729,.T.);
#10770=ORIENTED_EDGE('',*,*,#10769,.T.);
#10771=ORIENTED_EDGE('',*,*,#10754,.F.);
#10772=ORIENTED_EDGE('',*,*,#10681,.F.);
#10773=EDGE_LOOP('',(#10768,#10770,#10771,#10772));
#10774=FACE_OUTER_BOUND('',#10773,.F.);
#10776=CARTESIAN_POINT('',(2.94E1,0.E0,-3.35E0));
#10777=DIRECTION('',(0.E0,0.E0,1.E0));
#10778=DIRECTION('',(1.E0,0.E0,0.E0));
#10779=AXIS2_PLACEMENT_3D('',#10776,#10777,#10778);
#10780=PLANE('',#10779);
#10781=ORIENTED_EDGE('',*,*,#10727,.F.);
#10782=ORIENTED_EDGE('',*,*,#10744,.F.);
#10783=ORIENTED_EDGE('',*,*,#10756,.F.);
#10784=ORIENTED_EDGE('',*,*,#10769,.F.);
#10785=EDGE_LOOP('',(#10781,#10782,#10783,#10784));
#10786=FACE_OUTER_BOUND('',#10785,.F.);
#10788=CARTESIAN_POINT('',(2.94E1,0.E0,-3.35E0));
#10789=DIRECTION('',(0.E0,0.E0,1.E0));
#10790=DIRECTION('',(1.E0,0.E0,0.E0));
#10791=AXIS2_PLACEMENT_3D('',#10788,#10789,#10790);
#10792=PLANE('',#10791);
#10794=ORIENTED_EDGE('',*,*,#10793,.F.);
#10796=ORIENTED_EDGE('',*,*,#10795,.F.);
#10798=ORIENTED_EDGE('',*,*,#10797,.F.);
#10800=ORIENTED_EDGE('',*,*,#10799,.F.);
#10801=EDGE_LOOP('',(#10794,#10796,#10798,#10800));
#10802=FACE_OUTER_BOUND('',#10801,.F.);
#10804=CARTESIAN_POINT('',(5.8E0,-2.6E0,-9.05E0));
#10805=DIRECTION('',(0.E0,-1.E0,0.E0));
#10806=DIRECTION('',(1.E0,0.E0,0.E0));
#10807=AXIS2_PLACEMENT_3D('',#10804,#10805,#10806);
#10808=PLANE('',#10807);
#10810=ORIENTED_EDGE('',*,*,#10809,.T.);
#10811=ORIENTED_EDGE('',*,*,#10793,.T.);
#10813=ORIENTED_EDGE('',*,*,#10812,.F.);
#10814=ORIENTED_EDGE('',*,*,#10709,.F.);
#10815=EDGE_LOOP('',(#10810,#10811,#10813,#10814));
#10816=FACE_OUTER_BOUND('',#10815,.F.);
#10818=CARTESIAN_POINT('',(5.8E0,-1.6E0,-9.05E0));
#10819=DIRECTION('',(-1.E0,0.E0,0.E0));
#10820=DIRECTION('',(0.E0,-1.E0,0.E0));
#10821=AXIS2_PLACEMENT_3D('',#10818,#10819,#10820);
#10822=PLANE('',#10821);
#10823=ORIENTED_EDGE('',*,*,#10809,.F.);
#10824=ORIENTED_EDGE('',*,*,#10715,.F.);
#10826=ORIENTED_EDGE('',*,*,#10825,.T.);
#10827=ORIENTED_EDGE('',*,*,#10795,.T.);
#10828=EDGE_LOOP('',(#10823,#10824,#10826,#10827));
#10829=FACE_OUTER_BOUND('',#10828,.F.);
#10831=CARTESIAN_POINT('',(6.8E0,-1.6E0,-9.05E0));
#10832=DIRECTION('',(0.E0,1.E0,0.E0));
#10833=DIRECTION('',(-1.E0,0.E0,0.E0));
#10834=AXIS2_PLACEMENT_3D('',#10831,#10832,#10833);
#10835=PLANE('',#10834);
#10837=ORIENTED_EDGE('',*,*,#10836,.T.);
#10838=ORIENTED_EDGE('',*,*,#10797,.T.);
#10839=ORIENTED_EDGE('',*,*,#10825,.F.);
#10840=ORIENTED_EDGE('',*,*,#10713,.F.);
#10841=EDGE_LOOP('',(#10837,#10838,#10839,#10840));
#10842=FACE_OUTER_BOUND('',#10841,.F.);
#10844=CARTESIAN_POINT('',(6.8E0,-2.6E0,-9.05E0));
#10845=DIRECTION('',(1.E0,0.E0,0.E0));
#10846=DIRECTION('',(0.E0,1.E0,0.E0));
#10847=AXIS2_PLACEMENT_3D('',#10844,#10845,#10846);
#10848=PLANE('',#10847);
#10849=ORIENTED_EDGE('',*,*,#10812,.T.);
#10850=ORIENTED_EDGE('',*,*,#10799,.T.);
#10851=ORIENTED_EDGE('',*,*,#10836,.F.);
#10852=ORIENTED_EDGE('',*,*,#10711,.F.);
#10853=EDGE_LOOP('',(#10849,#10850,#10851,#10852));
#10854=FACE_OUTER_BOUND('',#10853,.F.);
#10856=CARTESIAN_POINT('',(7.7E0,-7.25E-1,-4.525E0));
#10857=DIRECTION('',(-7.071067811865E-1,-7.071067811865E-1,0.E0));
#10858=DIRECTION('',(-7.071067811865E-1,7.071067811865E-1,0.E0));
#10859=AXIS2_PLACEMENT_3D('',#10856,#10857,#10858);
#10860=PLANE('',#10859);
#10861=ORIENTED_EDGE('',*,*,#10695,.T.);
#10863=ORIENTED_EDGE('',*,*,#10862,.F.);
#10864=ORIENTED_EDGE('',*,*,#8195,.T.);
#10866=ORIENTED_EDGE('',*,*,#10865,.T.);
#10867=EDGE_LOOP('',(#10861,#10863,#10864,#10866));
#10868=FACE_OUTER_BOUND('',#10867,.F.);
#10870=CARTESIAN_POINT('',(8.2E0,-2.25E-1,0.E0));
#10871=DIRECTION('',(0.E0,1.E0,0.E0));
#10872=DIRECTION('',(-1.E0,0.E0,0.E0));
#10873=AXIS2_PLACEMENT_3D('',#10870,#10871,#10872);
#10874=PLANE('',#10873);
#10875=ORIENTED_EDGE('',*,*,#10862,.T.);
#10876=ORIENTED_EDGE('',*,*,#10705,.T.);
#10878=ORIENTED_EDGE('',*,*,#10877,.F.);
#10879=ORIENTED_EDGE('',*,*,#8197,.F.);
#10880=EDGE_LOOP('',(#10875,#10876,#10878,#10879));
#10881=FACE_OUTER_BOUND('',#10880,.F.);
#10883=CARTESIAN_POINT('',(4.9E0,-7.25E-1,-4.525E0));
#10884=DIRECTION('',(7.071067811865E-1,-7.071067811865E-1,0.E0));
#10885=DIRECTION('',(-7.071067811865E-1,-7.071067811865E-1,0.E0));
#10886=AXIS2_PLACEMENT_3D('',#10883,#10884,#10885);
#10887=PLANE('',#10886);
#10888=ORIENTED_EDGE('',*,*,#10703,.T.);
#10890=ORIENTED_EDGE('',*,*,#10889,.F.);
#10891=ORIENTED_EDGE('',*,*,#8199,.T.);
#10892=ORIENTED_EDGE('',*,*,#10877,.T.);
#10893=EDGE_LOOP('',(#10888,#10890,#10891,#10892));
#10894=FACE_OUTER_BOUND('',#10893,.F.);
#10896=CARTESIAN_POINT('',(4.4E0,-2.25E-1,0.E0));
#10897=DIRECTION('',(-1.E0,0.E0,0.E0));
#10898=DIRECTION('',(0.E0,-1.E0,0.E0));
#10899=AXIS2_PLACEMENT_3D('',#10896,#10897,#10898);
#10900=PLANE('',#10899);
#10901=ORIENTED_EDGE('',*,*,#10889,.T.);
#10902=ORIENTED_EDGE('',*,*,#10701,.T.);
#10904=ORIENTED_EDGE('',*,*,#10903,.F.);
#10905=ORIENTED_EDGE('',*,*,#8201,.F.);
#10906=EDGE_LOOP('',(#10901,#10902,#10904,#10905));
#10907=FACE_OUTER_BOUND('',#10906,.F.);
#10909=CARTESIAN_POINT('',(4.4E0,-3.975E0,0.E0));
#10910=DIRECTION('',(0.E0,-1.E0,0.E0));
#10911=DIRECTION('',(1.E0,0.E0,0.E0));
#10912=AXIS2_PLACEMENT_3D('',#10909,#10910,#10911);
#10913=PLANE('',#10912);
#10914=ORIENTED_EDGE('',*,*,#10903,.T.);
#10915=ORIENTED_EDGE('',*,*,#10699,.T.);
#10917=ORIENTED_EDGE('',*,*,#10916,.F.);
#10918=ORIENTED_EDGE('',*,*,#8203,.F.);
#10919=EDGE_LOOP('',(#10914,#10915,#10917,#10918));
#10920=FACE_OUTER_BOUND('',#10919,.F.);
#10922=CARTESIAN_POINT('',(8.2E0,-3.975E0,0.E0));
#10923=DIRECTION('',(1.E0,0.E0,0.E0));
#10924=DIRECTION('',(0.E0,1.E0,0.E0));
#10925=AXIS2_PLACEMENT_3D('',#10922,#10923,#10924);
#10926=PLANE('',#10925);
#10927=ORIENTED_EDGE('',*,*,#10865,.F.);
#10928=ORIENTED_EDGE('',*,*,#8193,.F.);
#10929=ORIENTED_EDGE('',*,*,#10916,.T.);
#10930=ORIENTED_EDGE('',*,*,#10697,.T.);
#10931=EDGE_LOOP('',(#10927,#10928,#10929,#10930));
#10932=FACE_OUTER_BOUND('',#10931,.F.);
#10934=CARTESIAN_POINT('',(8.6E0,3.975E0,0.E0));
#10935=DIRECTION('',(-1.E0,0.E0,0.E0));
#10936=DIRECTION('',(0.E0,-1.E0,0.E0));
#10937=AXIS2_PLACEMENT_3D('',#10934,#10935,#10936);
#10938=PLANE('',#10937);
#10940=ORIENTED_EDGE('',*,*,#10939,.T.);
#10942=ORIENTED_EDGE('',*,*,#10941,.T.);
#10944=ORIENTED_EDGE('',*,*,#10943,.F.);
#10945=ORIENTED_EDGE('',*,*,#8139,.F.);
#10946=EDGE_LOOP('',(#10940,#10942,#10944,#10945));
#10947=FACE_OUTER_BOUND('',#10946,.F.);
#10949=CARTESIAN_POINT('',(1.24E1,3.975E0,0.E0));
#10950=DIRECTION('',(0.E0,1.E0,0.E0));
#10951=DIRECTION('',(-1.E0,0.E0,0.E0));
#10952=AXIS2_PLACEMENT_3D('',#10949,#10950,#10951);
#10953=PLANE('',#10952);
#10954=ORIENTED_EDGE('',*,*,#10939,.F.);
#10955=ORIENTED_EDGE('',*,*,#8145,.F.);
#10957=ORIENTED_EDGE('',*,*,#10956,.T.);
#10959=ORIENTED_EDGE('',*,*,#10958,.T.);
#10960=EDGE_LOOP('',(#10954,#10955,#10957,#10959));
#10961=FACE_OUTER_BOUND('',#10960,.F.);
#10963=CARTESIAN_POINT('',(1.24E1,2.25E-1,0.E0));
#10964=DIRECTION('',(1.E0,0.E0,0.E0));
#10965=DIRECTION('',(0.E0,1.E0,0.E0));
#10966=AXIS2_PLACEMENT_3D('',#10963,#10964,#10965);
#10967=PLANE('',#10966);
#10969=ORIENTED_EDGE('',*,*,#10968,.T.);
#10971=ORIENTED_EDGE('',*,*,#10970,.T.);
#10972=ORIENTED_EDGE('',*,*,#10956,.F.);
#10973=ORIENTED_EDGE('',*,*,#8143,.F.);
#10974=EDGE_LOOP('',(#10969,#10971,#10972,#10973));
#10975=FACE_OUTER_BOUND('',#10974,.F.);
#10977=CARTESIAN_POINT('',(8.6E0,2.25E-1,0.E0));
#10978=DIRECTION('',(0.E0,-1.E0,0.E0));
#10979=DIRECTION('',(1.E0,0.E0,0.E0));
#10980=AXIS2_PLACEMENT_3D('',#10977,#10978,#10979);
#10981=PLANE('',#10980);
#10982=ORIENTED_EDGE('',*,*,#10943,.T.);
#10984=ORIENTED_EDGE('',*,*,#10983,.T.);
#10985=ORIENTED_EDGE('',*,*,#10968,.F.);
#10986=ORIENTED_EDGE('',*,*,#8141,.F.);
#10987=EDGE_LOOP('',(#10982,#10984,#10985,#10986));
#10988=FACE_OUTER_BOUND('',#10987,.F.);
#10990=CARTESIAN_POINT('',(3.36E1,0.E0,-9.05E0));
#10991=DIRECTION('',(0.E0,0.E0,1.E0));
#10992=DIRECTION('',(1.E0,0.E0,0.E0));
#10993=AXIS2_PLACEMENT_3D('',#10990,#10991,#10992);
#10994=PLANE('',#10993);
#10995=ORIENTED_EDGE('',*,*,#10941,.F.);
#10996=ORIENTED_EDGE('',*,*,#10958,.F.);
#10997=ORIENTED_EDGE('',*,*,#10970,.F.);
#10998=ORIENTED_EDGE('',*,*,#10983,.F.);
#10999=EDGE_LOOP('',(#10995,#10996,#10997,#10998));
#11000=FACE_OUTER_BOUND('',#10999,.F.);
#11002=ORIENTED_EDGE('',*,*,#11001,.T.);
#11004=ORIENTED_EDGE('',*,*,#11003,.T.);
#11006=ORIENTED_EDGE('',*,*,#11005,.T.);
#11008=ORIENTED_EDGE('',*,*,#11007,.T.);
#11009=EDGE_LOOP('',(#11002,#11004,#11006,#11008));
#11010=FACE_BOUND('',#11009,.F.);
#11012=CARTESIAN_POINT('',(3.36E1,0.E0,-9.05E0));
#11013=DIRECTION('',(0.E0,0.E0,1.E0));
#11014=DIRECTION('',(1.E0,0.E0,0.E0));
#11015=AXIS2_PLACEMENT_3D('',#11012,#11013,#11014);
#11016=PLANE('',#11015);
#11018=ORIENTED_EDGE('',*,*,#11017,.F.);
#11020=ORIENTED_EDGE('',*,*,#11019,.F.);
#11022=ORIENTED_EDGE('',*,*,#11021,.F.);
#11024=ORIENTED_EDGE('',*,*,#11023,.F.);
#11026=ORIENTED_EDGE('',*,*,#11025,.F.);
#11028=ORIENTED_EDGE('',*,*,#11027,.F.);
#11029=EDGE_LOOP('',(#11018,#11020,#11022,#11024,#11026,#11028));
#11030=FACE_OUTER_BOUND('',#11029,.F.);
#11032=ORIENTED_EDGE('',*,*,#11031,.T.);
#11034=ORIENTED_EDGE('',*,*,#11033,.T.);
#11036=ORIENTED_EDGE('',*,*,#11035,.T.);
#11038=ORIENTED_EDGE('',*,*,#11037,.T.);
#11039=EDGE_LOOP('',(#11032,#11034,#11036,#11038));
#11040=FACE_BOUND('',#11039,.F.);
#11042=CARTESIAN_POINT('',(1.E1,2.6E0,-9.05E0));
#11043=DIRECTION('',(-1.E0,0.E0,0.E0));
#11044=DIRECTION('',(0.E0,-1.E0,0.E0));
#11045=AXIS2_PLACEMENT_3D('',#11042,#11043,#11044);
#11046=PLANE('',#11045);
#11048=ORIENTED_EDGE('',*,*,#11047,.T.);
#11050=ORIENTED_EDGE('',*,*,#11049,.T.);
#11052=ORIENTED_EDGE('',*,*,#11051,.F.);
#11053=ORIENTED_EDGE('',*,*,#11001,.F.);
#11054=EDGE_LOOP('',(#11048,#11050,#11052,#11053));
#11055=FACE_OUTER_BOUND('',#11054,.F.);
#11057=CARTESIAN_POINT('',(1.1E1,2.6E0,-9.05E0));
#11058=DIRECTION('',(0.E0,1.E0,0.E0));
#11059=DIRECTION('',(-1.E0,0.E0,0.E0));
#11060=AXIS2_PLACEMENT_3D('',#11057,#11058,#11059);
#11061=PLANE('',#11060);
#11062=ORIENTED_EDGE('',*,*,#11047,.F.);
#11063=ORIENTED_EDGE('',*,*,#11007,.F.);
#11065=ORIENTED_EDGE('',*,*,#11064,.T.);
#11067=ORIENTED_EDGE('',*,*,#11066,.T.);
#11068=EDGE_LOOP('',(#11062,#11063,#11065,#11067));
#11069=FACE_OUTER_BOUND('',#11068,.F.);
#11071=CARTESIAN_POINT('',(1.1E1,1.6E0,-9.05E0));
#11072=DIRECTION('',(1.E0,0.E0,0.E0));
#11073=DIRECTION('',(0.E0,1.E0,0.E0));
#11074=AXIS2_PLACEMENT_3D('',#11071,#11072,#11073);
#11075=PLANE('',#11074);
#11077=ORIENTED_EDGE('',*,*,#11076,.T.);
#11079=ORIENTED_EDGE('',*,*,#11078,.T.);
#11080=ORIENTED_EDGE('',*,*,#11064,.F.);
#11081=ORIENTED_EDGE('',*,*,#11005,.F.);
#11082=EDGE_LOOP('',(#11077,#11079,#11080,#11081));
#11083=FACE_OUTER_BOUND('',#11082,.F.);
#11085=CARTESIAN_POINT('',(1.E1,1.6E0,-9.05E0));
#11086=DIRECTION('',(0.E0,-1.E0,0.E0));
#11087=DIRECTION('',(1.E0,0.E0,0.E0));
#11088=AXIS2_PLACEMENT_3D('',#11085,#11086,#11087);
#11089=PLANE('',#11088);
#11090=ORIENTED_EDGE('',*,*,#11051,.T.);
#11092=ORIENTED_EDGE('',*,*,#11091,.T.);
#11093=ORIENTED_EDGE('',*,*,#11076,.F.);
#11094=ORIENTED_EDGE('',*,*,#11003,.F.);
#11095=EDGE_LOOP('',(#11090,#11092,#11093,#11094));
#11096=FACE_OUTER_BOUND('',#11095,.F.);
#11098=CARTESIAN_POINT('',(3.36E1,0.E0,-3.35E0));
#11099=DIRECTION('',(0.E0,0.E0,1.E0));
#11100=DIRECTION('',(1.E0,0.E0,0.E0));
#11101=AXIS2_PLACEMENT_3D('',#11098,#11099,#11100);
#11102=PLANE('',#11101);
#11103=ORIENTED_EDGE('',*,*,#11049,.F.);
#11104=ORIENTED_EDGE('',*,*,#11066,.F.);
#11105=ORIENTED_EDGE('',*,*,#11078,.F.);
#11106=ORIENTED_EDGE('',*,*,#11091,.F.);
#11107=EDGE_LOOP('',(#11103,#11104,#11105,#11106));
#11108=FACE_OUTER_BOUND('',#11107,.F.);
#11110=CARTESIAN_POINT('',(3.36E1,0.E0,-3.35E0));
#11111=DIRECTION('',(0.E0,0.E0,1.E0));
#11112=DIRECTION('',(1.E0,0.E0,0.E0));
#11113=AXIS2_PLACEMENT_3D('',#11110,#11111,#11112);
#11114=PLANE('',#11113);
#11116=ORIENTED_EDGE('',*,*,#11115,.F.);
#11118=ORIENTED_EDGE('',*,*,#11117,.F.);
#11120=ORIENTED_EDGE('',*,*,#11119,.F.);
#11122=ORIENTED_EDGE('',*,*,#11121,.F.);
#11123=EDGE_LOOP('',(#11116,#11118,#11120,#11122));
#11124=FACE_OUTER_BOUND('',#11123,.F.);
#11126=CARTESIAN_POINT('',(1.E1,-2.6E0,-9.05E0));
#11127=DIRECTION('',(0.E0,-1.E0,0.E0));
#11128=DIRECTION('',(1.E0,0.E0,0.E0));
#11129=AXIS2_PLACEMENT_3D('',#11126,#11127,#11128);
#11130=PLANE('',#11129);
#11132=ORIENTED_EDGE('',*,*,#11131,.T.);
#11133=ORIENTED_EDGE('',*,*,#11115,.T.);
#11135=ORIENTED_EDGE('',*,*,#11134,.F.);
#11136=ORIENTED_EDGE('',*,*,#11031,.F.);
#11137=EDGE_LOOP('',(#11132,#11133,#11135,#11136));
#11138=FACE_OUTER_BOUND('',#11137,.F.);
#11140=CARTESIAN_POINT('',(1.E1,-1.6E0,-9.05E0));
#11141=DIRECTION('',(-1.E0,0.E0,0.E0));
#11142=DIRECTION('',(0.E0,-1.E0,0.E0));
#11143=AXIS2_PLACEMENT_3D('',#11140,#11141,#11142);
#11144=PLANE('',#11143);
#11145=ORIENTED_EDGE('',*,*,#11131,.F.);
#11146=ORIENTED_EDGE('',*,*,#11037,.F.);
#11148=ORIENTED_EDGE('',*,*,#11147,.T.);
#11149=ORIENTED_EDGE('',*,*,#11117,.T.);
#11150=EDGE_LOOP('',(#11145,#11146,#11148,#11149));
#11151=FACE_OUTER_BOUND('',#11150,.F.);
#11153=CARTESIAN_POINT('',(1.1E1,-1.6E0,-9.05E0));
#11154=DIRECTION('',(0.E0,1.E0,0.E0));
#11155=DIRECTION('',(-1.E0,0.E0,0.E0));
#11156=AXIS2_PLACEMENT_3D('',#11153,#11154,#11155);
#11157=PLANE('',#11156);
#11159=ORIENTED_EDGE('',*,*,#11158,.T.);
#11160=ORIENTED_EDGE('',*,*,#11119,.T.);
#11161=ORIENTED_EDGE('',*,*,#11147,.F.);
#11162=ORIENTED_EDGE('',*,*,#11035,.F.);
#11163=EDGE_LOOP('',(#11159,#11160,#11161,#11162));
#11164=FACE_OUTER_BOUND('',#11163,.F.);
#11166=CARTESIAN_POINT('',(1.1E1,-2.6E0,-9.05E0));
#11167=DIRECTION('',(1.E0,0.E0,0.E0));
#11168=DIRECTION('',(0.E0,1.E0,0.E0));
#11169=AXIS2_PLACEMENT_3D('',#11166,#11167,#11168);
#11170=PLANE('',#11169);
#11171=ORIENTED_EDGE('',*,*,#11134,.T.);
#11172=ORIENTED_EDGE('',*,*,#11121,.T.);
#11173=ORIENTED_EDGE('',*,*,#11158,.F.);
#11174=ORIENTED_EDGE('',*,*,#11033,.F.);
#11175=EDGE_LOOP('',(#11171,#11172,#11173,#11174));
#11176=FACE_OUTER_BOUND('',#11175,.F.);
#11178=CARTESIAN_POINT('',(1.19E1,-7.25E-1,-4.525E0));
#11179=DIRECTION('',(-7.071067811865E-1,-7.071067811865E-1,0.E0));
#11180=DIRECTION('',(-7.071067811865E-1,7.071067811865E-1,0.E0));
#11181=AXIS2_PLACEMENT_3D('',#11178,#11179,#11180);
#11182=PLANE('',#11181);
#11183=ORIENTED_EDGE('',*,*,#11017,.T.);
#11185=ORIENTED_EDGE('',*,*,#11184,.F.);
#11186=ORIENTED_EDGE('',*,*,#8209,.T.);
#11188=ORIENTED_EDGE('',*,*,#11187,.T.);
#11189=EDGE_LOOP('',(#11183,#11185,#11186,#11188));
#11190=FACE_OUTER_BOUND('',#11189,.F.);
#11192=CARTESIAN_POINT('',(1.24E1,-2.25E-1,0.E0));
#11193=DIRECTION('',(0.E0,1.E0,0.E0));
#11194=DIRECTION('',(-1.E0,0.E0,0.E0));
#11195=AXIS2_PLACEMENT_3D('',#11192,#11193,#11194);
#11196=PLANE('',#11195);
#11197=ORIENTED_EDGE('',*,*,#11184,.T.);
#11198=ORIENTED_EDGE('',*,*,#11027,.T.);
#11200=ORIENTED_EDGE('',*,*,#11199,.F.);
#11201=ORIENTED_EDGE('',*,*,#8211,.F.);
#11202=EDGE_LOOP('',(#11197,#11198,#11200,#11201));
#11203=FACE_OUTER_BOUND('',#11202,.F.);
#11205=CARTESIAN_POINT('',(9.1E0,-7.25E-1,-4.525E0));
#11206=DIRECTION('',(7.071067811865E-1,-7.071067811865E-1,0.E0));
#11207=DIRECTION('',(-7.071067811865E-1,-7.071067811865E-1,0.E0));
#11208=AXIS2_PLACEMENT_3D('',#11205,#11206,#11207);
#11209=PLANE('',#11208);
#11210=ORIENTED_EDGE('',*,*,#11025,.T.);
#11212=ORIENTED_EDGE('',*,*,#11211,.F.);
#11213=ORIENTED_EDGE('',*,*,#8213,.T.);
#11214=ORIENTED_EDGE('',*,*,#11199,.T.);
#11215=EDGE_LOOP('',(#11210,#11212,#11213,#11214));
#11216=FACE_OUTER_BOUND('',#11215,.F.);
#11218=CARTESIAN_POINT('',(8.6E0,-2.25E-1,0.E0));
#11219=DIRECTION('',(-1.E0,0.E0,0.E0));
#11220=DIRECTION('',(0.E0,-1.E0,0.E0));
#11221=AXIS2_PLACEMENT_3D('',#11218,#11219,#11220);
#11222=PLANE('',#11221);
#11223=ORIENTED_EDGE('',*,*,#11211,.T.);
#11224=ORIENTED_EDGE('',*,*,#11023,.T.);
#11226=ORIENTED_EDGE('',*,*,#11225,.F.);
#11227=ORIENTED_EDGE('',*,*,#8215,.F.);
#11228=EDGE_LOOP('',(#11223,#11224,#11226,#11227));
#11229=FACE_OUTER_BOUND('',#11228,.F.);
#11231=CARTESIAN_POINT('',(8.6E0,-3.975E0,0.E0));
#11232=DIRECTION('',(0.E0,-1.E0,0.E0));
#11233=DIRECTION('',(1.E0,0.E0,0.E0));
#11234=AXIS2_PLACEMENT_3D('',#11231,#11232,#11233);
#11235=PLANE('',#11234);
#11236=ORIENTED_EDGE('',*,*,#11225,.T.);
#11237=ORIENTED_EDGE('',*,*,#11021,.T.);
#11239=ORIENTED_EDGE('',*,*,#11238,.F.);
#11240=ORIENTED_EDGE('',*,*,#8217,.F.);
#11241=EDGE_LOOP('',(#11236,#11237,#11239,#11240));
#11242=FACE_OUTER_BOUND('',#11241,.F.);
#11244=CARTESIAN_POINT('',(1.24E1,-3.975E0,0.E0));
#11245=DIRECTION('',(1.E0,0.E0,0.E0));
#11246=DIRECTION('',(0.E0,1.E0,0.E0));
#11247=AXIS2_PLACEMENT_3D('',#11244,#11245,#11246);
#11248=PLANE('',#11247);
#11249=ORIENTED_EDGE('',*,*,#11187,.F.);
#11250=ORIENTED_EDGE('',*,*,#8207,.F.);
#11251=ORIENTED_EDGE('',*,*,#11238,.T.);
#11252=ORIENTED_EDGE('',*,*,#11019,.T.);
#11253=EDGE_LOOP('',(#11249,#11250,#11251,#11252));
#11254=FACE_OUTER_BOUND('',#11253,.F.);
#11256=CARTESIAN_POINT('',(1.28E1,-3.975E0,0.E0));
#11257=DIRECTION('',(0.E0,-1.E0,0.E0));
#11258=DIRECTION('',(1.E0,0.E0,0.E0));
#11259=AXIS2_PLACEMENT_3D('',#11256,#11257,#11258);
#11260=PLANE('',#11259);
#11262=ORIENTED_EDGE('',*,*,#11261,.T.);
#11264=ORIENTED_EDGE('',*,*,#11263,.T.);
#11266=ORIENTED_EDGE('',*,*,#11265,.F.);
#11267=ORIENTED_EDGE('',*,*,#8149,.F.);
#11268=EDGE_LOOP('',(#11262,#11264,#11266,#11267));
#11269=FACE_OUTER_BOUND('',#11268,.F.);
#11271=CARTESIAN_POINT('',(1.28E1,-2.25E-1,0.E0));
#11272=DIRECTION('',(-1.E0,0.E0,0.E0));
#11273=DIRECTION('',(0.E0,-1.E0,0.E0));
#11274=AXIS2_PLACEMENT_3D('',#11271,#11272,#11273);
#11275=PLANE('',#11274);
#11276=ORIENTED_EDGE('',*,*,#11261,.F.);
#11277=ORIENTED_EDGE('',*,*,#8155,.F.);
#11279=ORIENTED_EDGE('',*,*,#11278,.T.);
#11281=ORIENTED_EDGE('',*,*,#11280,.T.);
#11282=EDGE_LOOP('',(#11276,#11277,#11279,#11281));
#11283=FACE_OUTER_BOUND('',#11282,.F.);
#11285=CARTESIAN_POINT('',(1.66E1,-2.25E-1,0.E0));
#11286=DIRECTION('',(0.E0,1.E0,0.E0));
#11287=DIRECTION('',(-1.E0,0.E0,0.E0));
#11288=AXIS2_PLACEMENT_3D('',#11285,#11286,#11287);
#11289=PLANE('',#11288);
#11291=ORIENTED_EDGE('',*,*,#11290,.T.);
#11293=ORIENTED_EDGE('',*,*,#11292,.T.);
#11294=ORIENTED_EDGE('',*,*,#11278,.F.);
#11295=ORIENTED_EDGE('',*,*,#8153,.F.);
#11296=EDGE_LOOP('',(#11291,#11293,#11294,#11295));
#11297=FACE_OUTER_BOUND('',#11296,.F.);
#11299=CARTESIAN_POINT('',(1.66E1,-3.975E0,0.E0));
#11300=DIRECTION('',(1.E0,0.E0,0.E0));
#11301=DIRECTION('',(0.E0,1.E0,0.E0));
#11302=AXIS2_PLACEMENT_3D('',#11299,#11300,#11301);
#11303=PLANE('',#11302);
#11304=ORIENTED_EDGE('',*,*,#11265,.T.);
#11306=ORIENTED_EDGE('',*,*,#11305,.T.);
#11307=ORIENTED_EDGE('',*,*,#11290,.F.);
#11308=ORIENTED_EDGE('',*,*,#8151,.F.);
#11309=EDGE_LOOP('',(#11304,#11306,#11307,#11308));
#11310=FACE_OUTER_BOUND('',#11309,.F.);
#11312=CARTESIAN_POINT('',(3.78E1,0.E0,-9.05E0));
#11313=DIRECTION('',(0.E0,0.E0,1.E0));
#11314=DIRECTION('',(1.E0,0.E0,0.E0));
#11315=AXIS2_PLACEMENT_3D('',#11312,#11313,#11314);
#11316=PLANE('',#11315);
#11317=ORIENTED_EDGE('',*,*,#11263,.F.);
#11318=ORIENTED_EDGE('',*,*,#11280,.F.);
#11319=ORIENTED_EDGE('',*,*,#11292,.F.);
#11320=ORIENTED_EDGE('',*,*,#11305,.F.);
#11321=EDGE_LOOP('',(#11317,#11318,#11319,#11320));
#11322=FACE_OUTER_BOUND('',#11321,.F.);
#11324=ORIENTED_EDGE('',*,*,#11323,.T.);
#11326=ORIENTED_EDGE('',*,*,#11325,.T.);
#11328=ORIENTED_EDGE('',*,*,#11327,.T.);
#11330=ORIENTED_EDGE('',*,*,#11329,.T.);
#11331=EDGE_LOOP('',(#11324,#11326,#11328,#11330));
#11332=FACE_BOUND('',#11331,.F.);
#11334=CARTESIAN_POINT('',(3.78E1,0.E0,-9.05E0));
#11335=DIRECTION('',(0.E0,0.E0,1.E0));
#11336=DIRECTION('',(1.E0,0.E0,0.E0));
#11337=AXIS2_PLACEMENT_3D('',#11334,#11335,#11336);
#11338=PLANE('',#11337);
#11340=ORIENTED_EDGE('',*,*,#11339,.F.);
#11342=ORIENTED_EDGE('',*,*,#11341,.F.);
#11344=ORIENTED_EDGE('',*,*,#11343,.F.);
#11346=ORIENTED_EDGE('',*,*,#11345,.F.);
#11348=ORIENTED_EDGE('',*,*,#11347,.F.);
#11350=ORIENTED_EDGE('',*,*,#11349,.F.);
#11351=EDGE_LOOP('',(#11340,#11342,#11344,#11346,#11348,#11350));
#11352=FACE_OUTER_BOUND('',#11351,.F.);
#11354=ORIENTED_EDGE('',*,*,#11353,.T.);
#11356=ORIENTED_EDGE('',*,*,#11355,.T.);
#11358=ORIENTED_EDGE('',*,*,#11357,.T.);
#11360=ORIENTED_EDGE('',*,*,#11359,.T.);
#11361=EDGE_LOOP('',(#11354,#11356,#11358,#11360));
#11362=FACE_BOUND('',#11361,.F.);
#11364=CARTESIAN_POINT('',(1.42E1,2.6E0,-9.05E0));
#11365=DIRECTION('',(-1.E0,0.E0,0.E0));
#11366=DIRECTION('',(0.E0,-1.E0,0.E0));
#11367=AXIS2_PLACEMENT_3D('',#11364,#11365,#11366);
#11368=PLANE('',#11367);
#11370=ORIENTED_EDGE('',*,*,#11369,.T.);
#11372=ORIENTED_EDGE('',*,*,#11371,.T.);
#11374=ORIENTED_EDGE('',*,*,#11373,.F.);
#11375=ORIENTED_EDGE('',*,*,#11353,.F.);
#11376=EDGE_LOOP('',(#11370,#11372,#11374,#11375));
#11377=FACE_OUTER_BOUND('',#11376,.F.);
#11379=CARTESIAN_POINT('',(1.52E1,2.6E0,-9.05E0));
#11380=DIRECTION('',(0.E0,1.E0,0.E0));
#11381=DIRECTION('',(-1.E0,0.E0,0.E0));
#11382=AXIS2_PLACEMENT_3D('',#11379,#11380,#11381);
#11383=PLANE('',#11382);
#11384=ORIENTED_EDGE('',*,*,#11369,.F.);
#11385=ORIENTED_EDGE('',*,*,#11359,.F.);
#11387=ORIENTED_EDGE('',*,*,#11386,.T.);
#11389=ORIENTED_EDGE('',*,*,#11388,.T.);
#11390=EDGE_LOOP('',(#11384,#11385,#11387,#11389));
#11391=FACE_OUTER_BOUND('',#11390,.F.);
#11393=CARTESIAN_POINT('',(1.52E1,1.6E0,-9.05E0));
#11394=DIRECTION('',(1.E0,0.E0,0.E0));
#11395=DIRECTION('',(0.E0,1.E0,0.E0));
#11396=AXIS2_PLACEMENT_3D('',#11393,#11394,#11395);
#11397=PLANE('',#11396);
#11399=ORIENTED_EDGE('',*,*,#11398,.T.);
#11401=ORIENTED_EDGE('',*,*,#11400,.T.);
#11402=ORIENTED_EDGE('',*,*,#11386,.F.);
#11403=ORIENTED_EDGE('',*,*,#11357,.F.);
#11404=EDGE_LOOP('',(#11399,#11401,#11402,#11403));
#11405=FACE_OUTER_BOUND('',#11404,.F.);
#11407=CARTESIAN_POINT('',(1.42E1,1.6E0,-9.05E0));
#11408=DIRECTION('',(0.E0,-1.E0,0.E0));
#11409=DIRECTION('',(1.E0,0.E0,0.E0));
#11410=AXIS2_PLACEMENT_3D('',#11407,#11408,#11409);
#11411=PLANE('',#11410);
#11412=ORIENTED_EDGE('',*,*,#11373,.T.);
#11414=ORIENTED_EDGE('',*,*,#11413,.T.);
#11415=ORIENTED_EDGE('',*,*,#11398,.F.);
#11416=ORIENTED_EDGE('',*,*,#11355,.F.);
#11417=EDGE_LOOP('',(#11412,#11414,#11415,#11416));
#11418=FACE_OUTER_BOUND('',#11417,.F.);
#11420=CARTESIAN_POINT('',(3.78E1,0.E0,-3.35E0));
#11421=DIRECTION('',(0.E0,0.E0,1.E0));
#11422=DIRECTION('',(1.E0,0.E0,0.E0));
#11423=AXIS2_PLACEMENT_3D('',#11420,#11421,#11422);
#11424=PLANE('',#11423);
#11425=ORIENTED_EDGE('',*,*,#11371,.F.);
#11426=ORIENTED_EDGE('',*,*,#11388,.F.);
#11427=ORIENTED_EDGE('',*,*,#11400,.F.);
#11428=ORIENTED_EDGE('',*,*,#11413,.F.);
#11429=EDGE_LOOP('',(#11425,#11426,#11427,#11428));
#11430=FACE_OUTER_BOUND('',#11429,.F.);
#11432=CARTESIAN_POINT('',(3.78E1,0.E0,-3.35E0));
#11433=DIRECTION('',(0.E0,0.E0,1.E0));
#11434=DIRECTION('',(1.E0,0.E0,0.E0));
#11435=AXIS2_PLACEMENT_3D('',#11432,#11433,#11434);
#11436=PLANE('',#11435);
#11438=ORIENTED_EDGE('',*,*,#11437,.F.);
#11440=ORIENTED_EDGE('',*,*,#11439,.F.);
#11442=ORIENTED_EDGE('',*,*,#11441,.F.);
#11444=ORIENTED_EDGE('',*,*,#11443,.F.);
#11445=EDGE_LOOP('',(#11438,#11440,#11442,#11444));
#11446=FACE_OUTER_BOUND('',#11445,.F.);
#11448=CARTESIAN_POINT('',(1.42E1,-2.6E0,-9.05E0));
#11449=DIRECTION('',(0.E0,-1.E0,0.E0));
#11450=DIRECTION('',(1.E0,0.E0,0.E0));
#11451=AXIS2_PLACEMENT_3D('',#11448,#11449,#11450);
#11452=PLANE('',#11451);
#11454=ORIENTED_EDGE('',*,*,#11453,.T.);
#11455=ORIENTED_EDGE('',*,*,#11437,.T.);
#11457=ORIENTED_EDGE('',*,*,#11456,.F.);
#11458=ORIENTED_EDGE('',*,*,#11323,.F.);
#11459=EDGE_LOOP('',(#11454,#11455,#11457,#11458));
#11460=FACE_OUTER_BOUND('',#11459,.F.);
#11462=CARTESIAN_POINT('',(1.42E1,-1.6E0,-9.05E0));
#11463=DIRECTION('',(-1.E0,0.E0,0.E0));
#11464=DIRECTION('',(0.E0,-1.E0,0.E0));
#11465=AXIS2_PLACEMENT_3D('',#11462,#11463,#11464);
#11466=PLANE('',#11465);
#11467=ORIENTED_EDGE('',*,*,#11453,.F.);
#11468=ORIENTED_EDGE('',*,*,#11329,.F.);
#11470=ORIENTED_EDGE('',*,*,#11469,.T.);
#11471=ORIENTED_EDGE('',*,*,#11439,.T.);
#11472=EDGE_LOOP('',(#11467,#11468,#11470,#11471));
#11473=FACE_OUTER_BOUND('',#11472,.F.);
#11475=CARTESIAN_POINT('',(1.52E1,-1.6E0,-9.05E0));
#11476=DIRECTION('',(0.E0,1.E0,0.E0));
#11477=DIRECTION('',(-1.E0,0.E0,0.E0));
#11478=AXIS2_PLACEMENT_3D('',#11475,#11476,#11477);
#11479=PLANE('',#11478);
#11481=ORIENTED_EDGE('',*,*,#11480,.T.);
#11482=ORIENTED_EDGE('',*,*,#11441,.T.);
#11483=ORIENTED_EDGE('',*,*,#11469,.F.);
#11484=ORIENTED_EDGE('',*,*,#11327,.F.);
#11485=EDGE_LOOP('',(#11481,#11482,#11483,#11484));
#11486=FACE_OUTER_BOUND('',#11485,.F.);
#11488=CARTESIAN_POINT('',(1.52E1,-2.6E0,-9.05E0));
#11489=DIRECTION('',(1.E0,0.E0,0.E0));
#11490=DIRECTION('',(0.E0,1.E0,0.E0));
#11491=AXIS2_PLACEMENT_3D('',#11488,#11489,#11490);
#11492=PLANE('',#11491);
#11493=ORIENTED_EDGE('',*,*,#11456,.T.);
#11494=ORIENTED_EDGE('',*,*,#11443,.T.);
#11495=ORIENTED_EDGE('',*,*,#11480,.F.);
#11496=ORIENTED_EDGE('',*,*,#11325,.F.);
#11497=EDGE_LOOP('',(#11493,#11494,#11495,#11496));
#11498=FACE_OUTER_BOUND('',#11497,.F.);
#11500=CARTESIAN_POINT('',(1.61E1,3.475E0,-4.525E0));
#11501=DIRECTION('',(-7.071067811865E-1,-7.071067811865E-1,0.E0));
#11502=DIRECTION('',(-7.071067811865E-1,7.071067811865E-1,0.E0));
#11503=AXIS2_PLACEMENT_3D('',#11500,#11501,#11502);
#11504=PLANE('',#11503);
#11505=ORIENTED_EDGE('',*,*,#11339,.T.);
#11507=ORIENTED_EDGE('',*,*,#11506,.F.);
#11508=ORIENTED_EDGE('',*,*,#8223,.T.);
#11510=ORIENTED_EDGE('',*,*,#11509,.T.);
#11511=EDGE_LOOP('',(#11505,#11507,#11508,#11510));
#11512=FACE_OUTER_BOUND('',#11511,.F.);
#11514=CARTESIAN_POINT('',(1.66E1,3.975E0,0.E0));
#11515=DIRECTION('',(0.E0,1.E0,0.E0));
#11516=DIRECTION('',(-1.E0,0.E0,0.E0));
#11517=AXIS2_PLACEMENT_3D('',#11514,#11515,#11516);
#11518=PLANE('',#11517);
#11519=ORIENTED_EDGE('',*,*,#11506,.T.);
#11520=ORIENTED_EDGE('',*,*,#11349,.T.);
#11522=ORIENTED_EDGE('',*,*,#11521,.F.);
#11523=ORIENTED_EDGE('',*,*,#8225,.F.);
#11524=EDGE_LOOP('',(#11519,#11520,#11522,#11523));
#11525=FACE_OUTER_BOUND('',#11524,.F.);
#11527=CARTESIAN_POINT('',(1.33E1,3.475E0,-4.525E0));
#11528=DIRECTION('',(7.071067811865E-1,-7.071067811865E-1,0.E0));
#11529=DIRECTION('',(-7.071067811865E-1,-7.071067811865E-1,0.E0));
#11530=AXIS2_PLACEMENT_3D('',#11527,#11528,#11529);
#11531=PLANE('',#11530);
#11532=ORIENTED_EDGE('',*,*,#11347,.T.);
#11534=ORIENTED_EDGE('',*,*,#11533,.F.);
#11535=ORIENTED_EDGE('',*,*,#8227,.T.);
#11536=ORIENTED_EDGE('',*,*,#11521,.T.);
#11537=EDGE_LOOP('',(#11532,#11534,#11535,#11536));
#11538=FACE_OUTER_BOUND('',#11537,.F.);
#11540=CARTESIAN_POINT('',(1.28E1,3.975E0,0.E0));
#11541=DIRECTION('',(-1.E0,0.E0,0.E0));
#11542=DIRECTION('',(0.E0,-1.E0,0.E0));
#11543=AXIS2_PLACEMENT_3D('',#11540,#11541,#11542);
#11544=PLANE('',#11543);
#11545=ORIENTED_EDGE('',*,*,#11533,.T.);
#11546=ORIENTED_EDGE('',*,*,#11345,.T.);
#11548=ORIENTED_EDGE('',*,*,#11547,.F.);
#11549=ORIENTED_EDGE('',*,*,#8229,.F.);
#11550=EDGE_LOOP('',(#11545,#11546,#11548,#11549));
#11551=FACE_OUTER_BOUND('',#11550,.F.);
#11553=CARTESIAN_POINT('',(1.28E1,2.25E-1,0.E0));
#11554=DIRECTION('',(0.E0,-1.E0,0.E0));
#11555=DIRECTION('',(1.E0,0.E0,0.E0));
#11556=AXIS2_PLACEMENT_3D('',#11553,#11554,#11555);
#11557=PLANE('',#11556);
#11558=ORIENTED_EDGE('',*,*,#11547,.T.);
#11559=ORIENTED_EDGE('',*,*,#11343,.T.);
#11561=ORIENTED_EDGE('',*,*,#11560,.F.);
#11562=ORIENTED_EDGE('',*,*,#8231,.F.);
#11563=EDGE_LOOP('',(#11558,#11559,#11561,#11562));
#11564=FACE_OUTER_BOUND('',#11563,.F.);
#11566=CARTESIAN_POINT('',(1.66E1,2.25E-1,0.E0));
#11567=DIRECTION('',(1.E0,0.E0,0.E0));
#11568=DIRECTION('',(0.E0,1.E0,0.E0));
#11569=AXIS2_PLACEMENT_3D('',#11566,#11567,#11568);
#11570=PLANE('',#11569);
#11571=ORIENTED_EDGE('',*,*,#11509,.F.);
#11572=ORIENTED_EDGE('',*,*,#8221,.F.);
#11573=ORIENTED_EDGE('',*,*,#11560,.T.);
#11574=ORIENTED_EDGE('',*,*,#11341,.T.);
#11575=EDGE_LOOP('',(#11571,#11572,#11573,#11574));
#11576=FACE_OUTER_BOUND('',#11575,.F.);
#11578=CARTESIAN_POINT('',(1.7E1,-3.975E0,0.E0));
#11579=DIRECTION('',(0.E0,-1.E0,0.E0));
#11580=DIRECTION('',(1.E0,0.E0,0.E0));
#11581=AXIS2_PLACEMENT_3D('',#11578,#11579,#11580);
#11582=PLANE('',#11581);
#11584=ORIENTED_EDGE('',*,*,#11583,.T.);
#11586=ORIENTED_EDGE('',*,*,#11585,.T.);
#11588=ORIENTED_EDGE('',*,*,#11587,.F.);
#11589=ORIENTED_EDGE('',*,*,#8159,.F.);
#11590=EDGE_LOOP('',(#11584,#11586,#11588,#11589));
#11591=FACE_OUTER_BOUND('',#11590,.F.);
#11593=CARTESIAN_POINT('',(1.7E1,-2.25E-1,0.E0));
#11594=DIRECTION('',(-1.E0,0.E0,0.E0));
#11595=DIRECTION('',(0.E0,-1.E0,0.E0));
#11596=AXIS2_PLACEMENT_3D('',#11593,#11594,#11595);
#11597=PLANE('',#11596);
#11598=ORIENTED_EDGE('',*,*,#11583,.F.);
#11599=ORIENTED_EDGE('',*,*,#8165,.F.);
#11601=ORIENTED_EDGE('',*,*,#11600,.T.);
#11603=ORIENTED_EDGE('',*,*,#11602,.T.);
#11604=EDGE_LOOP('',(#11598,#11599,#11601,#11603));
#11605=FACE_OUTER_BOUND('',#11604,.F.);
#11607=CARTESIAN_POINT('',(2.08E1,-2.25E-1,0.E0));
#11608=DIRECTION('',(0.E0,1.E0,0.E0));
#11609=DIRECTION('',(-1.E0,0.E0,0.E0));
#11610=AXIS2_PLACEMENT_3D('',#11607,#11608,#11609);
#11611=PLANE('',#11610);
#11613=ORIENTED_EDGE('',*,*,#11612,.T.);
#11615=ORIENTED_EDGE('',*,*,#11614,.T.);
#11616=ORIENTED_EDGE('',*,*,#11600,.F.);
#11617=ORIENTED_EDGE('',*,*,#8163,.F.);
#11618=EDGE_LOOP('',(#11613,#11615,#11616,#11617));
#11619=FACE_OUTER_BOUND('',#11618,.F.);
#11621=CARTESIAN_POINT('',(2.08E1,-3.975E0,0.E0));
#11622=DIRECTION('',(1.E0,0.E0,0.E0));
#11623=DIRECTION('',(0.E0,1.E0,0.E0));
#11624=AXIS2_PLACEMENT_3D('',#11621,#11622,#11623);
#11625=PLANE('',#11624);
#11626=ORIENTED_EDGE('',*,*,#11587,.T.);
#11628=ORIENTED_EDGE('',*,*,#11627,.T.);
#11629=ORIENTED_EDGE('',*,*,#11612,.F.);
#11630=ORIENTED_EDGE('',*,*,#8161,.F.);
#11631=EDGE_LOOP('',(#11626,#11628,#11629,#11630));
#11632=FACE_OUTER_BOUND('',#11631,.F.);
#11634=CARTESIAN_POINT('',(4.2E1,0.E0,-9.05E0));
#11635=DIRECTION('',(0.E0,0.E0,1.E0));
#11636=DIRECTION('',(1.E0,0.E0,0.E0));
#11637=AXIS2_PLACEMENT_3D('',#11634,#11635,#11636);
#11638=PLANE('',#11637);
#11639=ORIENTED_EDGE('',*,*,#11585,.F.);
#11640=ORIENTED_EDGE('',*,*,#11602,.F.);
#11641=ORIENTED_EDGE('',*,*,#11614,.F.);
#11642=ORIENTED_EDGE('',*,*,#11627,.F.);
#11643=EDGE_LOOP('',(#11639,#11640,#11641,#11642));
#11644=FACE_OUTER_BOUND('',#11643,.F.);
#11646=ORIENTED_EDGE('',*,*,#11645,.T.);
#11648=ORIENTED_EDGE('',*,*,#11647,.T.);
#11650=ORIENTED_EDGE('',*,*,#11649,.T.);
#11652=ORIENTED_EDGE('',*,*,#11651,.T.);
#11653=EDGE_LOOP('',(#11646,#11648,#11650,#11652));
#11654=FACE_BOUND('',#11653,.F.);
#11656=CARTESIAN_POINT('',(4.2E1,0.E0,-9.05E0));
#11657=DIRECTION('',(0.E0,0.E0,1.E0));
#11658=DIRECTION('',(1.E0,0.E0,0.E0));
#11659=AXIS2_PLACEMENT_3D('',#11656,#11657,#11658);
#11660=PLANE('',#11659);
#11662=ORIENTED_EDGE('',*,*,#11661,.F.);
#11664=ORIENTED_EDGE('',*,*,#11663,.F.);
#11666=ORIENTED_EDGE('',*,*,#11665,.F.);
#11668=ORIENTED_EDGE('',*,*,#11667,.F.);
#11670=ORIENTED_EDGE('',*,*,#11669,.F.);
#11672=ORIENTED_EDGE('',*,*,#11671,.F.);
#11673=EDGE_LOOP('',(#11662,#11664,#11666,#11668,#11670,#11672));
#11674=FACE_OUTER_BOUND('',#11673,.F.);
#11676=ORIENTED_EDGE('',*,*,#11675,.T.);
#11678=ORIENTED_EDGE('',*,*,#11677,.T.);
#11680=ORIENTED_EDGE('',*,*,#11679,.T.);
#11682=ORIENTED_EDGE('',*,*,#11681,.T.);
#11683=EDGE_LOOP('',(#11676,#11678,#11680,#11682));
#11684=FACE_BOUND('',#11683,.F.);
#11686=CARTESIAN_POINT('',(1.84E1,2.6E0,-9.05E0));
#11687=DIRECTION('',(-1.E0,0.E0,0.E0));
#11688=DIRECTION('',(0.E0,-1.E0,0.E0));
#11689=AXIS2_PLACEMENT_3D('',#11686,#11687,#11688);
#11690=PLANE('',#11689);
#11692=ORIENTED_EDGE('',*,*,#11691,.T.);
#11694=ORIENTED_EDGE('',*,*,#11693,.T.);
#11696=ORIENTED_EDGE('',*,*,#11695,.F.);
#11697=ORIENTED_EDGE('',*,*,#11675,.F.);
#11698=EDGE_LOOP('',(#11692,#11694,#11696,#11697));
#11699=FACE_OUTER_BOUND('',#11698,.F.);
#11701=CARTESIAN_POINT('',(1.94E1,2.6E0,-9.05E0));
#11702=DIRECTION('',(0.E0,1.E0,0.E0));
#11703=DIRECTION('',(-1.E0,0.E0,0.E0));
#11704=AXIS2_PLACEMENT_3D('',#11701,#11702,#11703);
#11705=PLANE('',#11704);
#11706=ORIENTED_EDGE('',*,*,#11691,.F.);
#11707=ORIENTED_EDGE('',*,*,#11681,.F.);
#11709=ORIENTED_EDGE('',*,*,#11708,.T.);
#11711=ORIENTED_EDGE('',*,*,#11710,.T.);
#11712=EDGE_LOOP('',(#11706,#11707,#11709,#11711));
#11713=FACE_OUTER_BOUND('',#11712,.F.);
#11715=CARTESIAN_POINT('',(1.94E1,1.6E0,-9.05E0));
#11716=DIRECTION('',(1.E0,0.E0,0.E0));
#11717=DIRECTION('',(0.E0,1.E0,0.E0));
#11718=AXIS2_PLACEMENT_3D('',#11715,#11716,#11717);
#11719=PLANE('',#11718);
#11721=ORIENTED_EDGE('',*,*,#11720,.T.);
#11723=ORIENTED_EDGE('',*,*,#11722,.T.);
#11724=ORIENTED_EDGE('',*,*,#11708,.F.);
#11725=ORIENTED_EDGE('',*,*,#11679,.F.);
#11726=EDGE_LOOP('',(#11721,#11723,#11724,#11725));
#11727=FACE_OUTER_BOUND('',#11726,.F.);
#11729=CARTESIAN_POINT('',(1.84E1,1.6E0,-9.05E0));
#11730=DIRECTION('',(0.E0,-1.E0,0.E0));
#11731=DIRECTION('',(1.E0,0.E0,0.E0));
#11732=AXIS2_PLACEMENT_3D('',#11729,#11730,#11731);
#11733=PLANE('',#11732);
#11734=ORIENTED_EDGE('',*,*,#11695,.T.);
#11736=ORIENTED_EDGE('',*,*,#11735,.T.);
#11737=ORIENTED_EDGE('',*,*,#11720,.F.);
#11738=ORIENTED_EDGE('',*,*,#11677,.F.);
#11739=EDGE_LOOP('',(#11734,#11736,#11737,#11738));
#11740=FACE_OUTER_BOUND('',#11739,.F.);
#11742=CARTESIAN_POINT('',(4.2E1,0.E0,-3.35E0));
#11743=DIRECTION('',(0.E0,0.E0,1.E0));
#11744=DIRECTION('',(1.E0,0.E0,0.E0));
#11745=AXIS2_PLACEMENT_3D('',#11742,#11743,#11744);
#11746=PLANE('',#11745);
#11747=ORIENTED_EDGE('',*,*,#11693,.F.);
#11748=ORIENTED_EDGE('',*,*,#11710,.F.);
#11749=ORIENTED_EDGE('',*,*,#11722,.F.);
#11750=ORIENTED_EDGE('',*,*,#11735,.F.);
#11751=EDGE_LOOP('',(#11747,#11748,#11749,#11750));
#11752=FACE_OUTER_BOUND('',#11751,.F.);
#11754=CARTESIAN_POINT('',(4.2E1,0.E0,-3.35E0));
#11755=DIRECTION('',(0.E0,0.E0,1.E0));
#11756=DIRECTION('',(1.E0,0.E0,0.E0));
#11757=AXIS2_PLACEMENT_3D('',#11754,#11755,#11756);
#11758=PLANE('',#11757);
#11760=ORIENTED_EDGE('',*,*,#11759,.F.);
#11762=ORIENTED_EDGE('',*,*,#11761,.F.);
#11764=ORIENTED_EDGE('',*,*,#11763,.F.);
#11766=ORIENTED_EDGE('',*,*,#11765,.F.);
#11767=EDGE_LOOP('',(#11760,#11762,#11764,#11766));
#11768=FACE_OUTER_BOUND('',#11767,.F.);
#11770=CARTESIAN_POINT('',(1.84E1,-2.6E0,-9.05E0));
#11771=DIRECTION('',(0.E0,-1.E0,0.E0));
#11772=DIRECTION('',(1.E0,0.E0,0.E0));
#11773=AXIS2_PLACEMENT_3D('',#11770,#11771,#11772);
#11774=PLANE('',#11773);
#11776=ORIENTED_EDGE('',*,*,#11775,.T.);
#11777=ORIENTED_EDGE('',*,*,#11759,.T.);
#11779=ORIENTED_EDGE('',*,*,#11778,.F.);
#11780=ORIENTED_EDGE('',*,*,#11645,.F.);
#11781=EDGE_LOOP('',(#11776,#11777,#11779,#11780));
#11782=FACE_OUTER_BOUND('',#11781,.F.);
#11784=CARTESIAN_POINT('',(1.84E1,-1.6E0,-9.05E0));
#11785=DIRECTION('',(-1.E0,0.E0,0.E0));
#11786=DIRECTION('',(0.E0,-1.E0,0.E0));
#11787=AXIS2_PLACEMENT_3D('',#11784,#11785,#11786);
#11788=PLANE('',#11787);
#11789=ORIENTED_EDGE('',*,*,#11775,.F.);
#11790=ORIENTED_EDGE('',*,*,#11651,.F.);
#11792=ORIENTED_EDGE('',*,*,#11791,.T.);
#11793=ORIENTED_EDGE('',*,*,#11761,.T.);
#11794=EDGE_LOOP('',(#11789,#11790,#11792,#11793));
#11795=FACE_OUTER_BOUND('',#11794,.F.);
#11797=CARTESIAN_POINT('',(1.94E1,-1.6E0,-9.05E0));
#11798=DIRECTION('',(0.E0,1.E0,0.E0));
#11799=DIRECTION('',(-1.E0,0.E0,0.E0));
#11800=AXIS2_PLACEMENT_3D('',#11797,#11798,#11799);
#11801=PLANE('',#11800);
#11803=ORIENTED_EDGE('',*,*,#11802,.T.);
#11804=ORIENTED_EDGE('',*,*,#11763,.T.);
#11805=ORIENTED_EDGE('',*,*,#11791,.F.);
#11806=ORIENTED_EDGE('',*,*,#11649,.F.);
#11807=EDGE_LOOP('',(#11803,#11804,#11805,#11806));
#11808=FACE_OUTER_BOUND('',#11807,.F.);
#11810=CARTESIAN_POINT('',(1.94E1,-2.6E0,-9.05E0));
#11811=DIRECTION('',(1.E0,0.E0,0.E0));
#11812=DIRECTION('',(0.E0,1.E0,0.E0));
#11813=AXIS2_PLACEMENT_3D('',#11810,#11811,#11812);
#11814=PLANE('',#11813);
#11815=ORIENTED_EDGE('',*,*,#11778,.T.);
#11816=ORIENTED_EDGE('',*,*,#11765,.T.);
#11817=ORIENTED_EDGE('',*,*,#11802,.F.);
#11818=ORIENTED_EDGE('',*,*,#11647,.F.);
#11819=EDGE_LOOP('',(#11815,#11816,#11817,#11818));
#11820=FACE_OUTER_BOUND('',#11819,.F.);
#11822=CARTESIAN_POINT('',(2.03E1,3.475E0,-4.525E0));
#11823=DIRECTION('',(-7.071067811865E-1,-7.071067811865E-1,0.E0));
#11824=DIRECTION('',(-7.071067811865E-1,7.071067811865E-1,0.E0));
#11825=AXIS2_PLACEMENT_3D('',#11822,#11823,#11824);
#11826=PLANE('',#11825);
#11827=ORIENTED_EDGE('',*,*,#11661,.T.);
#11829=ORIENTED_EDGE('',*,*,#11828,.F.);
#11830=ORIENTED_EDGE('',*,*,#8237,.T.);
#11832=ORIENTED_EDGE('',*,*,#11831,.T.);
#11833=EDGE_LOOP('',(#11827,#11829,#11830,#11832));
#11834=FACE_OUTER_BOUND('',#11833,.F.);
#11836=CARTESIAN_POINT('',(2.08E1,3.975E0,0.E0));
#11837=DIRECTION('',(0.E0,1.E0,0.E0));
#11838=DIRECTION('',(-1.E0,0.E0,0.E0));
#11839=AXIS2_PLACEMENT_3D('',#11836,#11837,#11838);
#11840=PLANE('',#11839);
#11841=ORIENTED_EDGE('',*,*,#11828,.T.);
#11842=ORIENTED_EDGE('',*,*,#11671,.T.);
#11844=ORIENTED_EDGE('',*,*,#11843,.F.);
#11845=ORIENTED_EDGE('',*,*,#8239,.F.);
#11846=EDGE_LOOP('',(#11841,#11842,#11844,#11845));
#11847=FACE_OUTER_BOUND('',#11846,.F.);
#11849=CARTESIAN_POINT('',(1.75E1,3.475E0,-4.525E0));
#11850=DIRECTION('',(7.071067811865E-1,-7.071067811865E-1,0.E0));
#11851=DIRECTION('',(-7.071067811865E-1,-7.071067811865E-1,0.E0));
#11852=AXIS2_PLACEMENT_3D('',#11849,#11850,#11851);
#11853=PLANE('',#11852);
#11854=ORIENTED_EDGE('',*,*,#11669,.T.);
#11856=ORIENTED_EDGE('',*,*,#11855,.F.);
#11857=ORIENTED_EDGE('',*,*,#8241,.T.);
#11858=ORIENTED_EDGE('',*,*,#11843,.T.);
#11859=EDGE_LOOP('',(#11854,#11856,#11857,#11858));
#11860=FACE_OUTER_BOUND('',#11859,.F.);
#11862=CARTESIAN_POINT('',(1.7E1,3.975E0,0.E0));
#11863=DIRECTION('',(-1.E0,0.E0,0.E0));
#11864=DIRECTION('',(0.E0,-1.E0,0.E0));
#11865=AXIS2_PLACEMENT_3D('',#11862,#11863,#11864);
#11866=PLANE('',#11865);
#11867=ORIENTED_EDGE('',*,*,#11855,.T.);
#11868=ORIENTED_EDGE('',*,*,#11667,.T.);
#11870=ORIENTED_EDGE('',*,*,#11869,.F.);
#11871=ORIENTED_EDGE('',*,*,#8243,.F.);
#11872=EDGE_LOOP('',(#11867,#11868,#11870,#11871));
#11873=FACE_OUTER_BOUND('',#11872,.F.);
#11875=CARTESIAN_POINT('',(1.7E1,2.25E-1,0.E0));
#11876=DIRECTION('',(0.E0,-1.E0,0.E0));
#11877=DIRECTION('',(1.E0,0.E0,0.E0));
#11878=AXIS2_PLACEMENT_3D('',#11875,#11876,#11877);
#11879=PLANE('',#11878);
#11880=ORIENTED_EDGE('',*,*,#11869,.T.);
#11881=ORIENTED_EDGE('',*,*,#11665,.T.);
#11883=ORIENTED_EDGE('',*,*,#11882,.F.);
#11884=ORIENTED_EDGE('',*,*,#8245,.F.);
#11885=EDGE_LOOP('',(#11880,#11881,#11883,#11884));
#11886=FACE_OUTER_BOUND('',#11885,.F.);
#11888=CARTESIAN_POINT('',(2.08E1,2.25E-1,0.E0));
#11889=DIRECTION('',(1.E0,0.E0,0.E0));
#11890=DIRECTION('',(0.E0,1.E0,0.E0));
#11891=AXIS2_PLACEMENT_3D('',#11888,#11889,#11890);
#11892=PLANE('',#11891);
#11893=ORIENTED_EDGE('',*,*,#11831,.F.);
#11894=ORIENTED_EDGE('',*,*,#8235,.F.);
#11895=ORIENTED_EDGE('',*,*,#11882,.T.);
#11896=ORIENTED_EDGE('',*,*,#11663,.T.);
#11897=EDGE_LOOP('',(#11893,#11894,#11895,#11896));
#11898=FACE_OUTER_BOUND('',#11897,.F.);
#11900=CARTESIAN_POINT('',(2.12E1,3.975E0,0.E0));
#11901=DIRECTION('',(-1.E0,0.E0,0.E0));
#11902=DIRECTION('',(0.E0,-1.E0,0.E0));
#11903=AXIS2_PLACEMENT_3D('',#11900,#11901,#11902);
#11904=PLANE('',#11903);
#11906=ORIENTED_EDGE('',*,*,#11905,.T.);
#11908=ORIENTED_EDGE('',*,*,#11907,.T.);
#11910=ORIENTED_EDGE('',*,*,#11909,.F.);
#11911=ORIENTED_EDGE('',*,*,#8169,.F.);
#11912=EDGE_LOOP('',(#11906,#11908,#11910,#11911));
#11913=FACE_OUTER_BOUND('',#11912,.F.);
#11915=CARTESIAN_POINT('',(2.5E1,3.975E0,0.E0));
#11916=DIRECTION('',(0.E0,1.E0,0.E0));
#11917=DIRECTION('',(-1.E0,0.E0,0.E0));
#11918=AXIS2_PLACEMENT_3D('',#11915,#11916,#11917);
#11919=PLANE('',#11918);
#11920=ORIENTED_EDGE('',*,*,#11905,.F.);
#11921=ORIENTED_EDGE('',*,*,#8175,.F.);
#11923=ORIENTED_EDGE('',*,*,#11922,.T.);
#11925=ORIENTED_EDGE('',*,*,#11924,.T.);
#11926=EDGE_LOOP('',(#11920,#11921,#11923,#11925));
#11927=FACE_OUTER_BOUND('',#11926,.F.);
#11929=CARTESIAN_POINT('',(2.5E1,2.25E-1,0.E0));
#11930=DIRECTION('',(1.E0,0.E0,0.E0));
#11931=DIRECTION('',(0.E0,1.E0,0.E0));
#11932=AXIS2_PLACEMENT_3D('',#11929,#11930,#11931);
#11933=PLANE('',#11932);
#11935=ORIENTED_EDGE('',*,*,#11934,.T.);
#11937=ORIENTED_EDGE('',*,*,#11936,.T.);
#11938=ORIENTED_EDGE('',*,*,#11922,.F.);
#11939=ORIENTED_EDGE('',*,*,#8173,.F.);
#11940=EDGE_LOOP('',(#11935,#11937,#11938,#11939));
#11941=FACE_OUTER_BOUND('',#11940,.F.);
#11943=CARTESIAN_POINT('',(2.12E1,2.25E-1,0.E0));
#11944=DIRECTION('',(0.E0,-1.E0,0.E0));
#11945=DIRECTION('',(1.E0,0.E0,0.E0));
#11946=AXIS2_PLACEMENT_3D('',#11943,#11944,#11945);
#11947=PLANE('',#11946);
#11948=ORIENTED_EDGE('',*,*,#11909,.T.);
#11950=ORIENTED_EDGE('',*,*,#11949,.T.);
#11951=ORIENTED_EDGE('',*,*,#11934,.F.);
#11952=ORIENTED_EDGE('',*,*,#8171,.F.);
#11953=EDGE_LOOP('',(#11948,#11950,#11951,#11952));
#11954=FACE_OUTER_BOUND('',#11953,.F.);
#11956=CARTESIAN_POINT('',(4.62E1,0.E0,-9.05E0));
#11957=DIRECTION('',(0.E0,0.E0,1.E0));
#11958=DIRECTION('',(1.E0,0.E0,0.E0));
#11959=AXIS2_PLACEMENT_3D('',#11956,#11957,#11958);
#11960=PLANE('',#11959);
#11961=ORIENTED_EDGE('',*,*,#11907,.F.);
#11962=ORIENTED_EDGE('',*,*,#11924,.F.);
#11963=ORIENTED_EDGE('',*,*,#11936,.F.);
#11964=ORIENTED_EDGE('',*,*,#11949,.F.);
#11965=EDGE_LOOP('',(#11961,#11962,#11963,#11964));
#11966=FACE_OUTER_BOUND('',#11965,.F.);
#11968=ORIENTED_EDGE('',*,*,#11967,.T.);
#11970=ORIENTED_EDGE('',*,*,#11969,.T.);
#11972=ORIENTED_EDGE('',*,*,#11971,.T.);
#11974=ORIENTED_EDGE('',*,*,#11973,.T.);
#11975=EDGE_LOOP('',(#11968,#11970,#11972,#11974));
#11976=FACE_BOUND('',#11975,.F.);
#11978=CARTESIAN_POINT('',(4.62E1,0.E0,-9.05E0));
#11979=DIRECTION('',(0.E0,0.E0,1.E0));
#11980=DIRECTION('',(1.E0,0.E0,0.E0));
#11981=AXIS2_PLACEMENT_3D('',#11978,#11979,#11980);
#11982=PLANE('',#11981);
#11984=ORIENTED_EDGE('',*,*,#11983,.F.);
#11986=ORIENTED_EDGE('',*,*,#11985,.F.);
#11988=ORIENTED_EDGE('',*,*,#11987,.F.);
#11990=ORIENTED_EDGE('',*,*,#11989,.F.);
#11992=ORIENTED_EDGE('',*,*,#11991,.F.);
#11994=ORIENTED_EDGE('',*,*,#11993,.F.);
#11995=EDGE_LOOP('',(#11984,#11986,#11988,#11990,#11992,#11994));
#11996=FACE_OUTER_BOUND('',#11995,.F.);
#11998=ORIENTED_EDGE('',*,*,#11997,.T.);
#12000=ORIENTED_EDGE('',*,*,#11999,.T.);
#12002=ORIENTED_EDGE('',*,*,#12001,.T.);
#12004=ORIENTED_EDGE('',*,*,#12003,.T.);
#12005=EDGE_LOOP('',(#11998,#12000,#12002,#12004));
#12006=FACE_BOUND('',#12005,.F.);
#12008=CARTESIAN_POINT('',(2.26E1,2.6E0,-9.05E0));
#12009=DIRECTION('',(-1.E0,0.E0,0.E0));
#12010=DIRECTION('',(0.E0,-1.E0,0.E0));
#12011=AXIS2_PLACEMENT_3D('',#12008,#12009,#12010);
#12012=PLANE('',#12011);
#12014=ORIENTED_EDGE('',*,*,#12013,.T.);
#12016=ORIENTED_EDGE('',*,*,#12015,.T.);
#12018=ORIENTED_EDGE('',*,*,#12017,.F.);
#12019=ORIENTED_EDGE('',*,*,#11967,.F.);
#12020=EDGE_LOOP('',(#12014,#12016,#12018,#12019));
#12021=FACE_OUTER_BOUND('',#12020,.F.);
#12023=CARTESIAN_POINT('',(2.36E1,2.6E0,-9.05E0));
#12024=DIRECTION('',(0.E0,1.E0,0.E0));
#12025=DIRECTION('',(-1.E0,0.E0,0.E0));
#12026=AXIS2_PLACEMENT_3D('',#12023,#12024,#12025);
#12027=PLANE('',#12026);
#12028=ORIENTED_EDGE('',*,*,#12013,.F.);
#12029=ORIENTED_EDGE('',*,*,#11973,.F.);
#12031=ORIENTED_EDGE('',*,*,#12030,.T.);
#12033=ORIENTED_EDGE('',*,*,#12032,.T.);
#12034=EDGE_LOOP('',(#12028,#12029,#12031,#12033));
#12035=FACE_OUTER_BOUND('',#12034,.F.);
#12037=CARTESIAN_POINT('',(2.36E1,1.6E0,-9.05E0));
#12038=DIRECTION('',(1.E0,0.E0,0.E0));
#12039=DIRECTION('',(0.E0,1.E0,0.E0));
#12040=AXIS2_PLACEMENT_3D('',#12037,#12038,#12039);
#12041=PLANE('',#12040);
#12043=ORIENTED_EDGE('',*,*,#12042,.T.);
#12045=ORIENTED_EDGE('',*,*,#12044,.T.);
#12046=ORIENTED_EDGE('',*,*,#12030,.F.);
#12047=ORIENTED_EDGE('',*,*,#11971,.F.);
#12048=EDGE_LOOP('',(#12043,#12045,#12046,#12047));
#12049=FACE_OUTER_BOUND('',#12048,.F.);
#12051=CARTESIAN_POINT('',(2.26E1,1.6E0,-9.05E0));
#12052=DIRECTION('',(0.E0,-1.E0,0.E0));
#12053=DIRECTION('',(1.E0,0.E0,0.E0));
#12054=AXIS2_PLACEMENT_3D('',#12051,#12052,#12053);
#12055=PLANE('',#12054);
#12056=ORIENTED_EDGE('',*,*,#12017,.T.);
#12058=ORIENTED_EDGE('',*,*,#12057,.T.);
#12059=ORIENTED_EDGE('',*,*,#12042,.F.);
#12060=ORIENTED_EDGE('',*,*,#11969,.F.);
#12061=EDGE_LOOP('',(#12056,#12058,#12059,#12060));
#12062=FACE_OUTER_BOUND('',#12061,.F.);
#12064=CARTESIAN_POINT('',(4.62E1,0.E0,-3.35E0));
#12065=DIRECTION('',(0.E0,0.E0,1.E0));
#12066=DIRECTION('',(1.E0,0.E0,0.E0));
#12067=AXIS2_PLACEMENT_3D('',#12064,#12065,#12066);
#12068=PLANE('',#12067);
#12069=ORIENTED_EDGE('',*,*,#12015,.F.);
#12070=ORIENTED_EDGE('',*,*,#12032,.F.);
#12071=ORIENTED_EDGE('',*,*,#12044,.F.);
#12072=ORIENTED_EDGE('',*,*,#12057,.F.);
#12073=EDGE_LOOP('',(#12069,#12070,#12071,#12072));
#12074=FACE_OUTER_BOUND('',#12073,.F.);
#12076=CARTESIAN_POINT('',(4.62E1,0.E0,-3.35E0));
#12077=DIRECTION('',(0.E0,0.E0,1.E0));
#12078=DIRECTION('',(1.E0,0.E0,0.E0));
#12079=AXIS2_PLACEMENT_3D('',#12076,#12077,#12078);
#12080=PLANE('',#12079);
#12082=ORIENTED_EDGE('',*,*,#12081,.F.);
#12084=ORIENTED_EDGE('',*,*,#12083,.F.);
#12086=ORIENTED_EDGE('',*,*,#12085,.F.);
#12088=ORIENTED_EDGE('',*,*,#12087,.F.);
#12089=EDGE_LOOP('',(#12082,#12084,#12086,#12088));
#12090=FACE_OUTER_BOUND('',#12089,.F.);
#12092=CARTESIAN_POINT('',(2.26E1,-2.6E0,-9.05E0));
#12093=DIRECTION('',(0.E0,-1.E0,0.E0));
#12094=DIRECTION('',(1.E0,0.E0,0.E0));
#12095=AXIS2_PLACEMENT_3D('',#12092,#12093,#12094);
#12096=PLANE('',#12095);
#12098=ORIENTED_EDGE('',*,*,#12097,.T.);
#12099=ORIENTED_EDGE('',*,*,#12081,.T.);
#12101=ORIENTED_EDGE('',*,*,#12100,.F.);
#12102=ORIENTED_EDGE('',*,*,#11997,.F.);
#12103=EDGE_LOOP('',(#12098,#12099,#12101,#12102));
#12104=FACE_OUTER_BOUND('',#12103,.F.);
#12106=CARTESIAN_POINT('',(2.26E1,-1.6E0,-9.05E0));
#12107=DIRECTION('',(-1.E0,0.E0,0.E0));
#12108=DIRECTION('',(0.E0,-1.E0,0.E0));
#12109=AXIS2_PLACEMENT_3D('',#12106,#12107,#12108);
#12110=PLANE('',#12109);
#12111=ORIENTED_EDGE('',*,*,#12097,.F.);
#12112=ORIENTED_EDGE('',*,*,#12003,.F.);
#12114=ORIENTED_EDGE('',*,*,#12113,.T.);
#12115=ORIENTED_EDGE('',*,*,#12083,.T.);
#12116=EDGE_LOOP('',(#12111,#12112,#12114,#12115));
#12117=FACE_OUTER_BOUND('',#12116,.F.);
#12119=CARTESIAN_POINT('',(2.36E1,-1.6E0,-9.05E0));
#12120=DIRECTION('',(0.E0,1.E0,0.E0));
#12121=DIRECTION('',(-1.E0,0.E0,0.E0));
#12122=AXIS2_PLACEMENT_3D('',#12119,#12120,#12121);
#12123=PLANE('',#12122);
#12125=ORIENTED_EDGE('',*,*,#12124,.T.);
#12126=ORIENTED_EDGE('',*,*,#12085,.T.);
#12127=ORIENTED_EDGE('',*,*,#12113,.F.);
#12128=ORIENTED_EDGE('',*,*,#12001,.F.);
#12129=EDGE_LOOP('',(#12125,#12126,#12127,#12128));
#12130=FACE_OUTER_BOUND('',#12129,.F.);
#12132=CARTESIAN_POINT('',(2.36E1,-2.6E0,-9.05E0));
#12133=DIRECTION('',(1.E0,0.E0,0.E0));
#12134=DIRECTION('',(0.E0,1.E0,0.E0));
#12135=AXIS2_PLACEMENT_3D('',#12132,#12133,#12134);
#12136=PLANE('',#12135);
#12137=ORIENTED_EDGE('',*,*,#12100,.T.);
#12138=ORIENTED_EDGE('',*,*,#12087,.T.);
#12139=ORIENTED_EDGE('',*,*,#12124,.F.);
#12140=ORIENTED_EDGE('',*,*,#11999,.F.);
#12141=EDGE_LOOP('',(#12137,#12138,#12139,#12140));
#12142=FACE_OUTER_BOUND('',#12141,.F.);
#12144=CARTESIAN_POINT('',(2.45E1,-7.25E-1,-4.525E0));
#12145=DIRECTION('',(-7.071067811865E-1,-7.071067811865E-1,0.E0));
#12146=DIRECTION('',(-7.071067811865E-1,7.071067811865E-1,0.E0));
#12147=AXIS2_PLACEMENT_3D('',#12144,#12145,#12146);
#12148=PLANE('',#12147);
#12149=ORIENTED_EDGE('',*,*,#11983,.T.);
#12151=ORIENTED_EDGE('',*,*,#12150,.F.);
#12152=ORIENTED_EDGE('',*,*,#8251,.T.);
#12154=ORIENTED_EDGE('',*,*,#12153,.T.);
#12155=EDGE_LOOP('',(#12149,#12151,#12152,#12154));
#12156=FACE_OUTER_BOUND('',#12155,.F.);
#12158=CARTESIAN_POINT('',(2.5E1,-2.25E-1,0.E0));
#12159=DIRECTION('',(0.E0,1.E0,0.E0));
#12160=DIRECTION('',(-1.E0,0.E0,0.E0));
#12161=AXIS2_PLACEMENT_3D('',#12158,#12159,#12160);
#12162=PLANE('',#12161);
#12163=ORIENTED_EDGE('',*,*,#12150,.T.);
#12164=ORIENTED_EDGE('',*,*,#11993,.T.);
#12166=ORIENTED_EDGE('',*,*,#12165,.F.);
#12167=ORIENTED_EDGE('',*,*,#8253,.F.);
#12168=EDGE_LOOP('',(#12163,#12164,#12166,#12167));
#12169=FACE_OUTER_BOUND('',#12168,.F.);
#12171=CARTESIAN_POINT('',(2.17E1,-7.25E-1,-4.525E0));
#12172=DIRECTION('',(7.071067811865E-1,-7.071067811865E-1,0.E0));
#12173=DIRECTION('',(-7.071067811865E-1,-7.071067811865E-1,0.E0));
#12174=AXIS2_PLACEMENT_3D('',#12171,#12172,#12173);
#12175=PLANE('',#12174);
#12176=ORIENTED_EDGE('',*,*,#11991,.T.);
#12178=ORIENTED_EDGE('',*,*,#12177,.F.);
#12179=ORIENTED_EDGE('',*,*,#8255,.T.);
#12180=ORIENTED_EDGE('',*,*,#12165,.T.);
#12181=EDGE_LOOP('',(#12176,#12178,#12179,#12180));
#12182=FACE_OUTER_BOUND('',#12181,.F.);
#12184=CARTESIAN_POINT('',(2.12E1,-2.25E-1,0.E0));
#12185=DIRECTION('',(-1.E0,0.E0,0.E0));
#12186=DIRECTION('',(0.E0,-1.E0,0.E0));
#12187=AXIS2_PLACEMENT_3D('',#12184,#12185,#12186);
#12188=PLANE('',#12187);
#12189=ORIENTED_EDGE('',*,*,#12177,.T.);
#12190=ORIENTED_EDGE('',*,*,#11989,.T.);
#12192=ORIENTED_EDGE('',*,*,#12191,.F.);
#12193=ORIENTED_EDGE('',*,*,#8257,.F.);
#12194=EDGE_LOOP('',(#12189,#12190,#12192,#12193));
#12195=FACE_OUTER_BOUND('',#12194,.F.);
#12197=CARTESIAN_POINT('',(2.12E1,-3.975E0,0.E0));
#12198=DIRECTION('',(0.E0,-1.E0,0.E0));
#12199=DIRECTION('',(1.E0,0.E0,0.E0));
#12200=AXIS2_PLACEMENT_3D('',#12197,#12198,#12199);
#12201=PLANE('',#12200);
#12202=ORIENTED_EDGE('',*,*,#12191,.T.);
#12203=ORIENTED_EDGE('',*,*,#11987,.T.);
#12205=ORIENTED_EDGE('',*,*,#12204,.F.);
#12206=ORIENTED_EDGE('',*,*,#8259,.F.);
#12207=EDGE_LOOP('',(#12202,#12203,#12205,#12206));
#12208=FACE_OUTER_BOUND('',#12207,.F.);
#12210=CARTESIAN_POINT('',(2.5E1,-3.975E0,0.E0));
#12211=DIRECTION('',(1.E0,0.E0,0.E0));
#12212=DIRECTION('',(0.E0,1.E0,0.E0));
#12213=AXIS2_PLACEMENT_3D('',#12210,#12211,#12212);
#12214=PLANE('',#12213);
#12215=ORIENTED_EDGE('',*,*,#12153,.F.);
#12216=ORIENTED_EDGE('',*,*,#8249,.F.);
#12217=ORIENTED_EDGE('',*,*,#12204,.T.);
#12218=ORIENTED_EDGE('',*,*,#11985,.T.);
#12219=EDGE_LOOP('',(#12215,#12216,#12217,#12218));
#12220=FACE_OUTER_BOUND('',#12219,.F.);
#12222=CARTESIAN_POINT('',(-2.575E1,4.8E0,-1.28E1));
#12223=DIRECTION('',(-1.E0,0.E0,0.E0));
#12224=DIRECTION('',(0.E0,-1.E0,0.E0));
#12225=AXIS2_PLACEMENT_3D('',#12222,#12223,#12224);
#12226=PLANE('',#12225);
#12228=ORIENTED_EDGE('',*,*,#12227,.F.);
#12229=ORIENTED_EDGE('',*,*,#7181,.F.);
#12231=ORIENTED_EDGE('',*,*,#12230,.T.);
#12232=ORIENTED_EDGE('',*,*,#8058,.T.);
#12233=EDGE_LOOP('',(#12228,#12229,#12231,#12232));
#12234=FACE_OUTER_BOUND('',#12233,.F.);
#12236=CARTESIAN_POINT('',(-2.575E1,4.8E0,-1.28E1));
#12237=DIRECTION('',(-1.E0,0.E0,0.E0));
#12238=DIRECTION('',(0.E0,-1.E0,0.E0));
#12239=AXIS2_PLACEMENT_3D('',#12236,#12237,#12238);
#12240=PLANE('',#12239);
#12242=ORIENTED_EDGE('',*,*,#12241,.T.);
#12243=ORIENTED_EDGE('',*,*,#8054,.T.);
#12244=ORIENTED_EDGE('',*,*,#8012,.F.);
#12245=ORIENTED_EDGE('',*,*,#7185,.F.);
#12246=EDGE_LOOP('',(#12242,#12243,#12244,#12245));
#12247=FACE_OUTER_BOUND('',#12246,.F.);
#12249=CARTESIAN_POINT('',(-2.575E1,2.45E0,0.E0));
#12250=DIRECTION('',(0.E0,0.E0,1.E0));
#12251=DIRECTION('',(1.E0,0.E0,0.E0));
#12252=AXIS2_PLACEMENT_3D('',#12249,#12250,#12251);
#12253=CYLINDRICAL_SURFACE('',#12252,3.5E-1);
#12254=ORIENTED_EDGE('',*,*,#12227,.T.);
#12255=ORIENTED_EDGE('',*,*,#8056,.T.);
#12256=ORIENTED_EDGE('',*,*,#12241,.F.);
#12257=ORIENTED_EDGE('',*,*,#7183,.F.);
#12258=EDGE_LOOP('',(#12254,#12255,#12256,#12257));
#12259=FACE_OUTER_BOUND('',#12258,.F.);
#12261=CARTESIAN_POINT('',(2.575E1,4.8E0,-1.28E1));
#12262=DIRECTION('',(0.E0,1.E0,0.E0));
#12263=DIRECTION('',(-1.E0,0.E0,0.E0));
#12264=AXIS2_PLACEMENT_3D('',#12261,#12262,#12263);
#12265=PLANE('',#12264);
#12266=ORIENTED_EDGE('',*,*,#7713,.T.);
#12268=ORIENTED_EDGE('',*,*,#12267,.F.);
#12269=ORIENTED_EDGE('',*,*,#7207,.F.);
#12271=ORIENTED_EDGE('',*,*,#12270,.T.);
#12272=ORIENTED_EDGE('',*,*,#8060,.T.);
#12273=ORIENTED_EDGE('',*,*,#12230,.F.);
#12274=ORIENTED_EDGE('',*,*,#7223,.F.);
#12276=ORIENTED_EDGE('',*,*,#12275,.T.);
#12277=ORIENTED_EDGE('',*,*,#7697,.T.);
#12279=ORIENTED_EDGE('',*,*,#12278,.F.);
#12280=ORIENTED_EDGE('',*,*,#6867,.F.);
#12282=ORIENTED_EDGE('',*,*,#12281,.T.);
#12283=ORIENTED_EDGE('',*,*,#7689,.T.);
#12285=ORIENTED_EDGE('',*,*,#12284,.F.);
#12286=ORIENTED_EDGE('',*,*,#6897,.F.);
#12288=ORIENTED_EDGE('',*,*,#12287,.T.);
#12289=ORIENTED_EDGE('',*,*,#7785,.T.);
#12291=ORIENTED_EDGE('',*,*,#12290,.F.);
#12292=ORIENTED_EDGE('',*,*,#7041,.F.);
#12294=ORIENTED_EDGE('',*,*,#12293,.T.);
#12295=ORIENTED_EDGE('',*,*,#7777,.T.);
#12297=ORIENTED_EDGE('',*,*,#12296,.F.);
#12298=ORIENTED_EDGE('',*,*,#7057,.F.);
#12300=ORIENTED_EDGE('',*,*,#12299,.T.);
#12301=ORIENTED_EDGE('',*,*,#7769,.T.);
#12303=ORIENTED_EDGE('',*,*,#12302,.F.);
#12304=ORIENTED_EDGE('',*,*,#7073,.F.);
#12306=ORIENTED_EDGE('',*,*,#12305,.T.);
#12307=ORIENTED_EDGE('',*,*,#7761,.T.);
#12309=ORIENTED_EDGE('',*,*,#12308,.F.);
#12310=ORIENTED_EDGE('',*,*,#7089,.F.);
#12312=ORIENTED_EDGE('',*,*,#12311,.T.);
#12313=ORIENTED_EDGE('',*,*,#7753,.T.);
#12315=ORIENTED_EDGE('',*,*,#12314,.F.);
#12316=ORIENTED_EDGE('',*,*,#7105,.F.);
#12318=ORIENTED_EDGE('',*,*,#12317,.T.);
#12319=ORIENTED_EDGE('',*,*,#7745,.T.);
#12321=ORIENTED_EDGE('',*,*,#12320,.F.);
#12322=ORIENTED_EDGE('',*,*,#7121,.F.);
#12324=ORIENTED_EDGE('',*,*,#12323,.T.);
#12325=ORIENTED_EDGE('',*,*,#7737,.T.);
#12327=ORIENTED_EDGE('',*,*,#12326,.F.);
#12328=ORIENTED_EDGE('',*,*,#7137,.F.);
#12330=ORIENTED_EDGE('',*,*,#12329,.T.);
#12331=ORIENTED_EDGE('',*,*,#7729,.T.);
#12333=ORIENTED_EDGE('',*,*,#12332,.F.);
#12334=ORIENTED_EDGE('',*,*,#7153,.F.);
#12336=ORIENTED_EDGE('',*,*,#12335,.T.);
#12337=ORIENTED_EDGE('',*,*,#7721,.T.);
#12339=ORIENTED_EDGE('',*,*,#12338,.F.);
#12340=ORIENTED_EDGE('',*,*,#7169,.F.);
#12342=ORIENTED_EDGE('',*,*,#12341,.T.);
#12343=EDGE_LOOP('',(#12266,#12268,#12269,#12271,#12272,#12273,#12274,#12276,
#12277,#12279,#12280,#12282,#12283,#12285,#12286,#12288,#12289,#12291,#12292,
#12294,#12295,#12297,#12298,#12300,#12301,#12303,#12304,#12306,#12307,#12309,
#12310,#12312,#12313,#12315,#12316,#12318,#12319,#12321,#12322,#12324,#12325,
#12327,#12328,#12330,#12331,#12333,#12334,#12336,#12337,#12339,#12340,#12342));
#12344=FACE_OUTER_BOUND('',#12343,.F.);
#12346=CARTESIAN_POINT('',(2.41E1,4.8E0,-1.28E1));
#12347=DIRECTION('',(1.E0,0.E0,0.E0));
#12348=DIRECTION('',(0.E0,-1.E0,0.E0));
#12349=AXIS2_PLACEMENT_3D('',#12346,#12347,#12348);
#12350=PLANE('',#12349);
#12352=ORIENTED_EDGE('',*,*,#12351,.T.);
#12353=ORIENTED_EDGE('',*,*,#7209,.F.);
#12354=ORIENTED_EDGE('',*,*,#12267,.T.);
#12355=ORIENTED_EDGE('',*,*,#7711,.T.);
#12356=EDGE_LOOP('',(#12352,#12353,#12354,#12355));
#12357=FACE_OUTER_BOUND('',#12356,.F.);
#12359=CARTESIAN_POINT('',(-2.5E1,3.975E0,-1.28E1));
#12360=DIRECTION('',(0.E0,1.E0,0.E0));
#12361=DIRECTION('',(1.E0,0.E0,0.E0));
#12362=AXIS2_PLACEMENT_3D('',#12359,#12360,#12361);
#12363=PLANE('',#12362);
#12364=ORIENTED_EDGE('',*,*,#7219,.F.);
#12366=ORIENTED_EDGE('',*,*,#12365,.T.);
#12367=ORIENTED_EDGE('',*,*,#7701,.T.);
#12369=ORIENTED_EDGE('',*,*,#12368,.T.);
#12370=EDGE_LOOP('',(#12364,#12366,#12367,#12369));
#12371=FACE_OUTER_BOUND('',#12370,.F.);
#12373=CARTESIAN_POINT('',(-2.5E1,3.975E0,-1.28E1));
#12374=DIRECTION('',(0.E0,1.E0,0.E0));
#12375=DIRECTION('',(1.E0,0.E0,0.E0));
#12376=AXIS2_PLACEMENT_3D('',#12373,#12374,#12375);
#12377=PLANE('',#12376);
#12378=ORIENTED_EDGE('',*,*,#6863,.F.);
#12380=ORIENTED_EDGE('',*,*,#12379,.F.);
#12381=ORIENTED_EDGE('',*,*,#7693,.T.);
#12383=ORIENTED_EDGE('',*,*,#12382,.T.);
#12384=EDGE_LOOP('',(#12378,#12380,#12381,#12383));
#12385=FACE_OUTER_BOUND('',#12384,.F.);
#12387=CARTESIAN_POINT('',(-2.5E1,3.975E0,-1.28E1));
#12388=DIRECTION('',(0.E0,1.E0,0.E0));
#12389=DIRECTION('',(1.E0,0.E0,0.E0));
#12390=AXIS2_PLACEMENT_3D('',#12387,#12388,#12389);
#12391=PLANE('',#12390);
#12392=ORIENTED_EDGE('',*,*,#6893,.F.);
#12394=ORIENTED_EDGE('',*,*,#12393,.F.);
#12395=ORIENTED_EDGE('',*,*,#7685,.T.);
#12397=ORIENTED_EDGE('',*,*,#12396,.T.);
#12398=EDGE_LOOP('',(#12392,#12394,#12395,#12397));
#12399=FACE_OUTER_BOUND('',#12398,.F.);
#12401=CARTESIAN_POINT('',(-2.5E1,3.975E0,-1.28E1));
#12402=DIRECTION('',(0.E0,1.E0,0.E0));
#12403=DIRECTION('',(1.E0,0.E0,0.E0));
#12404=AXIS2_PLACEMENT_3D('',#12401,#12402,#12403);
#12405=PLANE('',#12404);
#12406=ORIENTED_EDGE('',*,*,#7037,.F.);
#12408=ORIENTED_EDGE('',*,*,#12407,.F.);
#12409=ORIENTED_EDGE('',*,*,#7781,.T.);
#12411=ORIENTED_EDGE('',*,*,#12410,.T.);
#12412=EDGE_LOOP('',(#12406,#12408,#12409,#12411));
#12413=FACE_OUTER_BOUND('',#12412,.F.);
#12415=CARTESIAN_POINT('',(-2.5E1,3.975E0,-1.28E1));
#12416=DIRECTION('',(0.E0,1.E0,0.E0));
#12417=DIRECTION('',(1.E0,0.E0,0.E0));
#12418=AXIS2_PLACEMENT_3D('',#12415,#12416,#12417);
#12419=PLANE('',#12418);
#12420=ORIENTED_EDGE('',*,*,#7053,.F.);
#12422=ORIENTED_EDGE('',*,*,#12421,.F.);
#12423=ORIENTED_EDGE('',*,*,#7773,.T.);
#12425=ORIENTED_EDGE('',*,*,#12424,.T.);
#12426=EDGE_LOOP('',(#12420,#12422,#12423,#12425));
#12427=FACE_OUTER_BOUND('',#12426,.F.);
#12429=CARTESIAN_POINT('',(-2.5E1,3.975E0,-1.28E1));
#12430=DIRECTION('',(0.E0,1.E0,0.E0));
#12431=DIRECTION('',(1.E0,0.E0,0.E0));
#12432=AXIS2_PLACEMENT_3D('',#12429,#12430,#12431);
#12433=PLANE('',#12432);
#12434=ORIENTED_EDGE('',*,*,#7069,.F.);
#12436=ORIENTED_EDGE('',*,*,#12435,.F.);
#12437=ORIENTED_EDGE('',*,*,#7765,.T.);
#12439=ORIENTED_EDGE('',*,*,#12438,.T.);
#12440=EDGE_LOOP('',(#12434,#12436,#12437,#12439));
#12441=FACE_OUTER_BOUND('',#12440,.F.);
#12443=CARTESIAN_POINT('',(-2.5E1,3.975E0,-1.28E1));
#12444=DIRECTION('',(0.E0,1.E0,0.E0));
#12445=DIRECTION('',(1.E0,0.E0,0.E0));
#12446=AXIS2_PLACEMENT_3D('',#12443,#12444,#12445);
#12447=PLANE('',#12446);
#12448=ORIENTED_EDGE('',*,*,#7085,.F.);
#12450=ORIENTED_EDGE('',*,*,#12449,.F.);
#12451=ORIENTED_EDGE('',*,*,#7757,.T.);
#12453=ORIENTED_EDGE('',*,*,#12452,.T.);
#12454=EDGE_LOOP('',(#12448,#12450,#12451,#12453));
#12455=FACE_OUTER_BOUND('',#12454,.F.);
#12457=CARTESIAN_POINT('',(-2.5E1,3.975E0,-1.28E1));
#12458=DIRECTION('',(0.E0,1.E0,0.E0));
#12459=DIRECTION('',(1.E0,0.E0,0.E0));
#12460=AXIS2_PLACEMENT_3D('',#12457,#12458,#12459);
#12461=PLANE('',#12460);
#12462=ORIENTED_EDGE('',*,*,#7101,.F.);
#12464=ORIENTED_EDGE('',*,*,#12463,.F.);
#12465=ORIENTED_EDGE('',*,*,#7749,.T.);
#12467=ORIENTED_EDGE('',*,*,#12466,.T.);
#12468=EDGE_LOOP('',(#12462,#12464,#12465,#12467));
#12469=FACE_OUTER_BOUND('',#12468,.F.);
#12471=CARTESIAN_POINT('',(-2.5E1,3.975E0,-1.28E1));
#12472=DIRECTION('',(0.E0,1.E0,0.E0));
#12473=DIRECTION('',(1.E0,0.E0,0.E0));
#12474=AXIS2_PLACEMENT_3D('',#12471,#12472,#12473);
#12475=PLANE('',#12474);
#12476=ORIENTED_EDGE('',*,*,#7117,.F.);
#12478=ORIENTED_EDGE('',*,*,#12477,.F.);
#12479=ORIENTED_EDGE('',*,*,#7741,.T.);
#12481=ORIENTED_EDGE('',*,*,#12480,.T.);
#12482=EDGE_LOOP('',(#12476,#12478,#12479,#12481));
#12483=FACE_OUTER_BOUND('',#12482,.F.);
#12485=CARTESIAN_POINT('',(-2.5E1,3.975E0,-1.28E1));
#12486=DIRECTION('',(0.E0,1.E0,0.E0));
#12487=DIRECTION('',(1.E0,0.E0,0.E0));
#12488=AXIS2_PLACEMENT_3D('',#12485,#12486,#12487);
#12489=PLANE('',#12488);
#12490=ORIENTED_EDGE('',*,*,#7133,.F.);
#12492=ORIENTED_EDGE('',*,*,#12491,.F.);
#12493=ORIENTED_EDGE('',*,*,#7733,.T.);
#12495=ORIENTED_EDGE('',*,*,#12494,.T.);
#12496=EDGE_LOOP('',(#12490,#12492,#12493,#12495));
#12497=FACE_OUTER_BOUND('',#12496,.F.);
#12499=CARTESIAN_POINT('',(-2.5E1,3.975E0,-1.28E1));
#12500=DIRECTION('',(0.E0,1.E0,0.E0));
#12501=DIRECTION('',(1.E0,0.E0,0.E0));
#12502=AXIS2_PLACEMENT_3D('',#12499,#12500,#12501);
#12503=PLANE('',#12502);
#12504=ORIENTED_EDGE('',*,*,#7149,.F.);
#12506=ORIENTED_EDGE('',*,*,#12505,.F.);
#12507=ORIENTED_EDGE('',*,*,#7725,.T.);
#12509=ORIENTED_EDGE('',*,*,#12508,.T.);
#12510=EDGE_LOOP('',(#12504,#12506,#12507,#12509));
#12511=FACE_OUTER_BOUND('',#12510,.F.);
#12513=CARTESIAN_POINT('',(-2.5E1,3.975E0,-1.28E1));
#12514=DIRECTION('',(0.E0,1.E0,0.E0));
#12515=DIRECTION('',(1.E0,0.E0,0.E0));
#12516=AXIS2_PLACEMENT_3D('',#12513,#12514,#12515);
#12517=PLANE('',#12516);
#12518=ORIENTED_EDGE('',*,*,#7165,.F.);
#12520=ORIENTED_EDGE('',*,*,#12519,.F.);
#12521=ORIENTED_EDGE('',*,*,#7717,.T.);
#12523=ORIENTED_EDGE('',*,*,#12522,.T.);
#12524=EDGE_LOOP('',(#12518,#12520,#12521,#12523));
#12525=FACE_OUTER_BOUND('',#12524,.F.);
#12527=CARTESIAN_POINT('',(-2.5E1,3.975E0,-1.28E1));
#12528=DIRECTION('',(0.E0,1.E0,0.E0));
#12529=DIRECTION('',(1.E0,0.E0,0.E0));
#12530=AXIS2_PLACEMENT_3D('',#12527,#12528,#12529);
#12531=PLANE('',#12530);
#12532=ORIENTED_EDGE('',*,*,#7211,.F.);
#12533=ORIENTED_EDGE('',*,*,#12351,.F.);
#12534=ORIENTED_EDGE('',*,*,#7709,.T.);
#12536=ORIENTED_EDGE('',*,*,#12535,.F.);
#12537=EDGE_LOOP('',(#12532,#12533,#12534,#12536));
#12538=FACE_OUTER_BOUND('',#12537,.F.);
#12540=CARTESIAN_POINT('',(-2.5E1,2.25E-1,-1.28E1));
#12541=DIRECTION('',(-1.E0,0.E0,0.E0));
#12542=DIRECTION('',(0.E0,1.E0,0.E0));
#12543=AXIS2_PLACEMENT_3D('',#12540,#12541,#12542);
#12544=PLANE('',#12543);
#12545=ORIENTED_EDGE('',*,*,#7217,.F.);
#12547=ORIENTED_EDGE('',*,*,#12546,.T.);
#12548=ORIENTED_EDGE('',*,*,#7703,.T.);
#12549=ORIENTED_EDGE('',*,*,#12365,.F.);
#12550=EDGE_LOOP('',(#12545,#12547,#12548,#12549));
#12551=FACE_OUTER_BOUND('',#12550,.F.);
#12553=CARTESIAN_POINT('',(2.5E1,2.25E-1,-1.28E1));
#12554=DIRECTION('',(0.E0,-1.E0,0.E0));
#12555=DIRECTION('',(-1.E0,0.E0,0.E0));
#12556=AXIS2_PLACEMENT_3D('',#12553,#12554,#12555);
#12557=PLANE('',#12556);
#12558=ORIENTED_EDGE('',*,*,#7215,.F.);
#12560=ORIENTED_EDGE('',*,*,#12559,.T.);
#12561=ORIENTED_EDGE('',*,*,#7705,.T.);
#12562=ORIENTED_EDGE('',*,*,#12546,.F.);
#12563=EDGE_LOOP('',(#12558,#12560,#12561,#12562));
#12564=FACE_OUTER_BOUND('',#12563,.F.);
#12566=CARTESIAN_POINT('',(2.5E1,3.975E0,-1.28E1));
#12567=DIRECTION('',(1.E0,0.E0,0.E0));
#12568=DIRECTION('',(0.E0,-1.E0,0.E0));
#12569=AXIS2_PLACEMENT_3D('',#12566,#12567,#12568);
#12570=PLANE('',#12569);
#12571=ORIENTED_EDGE('',*,*,#7213,.F.);
#12572=ORIENTED_EDGE('',*,*,#12535,.T.);
#12573=ORIENTED_EDGE('',*,*,#7707,.T.);
#12574=ORIENTED_EDGE('',*,*,#12559,.F.);
#12575=EDGE_LOOP('',(#12571,#12572,#12573,#12574));
#12576=FACE_OUTER_BOUND('',#12575,.F.);
#12578=CARTESIAN_POINT('',(-2.41E1,3.975E0,-1.28E1));
#12579=DIRECTION('',(-1.E0,0.E0,0.E0));
#12580=DIRECTION('',(0.E0,1.E0,0.E0));
#12581=AXIS2_PLACEMENT_3D('',#12578,#12579,#12580);
#12582=PLANE('',#12581);
#12583=ORIENTED_EDGE('',*,*,#7221,.T.);
#12584=ORIENTED_EDGE('',*,*,#12368,.F.);
#12585=ORIENTED_EDGE('',*,*,#7699,.T.);
#12586=ORIENTED_EDGE('',*,*,#12275,.F.);
#12587=EDGE_LOOP('',(#12583,#12584,#12585,#12586));
#12588=FACE_OUTER_BOUND('',#12587,.F.);
#12590=CARTESIAN_POINT('',(-2.21E1,4.8E0,-1.28E1));
#12591=DIRECTION('',(1.E0,0.E0,0.E0));
#12592=DIRECTION('',(0.E0,-1.E0,0.E0));
#12593=AXIS2_PLACEMENT_3D('',#12590,#12591,#12592);
#12594=PLANE('',#12593);
#12595=ORIENTED_EDGE('',*,*,#6861,.F.);
#12596=ORIENTED_EDGE('',*,*,#12278,.T.);
#12597=ORIENTED_EDGE('',*,*,#7695,.T.);
#12598=ORIENTED_EDGE('',*,*,#12379,.T.);
#12599=EDGE_LOOP('',(#12595,#12596,#12597,#12598));
#12600=FACE_OUTER_BOUND('',#12599,.F.);
#12602=CARTESIAN_POINT('',(-1.99E1,3.975E0,-1.28E1));
#12603=DIRECTION('',(-1.E0,0.E0,0.E0));
#12604=DIRECTION('',(0.E0,1.E0,0.E0));
#12605=AXIS2_PLACEMENT_3D('',#12602,#12603,#12604);
#12606=PLANE('',#12605);
#12607=ORIENTED_EDGE('',*,*,#12382,.F.);
#12608=ORIENTED_EDGE('',*,*,#7691,.T.);
#12609=ORIENTED_EDGE('',*,*,#12281,.F.);
#12610=ORIENTED_EDGE('',*,*,#6865,.T.);
#12611=EDGE_LOOP('',(#12607,#12608,#12609,#12610));
#12612=FACE_OUTER_BOUND('',#12611,.F.);
#12614=CARTESIAN_POINT('',(-1.79E1,4.8E0,-1.28E1));
#12615=DIRECTION('',(1.E0,0.E0,0.E0));
#12616=DIRECTION('',(0.E0,-1.E0,0.E0));
#12617=AXIS2_PLACEMENT_3D('',#12614,#12615,#12616);
#12618=PLANE('',#12617);
#12619=ORIENTED_EDGE('',*,*,#12393,.T.);
#12620=ORIENTED_EDGE('',*,*,#6899,.F.);
#12621=ORIENTED_EDGE('',*,*,#12284,.T.);
#12622=ORIENTED_EDGE('',*,*,#7687,.T.);
#12623=EDGE_LOOP('',(#12619,#12620,#12621,#12622));
#12624=FACE_OUTER_BOUND('',#12623,.F.);
#12626=CARTESIAN_POINT('',(-1.57E1,3.975E0,-1.28E1));
#12627=DIRECTION('',(-1.E0,0.E0,0.E0));
#12628=DIRECTION('',(0.E0,1.E0,0.E0));
#12629=AXIS2_PLACEMENT_3D('',#12626,#12627,#12628);
#12630=PLANE('',#12629);
#12631=ORIENTED_EDGE('',*,*,#12396,.F.);
#12632=ORIENTED_EDGE('',*,*,#7787,.T.);
#12633=ORIENTED_EDGE('',*,*,#12287,.F.);
#12634=ORIENTED_EDGE('',*,*,#6895,.T.);
#12635=EDGE_LOOP('',(#12631,#12632,#12633,#12634));
#12636=FACE_OUTER_BOUND('',#12635,.F.);
#12638=CARTESIAN_POINT('',(-1.37E1,4.8E0,-1.28E1));
#12639=DIRECTION('',(1.E0,0.E0,0.E0));
#12640=DIRECTION('',(0.E0,-1.E0,0.E0));
#12641=AXIS2_PLACEMENT_3D('',#12638,#12639,#12640);
#12642=PLANE('',#12641);
#12643=ORIENTED_EDGE('',*,*,#12407,.T.);
#12644=ORIENTED_EDGE('',*,*,#7043,.F.);
#12645=ORIENTED_EDGE('',*,*,#12290,.T.);
#12646=ORIENTED_EDGE('',*,*,#7783,.T.);
#12647=EDGE_LOOP('',(#12643,#12644,#12645,#12646));
#12648=FACE_OUTER_BOUND('',#12647,.F.);
#12650=CARTESIAN_POINT('',(-1.15E1,3.975E0,-1.28E1));
#12651=DIRECTION('',(-1.E0,0.E0,0.E0));
#12652=DIRECTION('',(0.E0,1.E0,0.E0));
#12653=AXIS2_PLACEMENT_3D('',#12650,#12651,#12652);
#12654=PLANE('',#12653);
#12655=ORIENTED_EDGE('',*,*,#12410,.F.);
#12656=ORIENTED_EDGE('',*,*,#7779,.T.);
#12657=ORIENTED_EDGE('',*,*,#12293,.F.);
#12658=ORIENTED_EDGE('',*,*,#7039,.T.);
#12659=EDGE_LOOP('',(#12655,#12656,#12657,#12658));
#12660=FACE_OUTER_BOUND('',#12659,.F.);
#12662=CARTESIAN_POINT('',(-9.5E0,4.8E0,-1.28E1));
#12663=DIRECTION('',(1.E0,0.E0,0.E0));
#12664=DIRECTION('',(0.E0,-1.E0,0.E0));
#12665=AXIS2_PLACEMENT_3D('',#12662,#12663,#12664);
#12666=PLANE('',#12665);
#12667=ORIENTED_EDGE('',*,*,#12421,.T.);
#12668=ORIENTED_EDGE('',*,*,#7059,.F.);
#12669=ORIENTED_EDGE('',*,*,#12296,.T.);
#12670=ORIENTED_EDGE('',*,*,#7775,.T.);
#12671=EDGE_LOOP('',(#12667,#12668,#12669,#12670));
#12672=FACE_OUTER_BOUND('',#12671,.F.);
#12674=CARTESIAN_POINT('',(-7.3E0,3.975E0,-1.28E1));
#12675=DIRECTION('',(-1.E0,0.E0,0.E0));
#12676=DIRECTION('',(0.E0,1.E0,0.E0));
#12677=AXIS2_PLACEMENT_3D('',#12674,#12675,#12676);
#12678=PLANE('',#12677);
#12679=ORIENTED_EDGE('',*,*,#12424,.F.);
#12680=ORIENTED_EDGE('',*,*,#7771,.T.);
#12681=ORIENTED_EDGE('',*,*,#12299,.F.);
#12682=ORIENTED_EDGE('',*,*,#7055,.T.);
#12683=EDGE_LOOP('',(#12679,#12680,#12681,#12682));
#12684=FACE_OUTER_BOUND('',#12683,.F.);
#12686=CARTESIAN_POINT('',(-5.3E0,4.8E0,-1.28E1));
#12687=DIRECTION('',(1.E0,0.E0,0.E0));
#12688=DIRECTION('',(0.E0,-1.E0,0.E0));
#12689=AXIS2_PLACEMENT_3D('',#12686,#12687,#12688);
#12690=PLANE('',#12689);
#12691=ORIENTED_EDGE('',*,*,#12435,.T.);
#12692=ORIENTED_EDGE('',*,*,#7075,.F.);
#12693=ORIENTED_EDGE('',*,*,#12302,.T.);
#12694=ORIENTED_EDGE('',*,*,#7767,.T.);
#12695=EDGE_LOOP('',(#12691,#12692,#12693,#12694));
#12696=FACE_OUTER_BOUND('',#12695,.F.);
#12698=CARTESIAN_POINT('',(-3.1E0,3.975E0,-1.28E1));
#12699=DIRECTION('',(-1.E0,0.E0,0.E0));
#12700=DIRECTION('',(0.E0,1.E0,0.E0));
#12701=AXIS2_PLACEMENT_3D('',#12698,#12699,#12700);
#12702=PLANE('',#12701);
#12703=ORIENTED_EDGE('',*,*,#12438,.F.);
#12704=ORIENTED_EDGE('',*,*,#7763,.T.);
#12705=ORIENTED_EDGE('',*,*,#12305,.F.);
#12706=ORIENTED_EDGE('',*,*,#7071,.T.);
#12707=EDGE_LOOP('',(#12703,#12704,#12705,#12706));
#12708=FACE_OUTER_BOUND('',#12707,.F.);
#12710=CARTESIAN_POINT('',(-1.1E0,4.8E0,-1.28E1));
#12711=DIRECTION('',(1.E0,0.E0,0.E0));
#12712=DIRECTION('',(0.E0,-1.E0,0.E0));
#12713=AXIS2_PLACEMENT_3D('',#12710,#12711,#12712);
#12714=PLANE('',#12713);
#12715=ORIENTED_EDGE('',*,*,#12449,.T.);
#12716=ORIENTED_EDGE('',*,*,#7091,.F.);
#12717=ORIENTED_EDGE('',*,*,#12308,.T.);
#12718=ORIENTED_EDGE('',*,*,#7759,.T.);
#12719=EDGE_LOOP('',(#12715,#12716,#12717,#12718));
#12720=FACE_OUTER_BOUND('',#12719,.F.);
#12722=CARTESIAN_POINT('',(1.1E0,3.975E0,-1.28E1));
#12723=DIRECTION('',(-1.E0,0.E0,0.E0));
#12724=DIRECTION('',(0.E0,1.E0,0.E0));
#12725=AXIS2_PLACEMENT_3D('',#12722,#12723,#12724);
#12726=PLANE('',#12725);
#12727=ORIENTED_EDGE('',*,*,#12452,.F.);
#12728=ORIENTED_EDGE('',*,*,#7755,.T.);
#12729=ORIENTED_EDGE('',*,*,#12311,.F.);
#12730=ORIENTED_EDGE('',*,*,#7087,.T.);
#12731=EDGE_LOOP('',(#12727,#12728,#12729,#12730));
#12732=FACE_OUTER_BOUND('',#12731,.F.);
#12734=CARTESIAN_POINT('',(3.1E0,4.8E0,-1.28E1));
#12735=DIRECTION('',(1.E0,0.E0,0.E0));
#12736=DIRECTION('',(0.E0,-1.E0,0.E0));
#12737=AXIS2_PLACEMENT_3D('',#12734,#12735,#12736);
#12738=PLANE('',#12737);
#12739=ORIENTED_EDGE('',*,*,#12463,.T.);
#12740=ORIENTED_EDGE('',*,*,#7107,.F.);
#12741=ORIENTED_EDGE('',*,*,#12314,.T.);
#12742=ORIENTED_EDGE('',*,*,#7751,.T.);
#12743=EDGE_LOOP('',(#12739,#12740,#12741,#12742));
#12744=FACE_OUTER_BOUND('',#12743,.F.);
#12746=CARTESIAN_POINT('',(5.3E0,3.975E0,-1.28E1));
#12747=DIRECTION('',(-1.E0,0.E0,0.E0));
#12748=DIRECTION('',(0.E0,1.E0,0.E0));
#12749=AXIS2_PLACEMENT_3D('',#12746,#12747,#12748);
#12750=PLANE('',#12749);
#12751=ORIENTED_EDGE('',*,*,#12466,.F.);
#12752=ORIENTED_EDGE('',*,*,#7747,.T.);
#12753=ORIENTED_EDGE('',*,*,#12317,.F.);
#12754=ORIENTED_EDGE('',*,*,#7103,.T.);
#12755=EDGE_LOOP('',(#12751,#12752,#12753,#12754));
#12756=FACE_OUTER_BOUND('',#12755,.F.);
#12758=CARTESIAN_POINT('',(7.3E0,4.8E0,-1.28E1));
#12759=DIRECTION('',(1.E0,0.E0,0.E0));
#12760=DIRECTION('',(0.E0,-1.E0,0.E0));
#12761=AXIS2_PLACEMENT_3D('',#12758,#12759,#12760);
#12762=PLANE('',#12761);
#12763=ORIENTED_EDGE('',*,*,#12477,.T.);
#12764=ORIENTED_EDGE('',*,*,#7123,.F.);
#12765=ORIENTED_EDGE('',*,*,#12320,.T.);
#12766=ORIENTED_EDGE('',*,*,#7743,.T.);
#12767=EDGE_LOOP('',(#12763,#12764,#12765,#12766));
#12768=FACE_OUTER_BOUND('',#12767,.F.);
#12770=CARTESIAN_POINT('',(9.5E0,3.975E0,-1.28E1));
#12771=DIRECTION('',(-1.E0,0.E0,0.E0));
#12772=DIRECTION('',(0.E0,1.E0,0.E0));
#12773=AXIS2_PLACEMENT_3D('',#12770,#12771,#12772);
#12774=PLANE('',#12773);
#12775=ORIENTED_EDGE('',*,*,#12480,.F.);
#12776=ORIENTED_EDGE('',*,*,#7739,.T.);
#12777=ORIENTED_EDGE('',*,*,#12323,.F.);
#12778=ORIENTED_EDGE('',*,*,#7119,.T.);
#12779=EDGE_LOOP('',(#12775,#12776,#12777,#12778));
#12780=FACE_OUTER_BOUND('',#12779,.F.);
#12782=CARTESIAN_POINT('',(1.15E1,4.8E0,-1.28E1));
#12783=DIRECTION('',(1.E0,0.E0,0.E0));
#12784=DIRECTION('',(0.E0,-1.E0,0.E0));
#12785=AXIS2_PLACEMENT_3D('',#12782,#12783,#12784);
#12786=PLANE('',#12785);
#12787=ORIENTED_EDGE('',*,*,#12491,.T.);
#12788=ORIENTED_EDGE('',*,*,#7139,.F.);
#12789=ORIENTED_EDGE('',*,*,#12326,.T.);
#12790=ORIENTED_EDGE('',*,*,#7735,.T.);
#12791=EDGE_LOOP('',(#12787,#12788,#12789,#12790));
#12792=FACE_OUTER_BOUND('',#12791,.F.);
#12794=CARTESIAN_POINT('',(1.37E1,3.975E0,-1.28E1));
#12795=DIRECTION('',(-1.E0,0.E0,0.E0));
#12796=DIRECTION('',(0.E0,1.E0,0.E0));
#12797=AXIS2_PLACEMENT_3D('',#12794,#12795,#12796);
#12798=PLANE('',#12797);
#12799=ORIENTED_EDGE('',*,*,#12494,.F.);
#12800=ORIENTED_EDGE('',*,*,#7731,.T.);
#12801=ORIENTED_EDGE('',*,*,#12329,.F.);
#12802=ORIENTED_EDGE('',*,*,#7135,.T.);
#12803=EDGE_LOOP('',(#12799,#12800,#12801,#12802));
#12804=FACE_OUTER_BOUND('',#12803,.F.);
#12806=CARTESIAN_POINT('',(1.57E1,4.8E0,-1.28E1));
#12807=DIRECTION('',(1.E0,0.E0,0.E0));
#12808=DIRECTION('',(0.E0,-1.E0,0.E0));
#12809=AXIS2_PLACEMENT_3D('',#12806,#12807,#12808);
#12810=PLANE('',#12809);
#12811=ORIENTED_EDGE('',*,*,#12505,.T.);
#12812=ORIENTED_EDGE('',*,*,#7155,.F.);
#12813=ORIENTED_EDGE('',*,*,#12332,.T.);
#12814=ORIENTED_EDGE('',*,*,#7727,.T.);
#12815=EDGE_LOOP('',(#12811,#12812,#12813,#12814));
#12816=FACE_OUTER_BOUND('',#12815,.F.);
#12818=CARTESIAN_POINT('',(1.79E1,3.975E0,-1.28E1));
#12819=DIRECTION('',(-1.E0,0.E0,0.E0));
#12820=DIRECTION('',(0.E0,1.E0,0.E0));
#12821=AXIS2_PLACEMENT_3D('',#12818,#12819,#12820);
#12822=PLANE('',#12821);
#12823=ORIENTED_EDGE('',*,*,#12508,.F.);
#12824=ORIENTED_EDGE('',*,*,#7723,.T.);
#12825=ORIENTED_EDGE('',*,*,#12335,.F.);
#12826=ORIENTED_EDGE('',*,*,#7151,.T.);
#12827=EDGE_LOOP('',(#12823,#12824,#12825,#12826));
#12828=FACE_OUTER_BOUND('',#12827,.F.);
#12830=CARTESIAN_POINT('',(1.99E1,4.8E0,-1.28E1));
#12831=DIRECTION('',(1.E0,0.E0,0.E0));
#12832=DIRECTION('',(0.E0,-1.E0,0.E0));
#12833=AXIS2_PLACEMENT_3D('',#12830,#12831,#12832);
#12834=PLANE('',#12833);
#12835=ORIENTED_EDGE('',*,*,#12519,.T.);
#12836=ORIENTED_EDGE('',*,*,#7171,.F.);
#12837=ORIENTED_EDGE('',*,*,#12338,.T.);
#12838=ORIENTED_EDGE('',*,*,#7719,.T.);
#12839=EDGE_LOOP('',(#12835,#12836,#12837,#12838));
#12840=FACE_OUTER_BOUND('',#12839,.F.);
#12842=CARTESIAN_POINT('',(2.21E1,3.975E0,-1.28E1));
#12843=DIRECTION('',(-1.E0,0.E0,0.E0));
#12844=DIRECTION('',(0.E0,1.E0,0.E0));
#12845=AXIS2_PLACEMENT_3D('',#12842,#12843,#12844);
#12846=PLANE('',#12845);
#12847=ORIENTED_EDGE('',*,*,#12522,.F.);
#12848=ORIENTED_EDGE('',*,*,#7715,.T.);
#12849=ORIENTED_EDGE('',*,*,#12341,.F.);
#12850=ORIENTED_EDGE('',*,*,#7167,.T.);
#12851=EDGE_LOOP('',(#12847,#12848,#12849,#12850));
#12852=FACE_OUTER_BOUND('',#12851,.F.);
#12854=CARTESIAN_POINT('',(2.575E1,-4.8E0,-1.28E1));
#12855=DIRECTION('',(1.E0,0.E0,0.E0));
#12856=DIRECTION('',(0.E0,1.E0,0.E0));
#12857=AXIS2_PLACEMENT_3D('',#12854,#12855,#12856);
#12858=PLANE('',#12857);
#12859=ORIENTED_EDGE('',*,*,#7205,.F.);
#12860=ORIENTED_EDGE('',*,*,#7938,.T.);
#12861=ORIENTED_EDGE('',*,*,#8062,.T.);
#12862=ORIENTED_EDGE('',*,*,#12270,.F.);
#12863=EDGE_LOOP('',(#12859,#12860,#12861,#12862));
#12864=FACE_OUTER_BOUND('',#12863,.F.);
#12866=CARTESIAN_POINT('',(1.7E0,0.E0,0.E0));
#12867=DIRECTION('',(1.E0,0.E0,0.E0));
#12868=DIRECTION('',(0.E0,1.E0,0.E0));
#12869=AXIS2_PLACEMENT_3D('',#12866,#12867,#12868);
#12870=PLANE('',#12869);
#12871=ORIENTED_EDGE('',*,*,#7934,.T.);
#12873=ORIENTED_EDGE('',*,*,#12872,.F.);
#12875=ORIENTED_EDGE('',*,*,#12874,.F.);
#12876=ORIENTED_EDGE('',*,*,#8041,.F.);
#12877=EDGE_LOOP('',(#12871,#12873,#12875,#12876));
#12878=FACE_OUTER_BOUND('',#12877,.F.);
#12880=CARTESIAN_POINT('',(-1.7E0,-6.1E0,-3.2E0));
#12881=DIRECTION('',(0.E0,0.E0,-1.E0));
#12882=DIRECTION('',(0.E0,1.E0,0.E0));
#12883=AXIS2_PLACEMENT_3D('',#12880,#12881,#12882);
#12884=PLANE('',#12883);
#12885=ORIENTED_EDGE('',*,*,#7932,.F.);
#12886=ORIENTED_EDGE('',*,*,#8029,.F.);
#12888=ORIENTED_EDGE('',*,*,#12887,.T.);
#12889=ORIENTED_EDGE('',*,*,#12872,.T.);
#12890=EDGE_LOOP('',(#12885,#12886,#12888,#12889));
#12891=FACE_OUTER_BOUND('',#12890,.F.);
#12893=CARTESIAN_POINT('',(-1.7E0,-6.1E0,-2.45E0));
#12894=DIRECTION('',(0.E0,-1.E0,0.E0));
#12895=DIRECTION('',(0.E0,0.E0,-1.E0));
#12896=AXIS2_PLACEMENT_3D('',#12893,#12894,#12895);
#12897=PLANE('',#12896);
#12898=ORIENTED_EDGE('',*,*,#8027,.F.);
#12899=ORIENTED_EDGE('',*,*,#8043,.T.);
#12900=ORIENTED_EDGE('',*,*,#12874,.T.);
#12901=ORIENTED_EDGE('',*,*,#12887,.F.);
#12902=EDGE_LOOP('',(#12898,#12899,#12900,#12901));
#12903=FACE_OUTER_BOUND('',#12902,.F.);
#12905=CARTESIAN_POINT('',(2.41E1,-3.975E0,-1.28E1));
#12906=DIRECTION('',(1.E0,0.E0,0.E0));
#12907=DIRECTION('',(0.E0,-1.E0,0.E0));
#12908=AXIS2_PLACEMENT_3D('',#12905,#12906,#12907);
#12909=PLANE('',#12908);
#12910=ORIENTED_EDGE('',*,*,#7238,.F.);
#12911=ORIENTED_EDGE('',*,*,#7544,.T.);
#12912=ORIENTED_EDGE('',*,*,#7941,.F.);
#12913=ORIENTED_EDGE('',*,*,#7201,.T.);
#12914=EDGE_LOOP('',(#12910,#12911,#12912,#12913));
#12915=FACE_OUTER_BOUND('',#12914,.F.);
#12917=CARTESIAN_POINT('',(2.21E1,-4.8E0,-1.28E1));
#12918=DIRECTION('',(-1.E0,0.E0,0.E0));
#12919=DIRECTION('',(0.E0,1.E0,0.E0));
#12920=AXIS2_PLACEMENT_3D('',#12917,#12918,#12919);
#12921=PLANE('',#12920);
#12922=ORIENTED_EDGE('',*,*,#7249,.T.);
#12923=ORIENTED_EDGE('',*,*,#6835,.F.);
#12924=ORIENTED_EDGE('',*,*,#7944,.T.);
#12925=ORIENTED_EDGE('',*,*,#7540,.T.);
#12926=EDGE_LOOP('',(#12922,#12923,#12924,#12925));
#12927=FACE_OUTER_BOUND('',#12926,.F.);
#12929=CARTESIAN_POINT('',(1.99E1,-3.975E0,-1.28E1));
#12930=DIRECTION('',(1.E0,0.E0,0.E0));
#12931=DIRECTION('',(0.E0,-1.E0,0.E0));
#12932=AXIS2_PLACEMENT_3D('',#12929,#12930,#12931);
#12933=PLANE('',#12932);
#12934=ORIENTED_EDGE('',*,*,#7253,.F.);
#12935=ORIENTED_EDGE('',*,*,#7537,.T.);
#12936=ORIENTED_EDGE('',*,*,#7947,.F.);
#12937=ORIENTED_EDGE('',*,*,#6831,.T.);
#12938=EDGE_LOOP('',(#12934,#12935,#12936,#12937));
#12939=FACE_OUTER_BOUND('',#12938,.F.);
#12941=CARTESIAN_POINT('',(1.79E1,-4.8E0,-1.28E1));
#12942=DIRECTION('',(-1.E0,0.E0,0.E0));
#12943=DIRECTION('',(0.E0,1.E0,0.E0));
#12944=AXIS2_PLACEMENT_3D('',#12941,#12942,#12943);
#12945=PLANE('',#12944);
#12946=ORIENTED_EDGE('',*,*,#7294,.T.);
#12947=ORIENTED_EDGE('',*,*,#6883,.F.);
#12948=ORIENTED_EDGE('',*,*,#7950,.T.);
#12949=ORIENTED_EDGE('',*,*,#7533,.T.);
#12950=EDGE_LOOP('',(#12946,#12947,#12948,#12949));
#12951=FACE_OUTER_BOUND('',#12950,.F.);
#12953=CARTESIAN_POINT('',(1.57E1,-3.975E0,-1.28E1));
#12954=DIRECTION('',(1.E0,0.E0,0.E0));
#12955=DIRECTION('',(0.E0,-1.E0,0.E0));
#12956=AXIS2_PLACEMENT_3D('',#12953,#12954,#12955);
#12957=PLANE('',#12956);
#12958=ORIENTED_EDGE('',*,*,#7298,.F.);
#12959=ORIENTED_EDGE('',*,*,#7530,.T.);
#12960=ORIENTED_EDGE('',*,*,#7953,.F.);
#12961=ORIENTED_EDGE('',*,*,#6879,.T.);
#12962=EDGE_LOOP('',(#12958,#12959,#12960,#12961));
#12963=FACE_OUTER_BOUND('',#12962,.F.);
#12965=CARTESIAN_POINT('',(1.37E1,-4.8E0,-1.28E1));
#12966=DIRECTION('',(-1.E0,0.E0,0.E0));
#12967=DIRECTION('',(0.E0,1.E0,0.E0));
#12968=AXIS2_PLACEMENT_3D('',#12965,#12966,#12967);
#12969=PLANE('',#12968);
#12970=ORIENTED_EDGE('',*,*,#7324,.T.);
#12971=ORIENTED_EDGE('',*,*,#6931,.F.);
#12972=ORIENTED_EDGE('',*,*,#7956,.T.);
#12973=ORIENTED_EDGE('',*,*,#7526,.T.);
#12974=EDGE_LOOP('',(#12970,#12971,#12972,#12973));
#12975=FACE_OUTER_BOUND('',#12974,.F.);
#12977=CARTESIAN_POINT('',(1.15E1,-3.975E0,-1.28E1));
#12978=DIRECTION('',(1.E0,0.E0,0.E0));
#12979=DIRECTION('',(0.E0,-1.E0,0.E0));
#12980=AXIS2_PLACEMENT_3D('',#12977,#12978,#12979);
#12981=PLANE('',#12980);
#12982=ORIENTED_EDGE('',*,*,#7328,.F.);
#12983=ORIENTED_EDGE('',*,*,#7523,.T.);
#12984=ORIENTED_EDGE('',*,*,#7959,.F.);
#12985=ORIENTED_EDGE('',*,*,#6927,.T.);
#12986=EDGE_LOOP('',(#12982,#12983,#12984,#12985));
#12987=FACE_OUTER_BOUND('',#12986,.F.);
#12989=CARTESIAN_POINT('',(9.5E0,-4.8E0,-1.28E1));
#12990=DIRECTION('',(-1.E0,0.E0,0.E0));
#12991=DIRECTION('',(0.E0,1.E0,0.E0));
#12992=AXIS2_PLACEMENT_3D('',#12989,#12990,#12991);
#12993=PLANE('',#12992);
#12994=ORIENTED_EDGE('',*,*,#7339,.T.);
#12995=ORIENTED_EDGE('',*,*,#6947,.F.);
#12996=ORIENTED_EDGE('',*,*,#7962,.T.);
#12997=ORIENTED_EDGE('',*,*,#7519,.T.);
#12998=EDGE_LOOP('',(#12994,#12995,#12996,#12997));
#12999=FACE_OUTER_BOUND('',#12998,.F.);
#13001=CARTESIAN_POINT('',(7.3E0,-3.975E0,-1.28E1));
#13002=DIRECTION('',(1.E0,0.E0,0.E0));
#13003=DIRECTION('',(0.E0,-1.E0,0.E0));
#13004=AXIS2_PLACEMENT_3D('',#13001,#13002,#13003);
#13005=PLANE('',#13004);
#13006=ORIENTED_EDGE('',*,*,#7343,.F.);
#13007=ORIENTED_EDGE('',*,*,#7516,.T.);
#13008=ORIENTED_EDGE('',*,*,#7965,.F.);
#13009=ORIENTED_EDGE('',*,*,#6943,.T.);
#13010=EDGE_LOOP('',(#13006,#13007,#13008,#13009));
#13011=FACE_OUTER_BOUND('',#13010,.F.);
#13013=CARTESIAN_POINT('',(5.3E0,-4.8E0,-1.28E1));
#13014=DIRECTION('',(-1.E0,0.E0,0.E0));
#13015=DIRECTION('',(0.E0,1.E0,0.E0));
#13016=AXIS2_PLACEMENT_3D('',#13013,#13014,#13015);
#13017=PLANE('',#13016);
#13018=ORIENTED_EDGE('',*,*,#7354,.T.);
#13019=ORIENTED_EDGE('',*,*,#6963,.F.);
#13020=ORIENTED_EDGE('',*,*,#7968,.T.);
#13021=ORIENTED_EDGE('',*,*,#7512,.T.);
#13022=EDGE_LOOP('',(#13018,#13019,#13020,#13021));
#13023=FACE_OUTER_BOUND('',#13022,.F.);
#13025=CARTESIAN_POINT('',(3.1E0,-3.975E0,-1.28E1));
#13026=DIRECTION('',(1.E0,0.E0,0.E0));
#13027=DIRECTION('',(0.E0,-1.E0,0.E0));
#13028=AXIS2_PLACEMENT_3D('',#13025,#13026,#13027);
#13029=PLANE('',#13028);
#13030=ORIENTED_EDGE('',*,*,#7358,.F.);
#13031=ORIENTED_EDGE('',*,*,#7509,.T.);
#13032=ORIENTED_EDGE('',*,*,#7971,.F.);
#13033=ORIENTED_EDGE('',*,*,#6959,.T.);
#13034=EDGE_LOOP('',(#13030,#13031,#13032,#13033));
#13035=FACE_OUTER_BOUND('',#13034,.F.);
#13037=CARTESIAN_POINT('',(1.1E0,-4.8E0,-1.28E1));
#13038=DIRECTION('',(-1.E0,0.E0,0.E0));
#13039=DIRECTION('',(0.E0,1.E0,0.E0));
#13040=AXIS2_PLACEMENT_3D('',#13037,#13038,#13039);
#13041=PLANE('',#13040);
#13042=ORIENTED_EDGE('',*,*,#7369,.T.);
#13043=ORIENTED_EDGE('',*,*,#6979,.F.);
#13044=ORIENTED_EDGE('',*,*,#7974,.T.);
#13045=ORIENTED_EDGE('',*,*,#7505,.T.);
#13046=EDGE_LOOP('',(#13042,#13043,#13044,#13045));
#13047=FACE_OUTER_BOUND('',#13046,.F.);
#13049=CARTESIAN_POINT('',(-1.1E0,-3.975E0,-1.28E1));
#13050=DIRECTION('',(1.E0,0.E0,0.E0));
#13051=DIRECTION('',(0.E0,-1.E0,0.E0));
#13052=AXIS2_PLACEMENT_3D('',#13049,#13050,#13051);
#13053=PLANE('',#13052);
#13054=ORIENTED_EDGE('',*,*,#7373,.F.);
#13055=ORIENTED_EDGE('',*,*,#7502,.T.);
#13056=ORIENTED_EDGE('',*,*,#7977,.F.);
#13057=ORIENTED_EDGE('',*,*,#6975,.T.);
#13058=EDGE_LOOP('',(#13054,#13055,#13056,#13057));
#13059=FACE_OUTER_BOUND('',#13058,.F.);
#13061=CARTESIAN_POINT('',(-3.1E0,-4.8E0,-1.28E1));
#13062=DIRECTION('',(-1.E0,0.E0,0.E0));
#13063=DIRECTION('',(0.E0,1.E0,0.E0));
#13064=AXIS2_PLACEMENT_3D('',#13061,#13062,#13063);
#13065=PLANE('',#13064);
#13066=ORIENTED_EDGE('',*,*,#7384,.T.);
#13067=ORIENTED_EDGE('',*,*,#6995,.F.);
#13068=ORIENTED_EDGE('',*,*,#7980,.T.);
#13069=ORIENTED_EDGE('',*,*,#7498,.T.);
#13070=EDGE_LOOP('',(#13066,#13067,#13068,#13069));
#13071=FACE_OUTER_BOUND('',#13070,.F.);
#13073=CARTESIAN_POINT('',(-5.3E0,-3.975E0,-1.28E1));
#13074=DIRECTION('',(1.E0,0.E0,0.E0));
#13075=DIRECTION('',(0.E0,-1.E0,0.E0));
#13076=AXIS2_PLACEMENT_3D('',#13073,#13074,#13075);
#13077=PLANE('',#13076);
#13078=ORIENTED_EDGE('',*,*,#7388,.F.);
#13079=ORIENTED_EDGE('',*,*,#7495,.T.);
#13080=ORIENTED_EDGE('',*,*,#7983,.F.);
#13081=ORIENTED_EDGE('',*,*,#6991,.T.);
#13082=EDGE_LOOP('',(#13078,#13079,#13080,#13081));
#13083=FACE_OUTER_BOUND('',#13082,.F.);
#13085=CARTESIAN_POINT('',(-7.3E0,-4.8E0,-1.28E1));
#13086=DIRECTION('',(-1.E0,0.E0,0.E0));
#13087=DIRECTION('',(0.E0,1.E0,0.E0));
#13088=AXIS2_PLACEMENT_3D('',#13085,#13086,#13087);
#13089=PLANE('',#13088);
#13090=ORIENTED_EDGE('',*,*,#7399,.T.);
#13091=ORIENTED_EDGE('',*,*,#7011,.F.);
#13092=ORIENTED_EDGE('',*,*,#7986,.T.);
#13093=ORIENTED_EDGE('',*,*,#7491,.T.);
#13094=EDGE_LOOP('',(#13090,#13091,#13092,#13093));
#13095=FACE_OUTER_BOUND('',#13094,.F.);
#13097=CARTESIAN_POINT('',(-9.5E0,-3.975E0,-1.28E1));
#13098=DIRECTION('',(1.E0,0.E0,0.E0));
#13099=DIRECTION('',(0.E0,-1.E0,0.E0));
#13100=AXIS2_PLACEMENT_3D('',#13097,#13098,#13099);
#13101=PLANE('',#13100);
#13102=ORIENTED_EDGE('',*,*,#7403,.F.);
#13103=ORIENTED_EDGE('',*,*,#7488,.T.);
#13104=ORIENTED_EDGE('',*,*,#7989,.F.);
#13105=ORIENTED_EDGE('',*,*,#7007,.T.);
#13106=EDGE_LOOP('',(#13102,#13103,#13104,#13105));
#13107=FACE_OUTER_BOUND('',#13106,.F.);
#13109=CARTESIAN_POINT('',(-1.15E1,-4.8E0,-1.28E1));
#13110=DIRECTION('',(-1.E0,0.E0,0.E0));
#13111=DIRECTION('',(0.E0,1.E0,0.E0));
#13112=AXIS2_PLACEMENT_3D('',#13109,#13110,#13111);
#13113=PLANE('',#13112);
#13114=ORIENTED_EDGE('',*,*,#7414,.T.);
#13115=ORIENTED_EDGE('',*,*,#7027,.F.);
#13116=ORIENTED_EDGE('',*,*,#7992,.T.);
#13117=ORIENTED_EDGE('',*,*,#7484,.T.);
#13118=EDGE_LOOP('',(#13114,#13115,#13116,#13117));
#13119=FACE_OUTER_BOUND('',#13118,.F.);
#13121=CARTESIAN_POINT('',(-1.37E1,-3.975E0,-1.28E1));
#13122=DIRECTION('',(1.E0,0.E0,0.E0));
#13123=DIRECTION('',(0.E0,-1.E0,0.E0));
#13124=AXIS2_PLACEMENT_3D('',#13121,#13122,#13123);
#13125=PLANE('',#13124);
#13126=ORIENTED_EDGE('',*,*,#7418,.F.);
#13127=ORIENTED_EDGE('',*,*,#7481,.T.);
#13128=ORIENTED_EDGE('',*,*,#7995,.F.);
#13129=ORIENTED_EDGE('',*,*,#7023,.T.);
#13130=EDGE_LOOP('',(#13126,#13127,#13128,#13129));
#13131=FACE_OUTER_BOUND('',#13130,.F.);
#13133=CARTESIAN_POINT('',(-1.57E1,-4.8E0,-1.28E1));
#13134=DIRECTION('',(-1.E0,0.E0,0.E0));
#13135=DIRECTION('',(0.E0,1.E0,0.E0));
#13136=AXIS2_PLACEMENT_3D('',#13133,#13134,#13135);
#13137=PLANE('',#13136);
#13138=ORIENTED_EDGE('',*,*,#7311,.T.);
#13139=ORIENTED_EDGE('',*,*,#6913,.F.);
#13140=ORIENTED_EDGE('',*,*,#7998,.T.);
#13141=ORIENTED_EDGE('',*,*,#7477,.T.);
#13142=EDGE_LOOP('',(#13138,#13139,#13140,#13141));
#13143=FACE_OUTER_BOUND('',#13142,.F.);
#13145=CARTESIAN_POINT('',(-1.79E1,-3.975E0,-1.28E1));
#13146=DIRECTION('',(1.E0,0.E0,0.E0));
#13147=DIRECTION('',(0.E0,-1.E0,0.E0));
#13148=AXIS2_PLACEMENT_3D('',#13145,#13146,#13147);
#13149=PLANE('',#13148);
#13150=ORIENTED_EDGE('',*,*,#7308,.F.);
#13151=ORIENTED_EDGE('',*,*,#7474,.T.);
#13152=ORIENTED_EDGE('',*,*,#8001,.F.);
#13153=ORIENTED_EDGE('',*,*,#6909,.T.);
#13154=EDGE_LOOP('',(#13150,#13151,#13152,#13153));
#13155=FACE_OUTER_BOUND('',#13154,.F.);
#13157=CARTESIAN_POINT('',(-2.21E1,-3.975E0,-1.28E1));
#13158=DIRECTION('',(1.E0,0.E0,0.E0));
#13159=DIRECTION('',(0.E0,-1.E0,0.E0));
#13160=AXIS2_PLACEMENT_3D('',#13157,#13158,#13159);
#13161=PLANE('',#13160);
#13162=ORIENTED_EDGE('',*,*,#7278,.F.);
#13163=ORIENTED_EDGE('',*,*,#7555,.T.);
#13164=ORIENTED_EDGE('',*,*,#8006,.F.);
#13165=ORIENTED_EDGE('',*,*,#6845,.T.);
#13166=EDGE_LOOP('',(#13162,#13163,#13164,#13165));
#13167=FACE_OUTER_BOUND('',#13166,.F.);
#13169=CARTESIAN_POINT('',(-2.41E1,-4.8E0,-1.28E1));
#13170=DIRECTION('',(-1.E0,0.E0,0.E0));
#13171=DIRECTION('',(0.E0,1.E0,0.E0));
#13172=AXIS2_PLACEMENT_3D('',#13169,#13170,#13171);
#13173=PLANE('',#13172);
#13174=ORIENTED_EDGE('',*,*,#7263,.T.);
#13175=ORIENTED_EDGE('',*,*,#7189,.F.);
#13176=ORIENTED_EDGE('',*,*,#8009,.T.);
#13177=ORIENTED_EDGE('',*,*,#7551,.T.);
#13178=EDGE_LOOP('',(#13174,#13175,#13176,#13177));
#13179=FACE_OUTER_BOUND('',#13178,.F.);
#13181=CARTESIAN_POINT('',(-2.367E1,-3.025E0,-1.18E1));
#13182=DIRECTION('',(-1.E0,0.E0,0.E0));
#13183=DIRECTION('',(0.E0,1.E0,0.E0));
#13184=AXIS2_PLACEMENT_3D('',#13181,#13182,#13183);
#13185=PLANE('',#13184);
#13187=ORIENTED_EDGE('',*,*,#13186,.T.);
#13189=ORIENTED_EDGE('',*,*,#13188,.T.);
#13191=ORIENTED_EDGE('',*,*,#13190,.F.);
#13192=ORIENTED_EDGE('',*,*,#7559,.F.);
#13193=EDGE_LOOP('',(#13187,#13189,#13191,#13192));
#13194=FACE_OUTER_BOUND('',#13193,.F.);
#13196=CARTESIAN_POINT('',(-2.253E1,-3.025E0,-1.18E1));
#13197=DIRECTION('',(0.E0,-1.E0,0.E0));
#13198=DIRECTION('',(-1.E0,0.E0,0.E0));
#13199=AXIS2_PLACEMENT_3D('',#13196,#13197,#13198);
#13200=PLANE('',#13199);
#13201=ORIENTED_EDGE('',*,*,#13186,.F.);
#13202=ORIENTED_EDGE('',*,*,#7565,.F.);
#13204=ORIENTED_EDGE('',*,*,#13203,.T.);
#13206=ORIENTED_EDGE('',*,*,#13205,.T.);
#13207=EDGE_LOOP('',(#13201,#13202,#13204,#13206));
#13208=FACE_OUTER_BOUND('',#13207,.F.);
#13210=CARTESIAN_POINT('',(-2.253E1,-2.475E0,-1.18E1));
#13211=DIRECTION('',(1.E0,0.E0,0.E0));
#13212=DIRECTION('',(0.E0,-1.E0,0.E0));
#13213=AXIS2_PLACEMENT_3D('',#13210,#13211,#13212);
#13214=PLANE('',#13213);
#13216=ORIENTED_EDGE('',*,*,#13215,.T.);
#13218=ORIENTED_EDGE('',*,*,#13217,.T.);
#13219=ORIENTED_EDGE('',*,*,#13203,.F.);
#13220=ORIENTED_EDGE('',*,*,#7563,.F.);
#13221=EDGE_LOOP('',(#13216,#13218,#13219,#13220));
#13222=FACE_OUTER_BOUND('',#13221,.F.);
#13224=CARTESIAN_POINT('',(-2.367E1,-2.475E0,-1.18E1));
#13225=DIRECTION('',(0.E0,1.E0,0.E0));
#13226=DIRECTION('',(1.E0,0.E0,0.E0));
#13227=AXIS2_PLACEMENT_3D('',#13224,#13225,#13226);
#13228=PLANE('',#13227);
#13229=ORIENTED_EDGE('',*,*,#13190,.T.);
#13231=ORIENTED_EDGE('',*,*,#13230,.T.);
#13232=ORIENTED_EDGE('',*,*,#13215,.F.);
#13233=ORIENTED_EDGE('',*,*,#7561,.F.);
#13234=EDGE_LOOP('',(#13229,#13231,#13232,#13233));
#13235=FACE_OUTER_BOUND('',#13234,.F.);
#13237=CARTESIAN_POINT('',(0.E0,0.E0,-1.6E1));
#13238=DIRECTION('',(0.E0,0.E0,-1.E0));
#13239=DIRECTION('',(1.E0,0.E0,0.E0));
#13240=AXIS2_PLACEMENT_3D('',#13237,#13238,#13239);
#13241=PLANE('',#13240);
#13242=ORIENTED_EDGE('',*,*,#13188,.F.);
#13243=ORIENTED_EDGE('',*,*,#13205,.F.);
#13244=ORIENTED_EDGE('',*,*,#13217,.F.);
#13245=ORIENTED_EDGE('',*,*,#13230,.F.);
#13246=EDGE_LOOP('',(#13242,#13243,#13244,#13245));
#13247=FACE_OUTER_BOUND('',#13246,.F.);
#13249=CARTESIAN_POINT('',(0.E0,0.E0,-1.6E1));
#13250=DIRECTION('',(0.E0,0.E0,-1.E0));
#13251=DIRECTION('',(1.E0,0.E0,0.E0));
#13252=AXIS2_PLACEMENT_3D('',#13249,#13250,#13251);
#13253=PLANE('',#13252);
#13255=ORIENTED_EDGE('',*,*,#13254,.F.);
#13257=ORIENTED_EDGE('',*,*,#13256,.F.);
#13259=ORIENTED_EDGE('',*,*,#13258,.F.);
#13261=ORIENTED_EDGE('',*,*,#13260,.F.);
#13262=EDGE_LOOP('',(#13255,#13257,#13259,#13261));
#13263=FACE_OUTER_BOUND('',#13262,.F.);
#13265=CARTESIAN_POINT('',(-2.367E1,3.025E0,-1.18E1));
#13266=DIRECTION('',(0.E0,1.E0,0.E0));
#13267=DIRECTION('',(1.E0,0.E0,0.E0));
#13268=AXIS2_PLACEMENT_3D('',#13265,#13266,#13267);
#13269=PLANE('',#13268);
#13271=ORIENTED_EDGE('',*,*,#13270,.T.);
#13272=ORIENTED_EDGE('',*,*,#13254,.T.);
#13274=ORIENTED_EDGE('',*,*,#13273,.F.);
#13275=ORIENTED_EDGE('',*,*,#7791,.F.);
#13276=EDGE_LOOP('',(#13271,#13272,#13274,#13275));
#13277=FACE_OUTER_BOUND('',#13276,.F.);
#13279=CARTESIAN_POINT('',(-2.367E1,2.475E0,-1.18E1));
#13280=DIRECTION('',(-1.E0,0.E0,0.E0));
#13281=DIRECTION('',(0.E0,1.E0,0.E0));
#13282=AXIS2_PLACEMENT_3D('',#13279,#13280,#13281);
#13283=PLANE('',#13282);
#13284=ORIENTED_EDGE('',*,*,#13270,.F.);
#13285=ORIENTED_EDGE('',*,*,#7797,.F.);
#13287=ORIENTED_EDGE('',*,*,#13286,.T.);
#13288=ORIENTED_EDGE('',*,*,#13256,.T.);
#13289=EDGE_LOOP('',(#13284,#13285,#13287,#13288));
#13290=FACE_OUTER_BOUND('',#13289,.F.);
#13292=CARTESIAN_POINT('',(-2.253E1,2.475E0,-1.18E1));
#13293=DIRECTION('',(0.E0,-1.E0,0.E0));
#13294=DIRECTION('',(-1.E0,0.E0,0.E0));
#13295=AXIS2_PLACEMENT_3D('',#13292,#13293,#13294);
#13296=PLANE('',#13295);
#13298=ORIENTED_EDGE('',*,*,#13297,.T.);
#13299=ORIENTED_EDGE('',*,*,#13258,.T.);
#13300=ORIENTED_EDGE('',*,*,#13286,.F.);
#13301=ORIENTED_EDGE('',*,*,#7795,.F.);
#13302=EDGE_LOOP('',(#13298,#13299,#13300,#13301));
#13303=FACE_OUTER_BOUND('',#13302,.F.);
#13305=CARTESIAN_POINT('',(-2.253E1,3.025E0,-1.18E1));
#13306=DIRECTION('',(1.E0,0.E0,0.E0));
#13307=DIRECTION('',(0.E0,-1.E0,0.E0));
#13308=AXIS2_PLACEMENT_3D('',#13305,#13306,#13307);
#13309=PLANE('',#13308);
#13310=ORIENTED_EDGE('',*,*,#13273,.T.);
#13311=ORIENTED_EDGE('',*,*,#13260,.T.);
#13312=ORIENTED_EDGE('',*,*,#13297,.F.);
#13313=ORIENTED_EDGE('',*,*,#7793,.F.);
#13314=EDGE_LOOP('',(#13310,#13311,#13312,#13313));
#13315=FACE_OUTER_BOUND('',#13314,.F.);
#13317=CARTESIAN_POINT('',(-1.947E1,-3.025E0,-1.18E1));
#13318=DIRECTION('',(-1.E0,0.E0,0.E0));
#13319=DIRECTION('',(0.E0,1.E0,0.E0));
#13320=AXIS2_PLACEMENT_3D('',#13317,#13318,#13319);
#13321=PLANE('',#13320);
#13322=ORIENTED_EDGE('',*,*,#7569,.F.);
#13324=ORIENTED_EDGE('',*,*,#13323,.T.);
#13326=ORIENTED_EDGE('',*,*,#13325,.T.);
#13328=ORIENTED_EDGE('',*,*,#13327,.F.);
#13329=EDGE_LOOP('',(#13322,#13324,#13326,#13328));
#13330=FACE_OUTER_BOUND('',#13329,.F.);
#13332=CARTESIAN_POINT('',(-1.833E1,-3.025E0,-1.18E1));
#13333=DIRECTION('',(0.E0,-1.E0,0.E0));
#13334=DIRECTION('',(-1.E0,0.E0,0.E0));
#13335=AXIS2_PLACEMENT_3D('',#13332,#13333,#13334);
#13336=PLANE('',#13335);
#13337=ORIENTED_EDGE('',*,*,#7575,.F.);
#13339=ORIENTED_EDGE('',*,*,#13338,.T.);
#13341=ORIENTED_EDGE('',*,*,#13340,.T.);
#13342=ORIENTED_EDGE('',*,*,#13323,.F.);
#13343=EDGE_LOOP('',(#13337,#13339,#13341,#13342));
#13344=FACE_OUTER_BOUND('',#13343,.F.);
#13346=CARTESIAN_POINT('',(-1.833E1,-2.475E0,-1.18E1));
#13347=DIRECTION('',(1.E0,0.E0,0.E0));
#13348=DIRECTION('',(0.E0,-1.E0,0.E0));
#13349=AXIS2_PLACEMENT_3D('',#13346,#13347,#13348);
#13350=PLANE('',#13349);
#13351=ORIENTED_EDGE('',*,*,#7573,.F.);
#13353=ORIENTED_EDGE('',*,*,#13352,.T.);
#13355=ORIENTED_EDGE('',*,*,#13354,.T.);
#13356=ORIENTED_EDGE('',*,*,#13338,.F.);
#13357=EDGE_LOOP('',(#13351,#13353,#13355,#13356));
#13358=FACE_OUTER_BOUND('',#13357,.F.);
#13360=CARTESIAN_POINT('',(-1.947E1,-2.475E0,-1.18E1));
#13361=DIRECTION('',(0.E0,1.E0,0.E0));
#13362=DIRECTION('',(1.E0,0.E0,0.E0));
#13363=AXIS2_PLACEMENT_3D('',#13360,#13361,#13362);
#13364=PLANE('',#13363);
#13365=ORIENTED_EDGE('',*,*,#7571,.F.);
#13366=ORIENTED_EDGE('',*,*,#13327,.T.);
#13368=ORIENTED_EDGE('',*,*,#13367,.T.);
#13369=ORIENTED_EDGE('',*,*,#13352,.F.);
#13370=EDGE_LOOP('',(#13365,#13366,#13368,#13369));
#13371=FACE_OUTER_BOUND('',#13370,.F.);
#13373=CARTESIAN_POINT('',(0.E0,0.E0,-1.6E1));
#13374=DIRECTION('',(0.E0,0.E0,-1.E0));
#13375=DIRECTION('',(1.E0,0.E0,0.E0));
#13376=AXIS2_PLACEMENT_3D('',#13373,#13374,#13375);
#13377=PLANE('',#13376);
#13378=ORIENTED_EDGE('',*,*,#13325,.F.);
#13379=ORIENTED_EDGE('',*,*,#13340,.F.);
#13380=ORIENTED_EDGE('',*,*,#13354,.F.);
#13381=ORIENTED_EDGE('',*,*,#13367,.F.);
#13382=EDGE_LOOP('',(#13378,#13379,#13380,#13381));
#13383=FACE_OUTER_BOUND('',#13382,.F.);
#13385=CARTESIAN_POINT('',(0.E0,0.E0,-1.6E1));
#13386=DIRECTION('',(0.E0,0.E0,-1.E0));
#13387=DIRECTION('',(1.E0,0.E0,0.E0));
#13388=AXIS2_PLACEMENT_3D('',#13385,#13386,#13387);
#13389=PLANE('',#13388);
#13391=ORIENTED_EDGE('',*,*,#13390,.F.);
#13393=ORIENTED_EDGE('',*,*,#13392,.F.);
#13395=ORIENTED_EDGE('',*,*,#13394,.F.);
#13397=ORIENTED_EDGE('',*,*,#13396,.F.);
#13398=EDGE_LOOP('',(#13391,#13393,#13395,#13397));
#13399=FACE_OUTER_BOUND('',#13398,.F.);
#13401=CARTESIAN_POINT('',(-1.947E1,3.025E0,-1.18E1));
#13402=DIRECTION('',(0.E0,1.E0,0.E0));
#13403=DIRECTION('',(1.E0,0.E0,0.E0));
#13404=AXIS2_PLACEMENT_3D('',#13401,#13402,#13403);
#13405=PLANE('',#13404);
#13406=ORIENTED_EDGE('',*,*,#7801,.F.);
#13408=ORIENTED_EDGE('',*,*,#13407,.T.);
#13409=ORIENTED_EDGE('',*,*,#13390,.T.);
#13411=ORIENTED_EDGE('',*,*,#13410,.F.);
#13412=EDGE_LOOP('',(#13406,#13408,#13409,#13411));
#13413=FACE_OUTER_BOUND('',#13412,.F.);
#13415=CARTESIAN_POINT('',(-1.947E1,2.475E0,-1.18E1));
#13416=DIRECTION('',(-1.E0,0.E0,0.E0));
#13417=DIRECTION('',(0.E0,1.E0,0.E0));
#13418=AXIS2_PLACEMENT_3D('',#13415,#13416,#13417);
#13419=PLANE('',#13418);
#13420=ORIENTED_EDGE('',*,*,#7807,.F.);
#13422=ORIENTED_EDGE('',*,*,#13421,.T.);
#13423=ORIENTED_EDGE('',*,*,#13392,.T.);
#13424=ORIENTED_EDGE('',*,*,#13407,.F.);
#13425=EDGE_LOOP('',(#13420,#13422,#13423,#13424));
#13426=FACE_OUTER_BOUND('',#13425,.F.);
#13428=CARTESIAN_POINT('',(-1.833E1,2.475E0,-1.18E1));
#13429=DIRECTION('',(0.E0,-1.E0,0.E0));
#13430=DIRECTION('',(-1.E0,0.E0,0.E0));
#13431=AXIS2_PLACEMENT_3D('',#13428,#13429,#13430);
#13432=PLANE('',#13431);
#13433=ORIENTED_EDGE('',*,*,#7805,.F.);
#13435=ORIENTED_EDGE('',*,*,#13434,.T.);
#13436=ORIENTED_EDGE('',*,*,#13394,.T.);
#13437=ORIENTED_EDGE('',*,*,#13421,.F.);
#13438=EDGE_LOOP('',(#13433,#13435,#13436,#13437));
#13439=FACE_OUTER_BOUND('',#13438,.F.);
#13441=CARTESIAN_POINT('',(-1.833E1,3.025E0,-1.18E1));
#13442=DIRECTION('',(1.E0,0.E0,0.E0));
#13443=DIRECTION('',(0.E0,-1.E0,0.E0));
#13444=AXIS2_PLACEMENT_3D('',#13441,#13442,#13443);
#13445=PLANE('',#13444);
#13446=ORIENTED_EDGE('',*,*,#7803,.F.);
#13447=ORIENTED_EDGE('',*,*,#13410,.T.);
#13448=ORIENTED_EDGE('',*,*,#13396,.T.);
#13449=ORIENTED_EDGE('',*,*,#13434,.F.);
#13450=EDGE_LOOP('',(#13446,#13447,#13448,#13449));
#13451=FACE_OUTER_BOUND('',#13450,.F.);
#13453=CARTESIAN_POINT('',(-1.527E1,-3.025E0,-1.18E1));
#13454=DIRECTION('',(-1.E0,0.E0,0.E0));
#13455=DIRECTION('',(0.E0,1.E0,0.E0));
#13456=AXIS2_PLACEMENT_3D('',#13453,#13454,#13455);
#13457=PLANE('',#13456);
#13458=ORIENTED_EDGE('',*,*,#7579,.F.);
#13460=ORIENTED_EDGE('',*,*,#13459,.T.);
#13462=ORIENTED_EDGE('',*,*,#13461,.T.);
#13464=ORIENTED_EDGE('',*,*,#13463,.F.);
#13465=EDGE_LOOP('',(#13458,#13460,#13462,#13464));
#13466=FACE_OUTER_BOUND('',#13465,.F.);
#13468=CARTESIAN_POINT('',(-1.413E1,-3.025E0,-1.18E1));
#13469=DIRECTION('',(0.E0,-1.E0,0.E0));
#13470=DIRECTION('',(-1.E0,0.E0,0.E0));
#13471=AXIS2_PLACEMENT_3D('',#13468,#13469,#13470);
#13472=PLANE('',#13471);
#13473=ORIENTED_EDGE('',*,*,#7585,.F.);
#13475=ORIENTED_EDGE('',*,*,#13474,.T.);
#13477=ORIENTED_EDGE('',*,*,#13476,.T.);
#13478=ORIENTED_EDGE('',*,*,#13459,.F.);
#13479=EDGE_LOOP('',(#13473,#13475,#13477,#13478));
#13480=FACE_OUTER_BOUND('',#13479,.F.);
#13482=CARTESIAN_POINT('',(-1.413E1,-2.475E0,-1.18E1));
#13483=DIRECTION('',(1.E0,0.E0,0.E0));
#13484=DIRECTION('',(0.E0,-1.E0,0.E0));
#13485=AXIS2_PLACEMENT_3D('',#13482,#13483,#13484);
#13486=PLANE('',#13485);
#13487=ORIENTED_EDGE('',*,*,#7583,.F.);
#13489=ORIENTED_EDGE('',*,*,#13488,.T.);
#13491=ORIENTED_EDGE('',*,*,#13490,.T.);
#13492=ORIENTED_EDGE('',*,*,#13474,.F.);
#13493=EDGE_LOOP('',(#13487,#13489,#13491,#13492));
#13494=FACE_OUTER_BOUND('',#13493,.F.);
#13496=CARTESIAN_POINT('',(-1.527E1,-2.475E0,-1.18E1));
#13497=DIRECTION('',(0.E0,1.E0,0.E0));
#13498=DIRECTION('',(1.E0,0.E0,0.E0));
#13499=AXIS2_PLACEMENT_3D('',#13496,#13497,#13498);
#13500=PLANE('',#13499);
#13501=ORIENTED_EDGE('',*,*,#7581,.F.);
#13502=ORIENTED_EDGE('',*,*,#13463,.T.);
#13504=ORIENTED_EDGE('',*,*,#13503,.T.);
#13505=ORIENTED_EDGE('',*,*,#13488,.F.);
#13506=EDGE_LOOP('',(#13501,#13502,#13504,#13505));
#13507=FACE_OUTER_BOUND('',#13506,.F.);
#13509=CARTESIAN_POINT('',(0.E0,0.E0,-1.6E1));
#13510=DIRECTION('',(0.E0,0.E0,-1.E0));
#13511=DIRECTION('',(1.E0,0.E0,0.E0));
#13512=AXIS2_PLACEMENT_3D('',#13509,#13510,#13511);
#13513=PLANE('',#13512);
#13514=ORIENTED_EDGE('',*,*,#13461,.F.);
#13515=ORIENTED_EDGE('',*,*,#13476,.F.);
#13516=ORIENTED_EDGE('',*,*,#13490,.F.);
#13517=ORIENTED_EDGE('',*,*,#13503,.F.);
#13518=EDGE_LOOP('',(#13514,#13515,#13516,#13517));
#13519=FACE_OUTER_BOUND('',#13518,.F.);
#13521=CARTESIAN_POINT('',(0.E0,0.E0,-1.6E1));
#13522=DIRECTION('',(0.E0,0.E0,-1.E0));
#13523=DIRECTION('',(1.E0,0.E0,0.E0));
#13524=AXIS2_PLACEMENT_3D('',#13521,#13522,#13523);
#13525=PLANE('',#13524);
#13527=ORIENTED_EDGE('',*,*,#13526,.F.);
#13529=ORIENTED_EDGE('',*,*,#13528,.F.);
#13531=ORIENTED_EDGE('',*,*,#13530,.F.);
#13533=ORIENTED_EDGE('',*,*,#13532,.F.);
#13534=EDGE_LOOP('',(#13527,#13529,#13531,#13533));
#13535=FACE_OUTER_BOUND('',#13534,.F.);
#13537=CARTESIAN_POINT('',(-1.527E1,3.025E0,-1.18E1));
#13538=DIRECTION('',(0.E0,1.E0,0.E0));
#13539=DIRECTION('',(1.E0,0.E0,0.E0));
#13540=AXIS2_PLACEMENT_3D('',#13537,#13538,#13539);
#13541=PLANE('',#13540);
#13542=ORIENTED_EDGE('',*,*,#7811,.F.);
#13544=ORIENTED_EDGE('',*,*,#13543,.T.);
#13545=ORIENTED_EDGE('',*,*,#13526,.T.);
#13547=ORIENTED_EDGE('',*,*,#13546,.F.);
#13548=EDGE_LOOP('',(#13542,#13544,#13545,#13547));
#13549=FACE_OUTER_BOUND('',#13548,.F.);
#13551=CARTESIAN_POINT('',(-1.527E1,2.475E0,-1.18E1));
#13552=DIRECTION('',(-1.E0,0.E0,0.E0));
#13553=DIRECTION('',(0.E0,1.E0,0.E0));
#13554=AXIS2_PLACEMENT_3D('',#13551,#13552,#13553);
#13555=PLANE('',#13554);
#13556=ORIENTED_EDGE('',*,*,#7817,.F.);
#13558=ORIENTED_EDGE('',*,*,#13557,.T.);
#13559=ORIENTED_EDGE('',*,*,#13528,.T.);
#13560=ORIENTED_EDGE('',*,*,#13543,.F.);
#13561=EDGE_LOOP('',(#13556,#13558,#13559,#13560));
#13562=FACE_OUTER_BOUND('',#13561,.F.);
#13564=CARTESIAN_POINT('',(-1.413E1,2.475E0,-1.18E1));
#13565=DIRECTION('',(0.E0,-1.E0,0.E0));
#13566=DIRECTION('',(-1.E0,0.E0,0.E0));
#13567=AXIS2_PLACEMENT_3D('',#13564,#13565,#13566);
#13568=PLANE('',#13567);
#13569=ORIENTED_EDGE('',*,*,#7815,.F.);
#13571=ORIENTED_EDGE('',*,*,#13570,.T.);
#13572=ORIENTED_EDGE('',*,*,#13530,.T.);
#13573=ORIENTED_EDGE('',*,*,#13557,.F.);
#13574=EDGE_LOOP('',(#13569,#13571,#13572,#13573));
#13575=FACE_OUTER_BOUND('',#13574,.F.);
#13577=CARTESIAN_POINT('',(-1.413E1,3.025E0,-1.18E1));
#13578=DIRECTION('',(1.E0,0.E0,0.E0));
#13579=DIRECTION('',(0.E0,-1.E0,0.E0));
#13580=AXIS2_PLACEMENT_3D('',#13577,#13578,#13579);
#13581=PLANE('',#13580);
#13582=ORIENTED_EDGE('',*,*,#7813,.F.);
#13583=ORIENTED_EDGE('',*,*,#13546,.T.);
#13584=ORIENTED_EDGE('',*,*,#13532,.T.);
#13585=ORIENTED_EDGE('',*,*,#13570,.F.);
#13586=EDGE_LOOP('',(#13582,#13583,#13584,#13585));
#13587=FACE_OUTER_BOUND('',#13586,.F.);
#13589=CARTESIAN_POINT('',(-1.107E1,-3.025E0,-1.18E1));
#13590=DIRECTION('',(-1.E0,0.E0,0.E0));
#13591=DIRECTION('',(0.E0,1.E0,0.E0));
#13592=AXIS2_PLACEMENT_3D('',#13589,#13590,#13591);
#13593=PLANE('',#13592);
#13594=ORIENTED_EDGE('',*,*,#7589,.F.);
#13596=ORIENTED_EDGE('',*,*,#13595,.T.);
#13598=ORIENTED_EDGE('',*,*,#13597,.T.);
#13600=ORIENTED_EDGE('',*,*,#13599,.F.);
#13601=EDGE_LOOP('',(#13594,#13596,#13598,#13600));
#13602=FACE_OUTER_BOUND('',#13601,.F.);
#13604=CARTESIAN_POINT('',(-9.93E0,-3.025E0,-1.18E1));
#13605=DIRECTION('',(0.E0,-1.E0,0.E0));
#13606=DIRECTION('',(-1.E0,0.E0,0.E0));
#13607=AXIS2_PLACEMENT_3D('',#13604,#13605,#13606);
#13608=PLANE('',#13607);
#13609=ORIENTED_EDGE('',*,*,#7595,.F.);
#13611=ORIENTED_EDGE('',*,*,#13610,.T.);
#13613=ORIENTED_EDGE('',*,*,#13612,.T.);
#13614=ORIENTED_EDGE('',*,*,#13595,.F.);
#13615=EDGE_LOOP('',(#13609,#13611,#13613,#13614));
#13616=FACE_OUTER_BOUND('',#13615,.F.);
#13618=CARTESIAN_POINT('',(-9.93E0,-2.475E0,-1.18E1));
#13619=DIRECTION('',(1.E0,0.E0,0.E0));
#13620=DIRECTION('',(0.E0,-1.E0,0.E0));
#13621=AXIS2_PLACEMENT_3D('',#13618,#13619,#13620);
#13622=PLANE('',#13621);
#13623=ORIENTED_EDGE('',*,*,#7593,.F.);
#13625=ORIENTED_EDGE('',*,*,#13624,.T.);
#13627=ORIENTED_EDGE('',*,*,#13626,.T.);
#13628=ORIENTED_EDGE('',*,*,#13610,.F.);
#13629=EDGE_LOOP('',(#13623,#13625,#13627,#13628));
#13630=FACE_OUTER_BOUND('',#13629,.F.);
#13632=CARTESIAN_POINT('',(-1.107E1,-2.475E0,-1.18E1));
#13633=DIRECTION('',(0.E0,1.E0,0.E0));
#13634=DIRECTION('',(1.E0,0.E0,0.E0));
#13635=AXIS2_PLACEMENT_3D('',#13632,#13633,#13634);
#13636=PLANE('',#13635);
#13637=ORIENTED_EDGE('',*,*,#7591,.F.);
#13638=ORIENTED_EDGE('',*,*,#13599,.T.);
#13640=ORIENTED_EDGE('',*,*,#13639,.T.);
#13641=ORIENTED_EDGE('',*,*,#13624,.F.);
#13642=EDGE_LOOP('',(#13637,#13638,#13640,#13641));
#13643=FACE_OUTER_BOUND('',#13642,.F.);
#13645=CARTESIAN_POINT('',(0.E0,0.E0,-1.6E1));
#13646=DIRECTION('',(0.E0,0.E0,-1.E0));
#13647=DIRECTION('',(1.E0,0.E0,0.E0));
#13648=AXIS2_PLACEMENT_3D('',#13645,#13646,#13647);
#13649=PLANE('',#13648);
#13650=ORIENTED_EDGE('',*,*,#13597,.F.);
#13651=ORIENTED_EDGE('',*,*,#13612,.F.);
#13652=ORIENTED_EDGE('',*,*,#13626,.F.);
#13653=ORIENTED_EDGE('',*,*,#13639,.F.);
#13654=EDGE_LOOP('',(#13650,#13651,#13652,#13653));
#13655=FACE_OUTER_BOUND('',#13654,.F.);
#13657=CARTESIAN_POINT('',(0.E0,0.E0,-1.6E1));
#13658=DIRECTION('',(0.E0,0.E0,-1.E0));
#13659=DIRECTION('',(1.E0,0.E0,0.E0));
#13660=AXIS2_PLACEMENT_3D('',#13657,#13658,#13659);
#13661=PLANE('',#13660);
#13663=ORIENTED_EDGE('',*,*,#13662,.F.);
#13665=ORIENTED_EDGE('',*,*,#13664,.F.);
#13667=ORIENTED_EDGE('',*,*,#13666,.F.);
#13669=ORIENTED_EDGE('',*,*,#13668,.F.);
#13670=EDGE_LOOP('',(#13663,#13665,#13667,#13669));
#13671=FACE_OUTER_BOUND('',#13670,.F.);
#13673=CARTESIAN_POINT('',(-1.107E1,3.025E0,-1.18E1));
#13674=DIRECTION('',(0.E0,1.E0,0.E0));
#13675=DIRECTION('',(1.E0,0.E0,0.E0));
#13676=AXIS2_PLACEMENT_3D('',#13673,#13674,#13675);
#13677=PLANE('',#13676);
#13678=ORIENTED_EDGE('',*,*,#7821,.F.);
#13680=ORIENTED_EDGE('',*,*,#13679,.T.);
#13681=ORIENTED_EDGE('',*,*,#13662,.T.);
#13683=ORIENTED_EDGE('',*,*,#13682,.F.);
#13684=EDGE_LOOP('',(#13678,#13680,#13681,#13683));
#13685=FACE_OUTER_BOUND('',#13684,.F.);
#13687=CARTESIAN_POINT('',(-1.107E1,2.475E0,-1.18E1));
#13688=DIRECTION('',(-1.E0,0.E0,0.E0));
#13689=DIRECTION('',(0.E0,1.E0,0.E0));
#13690=AXIS2_PLACEMENT_3D('',#13687,#13688,#13689);
#13691=PLANE('',#13690);
#13692=ORIENTED_EDGE('',*,*,#7827,.F.);
#13694=ORIENTED_EDGE('',*,*,#13693,.T.);
#13695=ORIENTED_EDGE('',*,*,#13664,.T.);
#13696=ORIENTED_EDGE('',*,*,#13679,.F.);
#13697=EDGE_LOOP('',(#13692,#13694,#13695,#13696));
#13698=FACE_OUTER_BOUND('',#13697,.F.);
#13700=CARTESIAN_POINT('',(-9.93E0,2.475E0,-1.18E1));
#13701=DIRECTION('',(0.E0,-1.E0,0.E0));
#13702=DIRECTION('',(-1.E0,0.E0,0.E0));
#13703=AXIS2_PLACEMENT_3D('',#13700,#13701,#13702);
#13704=PLANE('',#13703);
#13705=ORIENTED_EDGE('',*,*,#7825,.F.);
#13707=ORIENTED_EDGE('',*,*,#13706,.T.);
#13708=ORIENTED_EDGE('',*,*,#13666,.T.);
#13709=ORIENTED_EDGE('',*,*,#13693,.F.);
#13710=EDGE_LOOP('',(#13705,#13707,#13708,#13709));
#13711=FACE_OUTER_BOUND('',#13710,.F.);
#13713=CARTESIAN_POINT('',(-9.93E0,3.025E0,-1.18E1));
#13714=DIRECTION('',(1.E0,0.E0,0.E0));
#13715=DIRECTION('',(0.E0,-1.E0,0.E0));
#13716=AXIS2_PLACEMENT_3D('',#13713,#13714,#13715);
#13717=PLANE('',#13716);
#13718=ORIENTED_EDGE('',*,*,#7823,.F.);
#13719=ORIENTED_EDGE('',*,*,#13682,.T.);
#13720=ORIENTED_EDGE('',*,*,#13668,.T.);
#13721=ORIENTED_EDGE('',*,*,#13706,.F.);
#13722=EDGE_LOOP('',(#13718,#13719,#13720,#13721));
#13723=FACE_OUTER_BOUND('',#13722,.F.);
#13725=CARTESIAN_POINT('',(-6.87E0,-3.025E0,-1.18E1));
#13726=DIRECTION('',(-1.E0,0.E0,0.E0));
#13727=DIRECTION('',(0.E0,1.E0,0.E0));
#13728=AXIS2_PLACEMENT_3D('',#13725,#13726,#13727);
#13729=PLANE('',#13728);
#13730=ORIENTED_EDGE('',*,*,#7599,.F.);
#13732=ORIENTED_EDGE('',*,*,#13731,.T.);
#13734=ORIENTED_EDGE('',*,*,#13733,.T.);
#13736=ORIENTED_EDGE('',*,*,#13735,.F.);
#13737=EDGE_LOOP('',(#13730,#13732,#13734,#13736));
#13738=FACE_OUTER_BOUND('',#13737,.F.);
#13740=CARTESIAN_POINT('',(-5.73E0,-3.025E0,-1.18E1));
#13741=DIRECTION('',(0.E0,-1.E0,0.E0));
#13742=DIRECTION('',(-1.E0,0.E0,0.E0));
#13743=AXIS2_PLACEMENT_3D('',#13740,#13741,#13742);
#13744=PLANE('',#13743);
#13745=ORIENTED_EDGE('',*,*,#7605,.F.);
#13747=ORIENTED_EDGE('',*,*,#13746,.T.);
#13749=ORIENTED_EDGE('',*,*,#13748,.T.);
#13750=ORIENTED_EDGE('',*,*,#13731,.F.);
#13751=EDGE_LOOP('',(#13745,#13747,#13749,#13750));
#13752=FACE_OUTER_BOUND('',#13751,.F.);
#13754=CARTESIAN_POINT('',(-5.73E0,-2.475E0,-1.18E1));
#13755=DIRECTION('',(1.E0,0.E0,0.E0));
#13756=DIRECTION('',(0.E0,-1.E0,0.E0));
#13757=AXIS2_PLACEMENT_3D('',#13754,#13755,#13756);
#13758=PLANE('',#13757);
#13759=ORIENTED_EDGE('',*,*,#7603,.F.);
#13761=ORIENTED_EDGE('',*,*,#13760,.T.);
#13763=ORIENTED_EDGE('',*,*,#13762,.T.);
#13764=ORIENTED_EDGE('',*,*,#13746,.F.);
#13765=EDGE_LOOP('',(#13759,#13761,#13763,#13764));
#13766=FACE_OUTER_BOUND('',#13765,.F.);
#13768=CARTESIAN_POINT('',(-6.87E0,-2.475E0,-1.18E1));
#13769=DIRECTION('',(0.E0,1.E0,0.E0));
#13770=DIRECTION('',(1.E0,0.E0,0.E0));
#13771=AXIS2_PLACEMENT_3D('',#13768,#13769,#13770);
#13772=PLANE('',#13771);
#13773=ORIENTED_EDGE('',*,*,#7601,.F.);
#13774=ORIENTED_EDGE('',*,*,#13735,.T.);
#13776=ORIENTED_EDGE('',*,*,#13775,.T.);
#13777=ORIENTED_EDGE('',*,*,#13760,.F.);
#13778=EDGE_LOOP('',(#13773,#13774,#13776,#13777));
#13779=FACE_OUTER_BOUND('',#13778,.F.);
#13781=CARTESIAN_POINT('',(0.E0,0.E0,-1.6E1));
#13782=DIRECTION('',(0.E0,0.E0,-1.E0));
#13783=DIRECTION('',(1.E0,0.E0,0.E0));
#13784=AXIS2_PLACEMENT_3D('',#13781,#13782,#13783);
#13785=PLANE('',#13784);
#13786=ORIENTED_EDGE('',*,*,#13733,.F.);
#13787=ORIENTED_EDGE('',*,*,#13748,.F.);
#13788=ORIENTED_EDGE('',*,*,#13762,.F.);
#13789=ORIENTED_EDGE('',*,*,#13775,.F.);
#13790=EDGE_LOOP('',(#13786,#13787,#13788,#13789));
#13791=FACE_OUTER_BOUND('',#13790,.F.);
#13793=CARTESIAN_POINT('',(0.E0,0.E0,-1.6E1));
#13794=DIRECTION('',(0.E0,0.E0,-1.E0));
#13795=DIRECTION('',(1.E0,0.E0,0.E0));
#13796=AXIS2_PLACEMENT_3D('',#13793,#13794,#13795);
#13797=PLANE('',#13796);
#13799=ORIENTED_EDGE('',*,*,#13798,.F.);
#13801=ORIENTED_EDGE('',*,*,#13800,.F.);
#13803=ORIENTED_EDGE('',*,*,#13802,.F.);
#13805=ORIENTED_EDGE('',*,*,#13804,.F.);
#13806=EDGE_LOOP('',(#13799,#13801,#13803,#13805));
#13807=FACE_OUTER_BOUND('',#13806,.F.);
#13809=CARTESIAN_POINT('',(-6.87E0,3.025E0,-1.18E1));
#13810=DIRECTION('',(0.E0,1.E0,0.E0));
#13811=DIRECTION('',(1.E0,0.E0,0.E0));
#13812=AXIS2_PLACEMENT_3D('',#13809,#13810,#13811);
#13813=PLANE('',#13812);
#13814=ORIENTED_EDGE('',*,*,#7831,.F.);
#13816=ORIENTED_EDGE('',*,*,#13815,.T.);
#13817=ORIENTED_EDGE('',*,*,#13798,.T.);
#13819=ORIENTED_EDGE('',*,*,#13818,.F.);
#13820=EDGE_LOOP('',(#13814,#13816,#13817,#13819));
#13821=FACE_OUTER_BOUND('',#13820,.F.);
#13823=CARTESIAN_POINT('',(-6.87E0,2.475E0,-1.18E1));
#13824=DIRECTION('',(-1.E0,0.E0,0.E0));
#13825=DIRECTION('',(0.E0,1.E0,0.E0));
#13826=AXIS2_PLACEMENT_3D('',#13823,#13824,#13825);
#13827=PLANE('',#13826);
#13828=ORIENTED_EDGE('',*,*,#7837,.F.);
#13830=ORIENTED_EDGE('',*,*,#13829,.T.);
#13831=ORIENTED_EDGE('',*,*,#13800,.T.);
#13832=ORIENTED_EDGE('',*,*,#13815,.F.);
#13833=EDGE_LOOP('',(#13828,#13830,#13831,#13832));
#13834=FACE_OUTER_BOUND('',#13833,.F.);
#13836=CARTESIAN_POINT('',(-5.73E0,2.475E0,-1.18E1));
#13837=DIRECTION('',(0.E0,-1.E0,0.E0));
#13838=DIRECTION('',(-1.E0,0.E0,0.E0));
#13839=AXIS2_PLACEMENT_3D('',#13836,#13837,#13838);
#13840=PLANE('',#13839);
#13841=ORIENTED_EDGE('',*,*,#7835,.F.);
#13843=ORIENTED_EDGE('',*,*,#13842,.T.);
#13844=ORIENTED_EDGE('',*,*,#13802,.T.);
#13845=ORIENTED_EDGE('',*,*,#13829,.F.);
#13846=EDGE_LOOP('',(#13841,#13843,#13844,#13845));
#13847=FACE_OUTER_BOUND('',#13846,.F.);
#13849=CARTESIAN_POINT('',(-5.73E0,3.025E0,-1.18E1));
#13850=DIRECTION('',(1.E0,0.E0,0.E0));
#13851=DIRECTION('',(0.E0,-1.E0,0.E0));
#13852=AXIS2_PLACEMENT_3D('',#13849,#13850,#13851);
#13853=PLANE('',#13852);
#13854=ORIENTED_EDGE('',*,*,#7833,.F.);
#13855=ORIENTED_EDGE('',*,*,#13818,.T.);
#13856=ORIENTED_EDGE('',*,*,#13804,.T.);
#13857=ORIENTED_EDGE('',*,*,#13842,.F.);
#13858=EDGE_LOOP('',(#13854,#13855,#13856,#13857));
#13859=FACE_OUTER_BOUND('',#13858,.F.);
#13861=CARTESIAN_POINT('',(-2.67E0,-3.025E0,-1.18E1));
#13862=DIRECTION('',(-1.E0,0.E0,0.E0));
#13863=DIRECTION('',(0.E0,1.E0,0.E0));
#13864=AXIS2_PLACEMENT_3D('',#13861,#13862,#13863);
#13865=PLANE('',#13864);
#13866=ORIENTED_EDGE('',*,*,#7609,.F.);
#13868=ORIENTED_EDGE('',*,*,#13867,.T.);
#13870=ORIENTED_EDGE('',*,*,#13869,.T.);
#13872=ORIENTED_EDGE('',*,*,#13871,.F.);
#13873=EDGE_LOOP('',(#13866,#13868,#13870,#13872));
#13874=FACE_OUTER_BOUND('',#13873,.F.);
#13876=CARTESIAN_POINT('',(-1.53E0,-3.025E0,-1.18E1));
#13877=DIRECTION('',(0.E0,-1.E0,0.E0));
#13878=DIRECTION('',(-1.E0,0.E0,0.E0));
#13879=AXIS2_PLACEMENT_3D('',#13876,#13877,#13878);
#13880=PLANE('',#13879);
#13881=ORIENTED_EDGE('',*,*,#7615,.F.);
#13883=ORIENTED_EDGE('',*,*,#13882,.T.);
#13885=ORIENTED_EDGE('',*,*,#13884,.T.);
#13886=ORIENTED_EDGE('',*,*,#13867,.F.);
#13887=EDGE_LOOP('',(#13881,#13883,#13885,#13886));
#13888=FACE_OUTER_BOUND('',#13887,.F.);
#13890=CARTESIAN_POINT('',(-1.53E0,-2.475E0,-1.18E1));
#13891=DIRECTION('',(1.E0,0.E0,0.E0));
#13892=DIRECTION('',(0.E0,-1.E0,0.E0));
#13893=AXIS2_PLACEMENT_3D('',#13890,#13891,#13892);
#13894=PLANE('',#13893);
#13895=ORIENTED_EDGE('',*,*,#7613,.F.);
#13897=ORIENTED_EDGE('',*,*,#13896,.T.);
#13899=ORIENTED_EDGE('',*,*,#13898,.T.);
#13900=ORIENTED_EDGE('',*,*,#13882,.F.);
#13901=EDGE_LOOP('',(#13895,#13897,#13899,#13900));
#13902=FACE_OUTER_BOUND('',#13901,.F.);
#13904=CARTESIAN_POINT('',(-2.67E0,-2.475E0,-1.18E1));
#13905=DIRECTION('',(0.E0,1.E0,0.E0));
#13906=DIRECTION('',(1.E0,0.E0,0.E0));
#13907=AXIS2_PLACEMENT_3D('',#13904,#13905,#13906);
#13908=PLANE('',#13907);
#13909=ORIENTED_EDGE('',*,*,#7611,.F.);
#13910=ORIENTED_EDGE('',*,*,#13871,.T.);
#13912=ORIENTED_EDGE('',*,*,#13911,.T.);
#13913=ORIENTED_EDGE('',*,*,#13896,.F.);
#13914=EDGE_LOOP('',(#13909,#13910,#13912,#13913));
#13915=FACE_OUTER_BOUND('',#13914,.F.);
#13917=CARTESIAN_POINT('',(0.E0,0.E0,-1.6E1));
#13918=DIRECTION('',(0.E0,0.E0,-1.E0));
#13919=DIRECTION('',(1.E0,0.E0,0.E0));
#13920=AXIS2_PLACEMENT_3D('',#13917,#13918,#13919);
#13921=PLANE('',#13920);
#13922=ORIENTED_EDGE('',*,*,#13869,.F.);
#13923=ORIENTED_EDGE('',*,*,#13884,.F.);
#13924=ORIENTED_EDGE('',*,*,#13898,.F.);
#13925=ORIENTED_EDGE('',*,*,#13911,.F.);
#13926=EDGE_LOOP('',(#13922,#13923,#13924,#13925));
#13927=FACE_OUTER_BOUND('',#13926,.F.);
#13929=CARTESIAN_POINT('',(0.E0,0.E0,-1.6E1));
#13930=DIRECTION('',(0.E0,0.E0,-1.E0));
#13931=DIRECTION('',(1.E0,0.E0,0.E0));
#13932=AXIS2_PLACEMENT_3D('',#13929,#13930,#13931);
#13933=PLANE('',#13932);
#13935=ORIENTED_EDGE('',*,*,#13934,.F.);
#13937=ORIENTED_EDGE('',*,*,#13936,.F.);
#13939=ORIENTED_EDGE('',*,*,#13938,.F.);
#13941=ORIENTED_EDGE('',*,*,#13940,.F.);
#13942=EDGE_LOOP('',(#13935,#13937,#13939,#13941));
#13943=FACE_OUTER_BOUND('',#13942,.F.);
#13945=CARTESIAN_POINT('',(-2.67E0,3.025E0,-1.18E1));
#13946=DIRECTION('',(0.E0,1.E0,0.E0));
#13947=DIRECTION('',(1.E0,0.E0,0.E0));
#13948=AXIS2_PLACEMENT_3D('',#13945,#13946,#13947);
#13949=PLANE('',#13948);
#13950=ORIENTED_EDGE('',*,*,#7841,.F.);
#13952=ORIENTED_EDGE('',*,*,#13951,.T.);
#13953=ORIENTED_EDGE('',*,*,#13934,.T.);
#13955=ORIENTED_EDGE('',*,*,#13954,.F.);
#13956=EDGE_LOOP('',(#13950,#13952,#13953,#13955));
#13957=FACE_OUTER_BOUND('',#13956,.F.);
#13959=CARTESIAN_POINT('',(-2.67E0,2.475E0,-1.18E1));
#13960=DIRECTION('',(-1.E0,0.E0,0.E0));
#13961=DIRECTION('',(0.E0,1.E0,0.E0));
#13962=AXIS2_PLACEMENT_3D('',#13959,#13960,#13961);
#13963=PLANE('',#13962);
#13964=ORIENTED_EDGE('',*,*,#7847,.F.);
#13966=ORIENTED_EDGE('',*,*,#13965,.T.);
#13967=ORIENTED_EDGE('',*,*,#13936,.T.);
#13968=ORIENTED_EDGE('',*,*,#13951,.F.);
#13969=EDGE_LOOP('',(#13964,#13966,#13967,#13968));
#13970=FACE_OUTER_BOUND('',#13969,.F.);
#13972=CARTESIAN_POINT('',(-1.53E0,2.475E0,-1.18E1));
#13973=DIRECTION('',(0.E0,-1.E0,0.E0));
#13974=DIRECTION('',(-1.E0,0.E0,0.E0));
#13975=AXIS2_PLACEMENT_3D('',#13972,#13973,#13974);
#13976=PLANE('',#13975);
#13977=ORIENTED_EDGE('',*,*,#7845,.F.);
#13979=ORIENTED_EDGE('',*,*,#13978,.T.);
#13980=ORIENTED_EDGE('',*,*,#13938,.T.);
#13981=ORIENTED_EDGE('',*,*,#13965,.F.);
#13982=EDGE_LOOP('',(#13977,#13979,#13980,#13981));
#13983=FACE_OUTER_BOUND('',#13982,.F.);
#13985=CARTESIAN_POINT('',(-1.53E0,3.025E0,-1.18E1));
#13986=DIRECTION('',(1.E0,0.E0,0.E0));
#13987=DIRECTION('',(0.E0,-1.E0,0.E0));
#13988=AXIS2_PLACEMENT_3D('',#13985,#13986,#13987);
#13989=PLANE('',#13988);
#13990=ORIENTED_EDGE('',*,*,#7843,.F.);
#13991=ORIENTED_EDGE('',*,*,#13954,.T.);
#13992=ORIENTED_EDGE('',*,*,#13940,.T.);
#13993=ORIENTED_EDGE('',*,*,#13978,.F.);
#13994=EDGE_LOOP('',(#13990,#13991,#13992,#13993));
#13995=FACE_OUTER_BOUND('',#13994,.F.);
#13997=CARTESIAN_POINT('',(1.53E0,-3.025E0,-1.18E1));
#13998=DIRECTION('',(-1.E0,0.E0,0.E0));
#13999=DIRECTION('',(0.E0,1.E0,0.E0));
#14000=AXIS2_PLACEMENT_3D('',#13997,#13998,#13999);
#14001=PLANE('',#14000);
#14002=ORIENTED_EDGE('',*,*,#7619,.F.);
#14004=ORIENTED_EDGE('',*,*,#14003,.T.);
#14006=ORIENTED_EDGE('',*,*,#14005,.T.);
#14008=ORIENTED_EDGE('',*,*,#14007,.F.);
#14009=EDGE_LOOP('',(#14002,#14004,#14006,#14008));
#14010=FACE_OUTER_BOUND('',#14009,.F.);
#14012=CARTESIAN_POINT('',(2.67E0,-3.025E0,-1.18E1));
#14013=DIRECTION('',(0.E0,-1.E0,0.E0));
#14014=DIRECTION('',(-1.E0,0.E0,0.E0));
#14015=AXIS2_PLACEMENT_3D('',#14012,#14013,#14014);
#14016=PLANE('',#14015);
#14017=ORIENTED_EDGE('',*,*,#7625,.F.);
#14019=ORIENTED_EDGE('',*,*,#14018,.T.);
#14021=ORIENTED_EDGE('',*,*,#14020,.T.);
#14022=ORIENTED_EDGE('',*,*,#14003,.F.);
#14023=EDGE_LOOP('',(#14017,#14019,#14021,#14022));
#14024=FACE_OUTER_BOUND('',#14023,.F.);
#14026=CARTESIAN_POINT('',(2.67E0,-2.475E0,-1.18E1));
#14027=DIRECTION('',(1.E0,0.E0,0.E0));
#14028=DIRECTION('',(0.E0,-1.E0,0.E0));
#14029=AXIS2_PLACEMENT_3D('',#14026,#14027,#14028);
#14030=PLANE('',#14029);
#14031=ORIENTED_EDGE('',*,*,#7623,.F.);
#14033=ORIENTED_EDGE('',*,*,#14032,.T.);
#14035=ORIENTED_EDGE('',*,*,#14034,.T.);
#14036=ORIENTED_EDGE('',*,*,#14018,.F.);
#14037=EDGE_LOOP('',(#14031,#14033,#14035,#14036));
#14038=FACE_OUTER_BOUND('',#14037,.F.);
#14040=CARTESIAN_POINT('',(1.53E0,-2.475E0,-1.18E1));
#14041=DIRECTION('',(0.E0,1.E0,0.E0));
#14042=DIRECTION('',(1.E0,0.E0,0.E0));
#14043=AXIS2_PLACEMENT_3D('',#14040,#14041,#14042);
#14044=PLANE('',#14043);
#14045=ORIENTED_EDGE('',*,*,#7621,.F.);
#14046=ORIENTED_EDGE('',*,*,#14007,.T.);
#14048=ORIENTED_EDGE('',*,*,#14047,.T.);
#14049=ORIENTED_EDGE('',*,*,#14032,.F.);
#14050=EDGE_LOOP('',(#14045,#14046,#14048,#14049));
#14051=FACE_OUTER_BOUND('',#14050,.F.);
#14053=CARTESIAN_POINT('',(0.E0,0.E0,-1.6E1));
#14054=DIRECTION('',(0.E0,0.E0,-1.E0));
#14055=DIRECTION('',(1.E0,0.E0,0.E0));
#14056=AXIS2_PLACEMENT_3D('',#14053,#14054,#14055);
#14057=PLANE('',#14056);
#14058=ORIENTED_EDGE('',*,*,#14005,.F.);
#14059=ORIENTED_EDGE('',*,*,#14020,.F.);
#14060=ORIENTED_EDGE('',*,*,#14034,.F.);
#14061=ORIENTED_EDGE('',*,*,#14047,.F.);
#14062=EDGE_LOOP('',(#14058,#14059,#14060,#14061));
#14063=FACE_OUTER_BOUND('',#14062,.F.);
#14065=CARTESIAN_POINT('',(0.E0,0.E0,-1.6E1));
#14066=DIRECTION('',(0.E0,0.E0,-1.E0));
#14067=DIRECTION('',(1.E0,0.E0,0.E0));
#14068=AXIS2_PLACEMENT_3D('',#14065,#14066,#14067);
#14069=PLANE('',#14068);
#14071=ORIENTED_EDGE('',*,*,#14070,.F.);
#14073=ORIENTED_EDGE('',*,*,#14072,.F.);
#14075=ORIENTED_EDGE('',*,*,#14074,.F.);
#14077=ORIENTED_EDGE('',*,*,#14076,.F.);
#14078=EDGE_LOOP('',(#14071,#14073,#14075,#14077));
#14079=FACE_OUTER_BOUND('',#14078,.F.);
#14081=CARTESIAN_POINT('',(1.53E0,3.025E0,-1.18E1));
#14082=DIRECTION('',(0.E0,1.E0,0.E0));
#14083=DIRECTION('',(1.E0,0.E0,0.E0));
#14084=AXIS2_PLACEMENT_3D('',#14081,#14082,#14083);
#14085=PLANE('',#14084);
#14086=ORIENTED_EDGE('',*,*,#7851,.F.);
#14088=ORIENTED_EDGE('',*,*,#14087,.T.);
#14089=ORIENTED_EDGE('',*,*,#14070,.T.);
#14091=ORIENTED_EDGE('',*,*,#14090,.F.);
#14092=EDGE_LOOP('',(#14086,#14088,#14089,#14091));
#14093=FACE_OUTER_BOUND('',#14092,.F.);
#14095=CARTESIAN_POINT('',(1.53E0,2.475E0,-1.18E1));
#14096=DIRECTION('',(-1.E0,0.E0,0.E0));
#14097=DIRECTION('',(0.E0,1.E0,0.E0));
#14098=AXIS2_PLACEMENT_3D('',#14095,#14096,#14097);
#14099=PLANE('',#14098);
#14100=ORIENTED_EDGE('',*,*,#7857,.F.);
#14102=ORIENTED_EDGE('',*,*,#14101,.T.);
#14103=ORIENTED_EDGE('',*,*,#14072,.T.);
#14104=ORIENTED_EDGE('',*,*,#14087,.F.);
#14105=EDGE_LOOP('',(#14100,#14102,#14103,#14104));
#14106=FACE_OUTER_BOUND('',#14105,.F.);
#14108=CARTESIAN_POINT('',(2.67E0,2.475E0,-1.18E1));
#14109=DIRECTION('',(0.E0,-1.E0,0.E0));
#14110=DIRECTION('',(-1.E0,0.E0,0.E0));
#14111=AXIS2_PLACEMENT_3D('',#14108,#14109,#14110);
#14112=PLANE('',#14111);
#14113=ORIENTED_EDGE('',*,*,#7855,.F.);
#14115=ORIENTED_EDGE('',*,*,#14114,.T.);
#14116=ORIENTED_EDGE('',*,*,#14074,.T.);
#14117=ORIENTED_EDGE('',*,*,#14101,.F.);
#14118=EDGE_LOOP('',(#14113,#14115,#14116,#14117));
#14119=FACE_OUTER_BOUND('',#14118,.F.);
#14121=CARTESIAN_POINT('',(2.67E0,3.025E0,-1.18E1));
#14122=DIRECTION('',(1.E0,0.E0,0.E0));
#14123=DIRECTION('',(0.E0,-1.E0,0.E0));
#14124=AXIS2_PLACEMENT_3D('',#14121,#14122,#14123);
#14125=PLANE('',#14124);
#14126=ORIENTED_EDGE('',*,*,#7853,.F.);
#14127=ORIENTED_EDGE('',*,*,#14090,.T.);
#14128=ORIENTED_EDGE('',*,*,#14076,.T.);
#14129=ORIENTED_EDGE('',*,*,#14114,.F.);
#14130=EDGE_LOOP('',(#14126,#14127,#14128,#14129));
#14131=FACE_OUTER_BOUND('',#14130,.F.);
#14133=CARTESIAN_POINT('',(5.73E0,-3.025E0,-1.18E1));
#14134=DIRECTION('',(-1.E0,0.E0,0.E0));
#14135=DIRECTION('',(0.E0,1.E0,0.E0));
#14136=AXIS2_PLACEMENT_3D('',#14133,#14134,#14135);
#14137=PLANE('',#14136);
#14138=ORIENTED_EDGE('',*,*,#7629,.F.);
#14140=ORIENTED_EDGE('',*,*,#14139,.T.);
#14142=ORIENTED_EDGE('',*,*,#14141,.T.);
#14144=ORIENTED_EDGE('',*,*,#14143,.F.);
#14145=EDGE_LOOP('',(#14138,#14140,#14142,#14144));
#14146=FACE_OUTER_BOUND('',#14145,.F.);
#14148=CARTESIAN_POINT('',(6.87E0,-3.025E0,-1.18E1));
#14149=DIRECTION('',(0.E0,-1.E0,0.E0));
#14150=DIRECTION('',(-1.E0,0.E0,0.E0));
#14151=AXIS2_PLACEMENT_3D('',#14148,#14149,#14150);
#14152=PLANE('',#14151);
#14153=ORIENTED_EDGE('',*,*,#7635,.F.);
#14155=ORIENTED_EDGE('',*,*,#14154,.T.);
#14157=ORIENTED_EDGE('',*,*,#14156,.T.);
#14158=ORIENTED_EDGE('',*,*,#14139,.F.);
#14159=EDGE_LOOP('',(#14153,#14155,#14157,#14158));
#14160=FACE_OUTER_BOUND('',#14159,.F.);
#14162=CARTESIAN_POINT('',(6.87E0,-2.475E0,-1.18E1));
#14163=DIRECTION('',(1.E0,0.E0,0.E0));
#14164=DIRECTION('',(0.E0,-1.E0,0.E0));
#14165=AXIS2_PLACEMENT_3D('',#14162,#14163,#14164);
#14166=PLANE('',#14165);
#14167=ORIENTED_EDGE('',*,*,#7633,.F.);
#14169=ORIENTED_EDGE('',*,*,#14168,.T.);
#14171=ORIENTED_EDGE('',*,*,#14170,.T.);
#14172=ORIENTED_EDGE('',*,*,#14154,.F.);
#14173=EDGE_LOOP('',(#14167,#14169,#14171,#14172));
#14174=FACE_OUTER_BOUND('',#14173,.F.);
#14176=CARTESIAN_POINT('',(5.73E0,-2.475E0,-1.18E1));
#14177=DIRECTION('',(0.E0,1.E0,0.E0));
#14178=DIRECTION('',(1.E0,0.E0,0.E0));
#14179=AXIS2_PLACEMENT_3D('',#14176,#14177,#14178);
#14180=PLANE('',#14179);
#14181=ORIENTED_EDGE('',*,*,#7631,.F.);
#14182=ORIENTED_EDGE('',*,*,#14143,.T.);
#14184=ORIENTED_EDGE('',*,*,#14183,.T.);
#14185=ORIENTED_EDGE('',*,*,#14168,.F.);
#14186=EDGE_LOOP('',(#14181,#14182,#14184,#14185));
#14187=FACE_OUTER_BOUND('',#14186,.F.);
#14189=CARTESIAN_POINT('',(0.E0,0.E0,-1.6E1));
#14190=DIRECTION('',(0.E0,0.E0,-1.E0));
#14191=DIRECTION('',(1.E0,0.E0,0.E0));
#14192=AXIS2_PLACEMENT_3D('',#14189,#14190,#14191);
#14193=PLANE('',#14192);
#14194=ORIENTED_EDGE('',*,*,#14141,.F.);
#14195=ORIENTED_EDGE('',*,*,#14156,.F.);
#14196=ORIENTED_EDGE('',*,*,#14170,.F.);
#14197=ORIENTED_EDGE('',*,*,#14183,.F.);
#14198=EDGE_LOOP('',(#14194,#14195,#14196,#14197));
#14199=FACE_OUTER_BOUND('',#14198,.F.);
#14201=CARTESIAN_POINT('',(0.E0,0.E0,-1.6E1));
#14202=DIRECTION('',(0.E0,0.E0,-1.E0));
#14203=DIRECTION('',(1.E0,0.E0,0.E0));
#14204=AXIS2_PLACEMENT_3D('',#14201,#14202,#14203);
#14205=PLANE('',#14204);
#14207=ORIENTED_EDGE('',*,*,#14206,.F.);
#14209=ORIENTED_EDGE('',*,*,#14208,.F.);
#14211=ORIENTED_EDGE('',*,*,#14210,.F.);
#14213=ORIENTED_EDGE('',*,*,#14212,.F.);
#14214=EDGE_LOOP('',(#14207,#14209,#14211,#14213));
#14215=FACE_OUTER_BOUND('',#14214,.F.);
#14217=CARTESIAN_POINT('',(5.73E0,3.025E0,-1.18E1));
#14218=DIRECTION('',(0.E0,1.E0,0.E0));
#14219=DIRECTION('',(1.E0,0.E0,0.E0));
#14220=AXIS2_PLACEMENT_3D('',#14217,#14218,#14219);
#14221=PLANE('',#14220);
#14222=ORIENTED_EDGE('',*,*,#7861,.F.);
#14224=ORIENTED_EDGE('',*,*,#14223,.T.);
#14225=ORIENTED_EDGE('',*,*,#14206,.T.);
#14227=ORIENTED_EDGE('',*,*,#14226,.F.);
#14228=EDGE_LOOP('',(#14222,#14224,#14225,#14227));
#14229=FACE_OUTER_BOUND('',#14228,.F.);
#14231=CARTESIAN_POINT('',(5.73E0,2.475E0,-1.18E1));
#14232=DIRECTION('',(-1.E0,0.E0,0.E0));
#14233=DIRECTION('',(0.E0,1.E0,0.E0));
#14234=AXIS2_PLACEMENT_3D('',#14231,#14232,#14233);
#14235=PLANE('',#14234);
#14236=ORIENTED_EDGE('',*,*,#7867,.F.);
#14238=ORIENTED_EDGE('',*,*,#14237,.T.);
#14239=ORIENTED_EDGE('',*,*,#14208,.T.);
#14240=ORIENTED_EDGE('',*,*,#14223,.F.);
#14241=EDGE_LOOP('',(#14236,#14238,#14239,#14240));
#14242=FACE_OUTER_BOUND('',#14241,.F.);
#14244=CARTESIAN_POINT('',(6.87E0,2.475E0,-1.18E1));
#14245=DIRECTION('',(0.E0,-1.E0,0.E0));
#14246=DIRECTION('',(-1.E0,0.E0,0.E0));
#14247=AXIS2_PLACEMENT_3D('',#14244,#14245,#14246);
#14248=PLANE('',#14247);
#14249=ORIENTED_EDGE('',*,*,#7865,.F.);
#14251=ORIENTED_EDGE('',*,*,#14250,.T.);
#14252=ORIENTED_EDGE('',*,*,#14210,.T.);
#14253=ORIENTED_EDGE('',*,*,#14237,.F.);
#14254=EDGE_LOOP('',(#14249,#14251,#14252,#14253));
#14255=FACE_OUTER_BOUND('',#14254,.F.);
#14257=CARTESIAN_POINT('',(6.87E0,3.025E0,-1.18E1));
#14258=DIRECTION('',(1.E0,0.E0,0.E0));
#14259=DIRECTION('',(0.E0,-1.E0,0.E0));
#14260=AXIS2_PLACEMENT_3D('',#14257,#14258,#14259);
#14261=PLANE('',#14260);
#14262=ORIENTED_EDGE('',*,*,#7863,.F.);
#14263=ORIENTED_EDGE('',*,*,#14226,.T.);
#14264=ORIENTED_EDGE('',*,*,#14212,.T.);
#14265=ORIENTED_EDGE('',*,*,#14250,.F.);
#14266=EDGE_LOOP('',(#14262,#14263,#14264,#14265));
#14267=FACE_OUTER_BOUND('',#14266,.F.);
#14269=CARTESIAN_POINT('',(9.93E0,-3.025E0,-1.18E1));
#14270=DIRECTION('',(-1.E0,0.E0,0.E0));
#14271=DIRECTION('',(0.E0,1.E0,0.E0));
#14272=AXIS2_PLACEMENT_3D('',#14269,#14270,#14271);
#14273=PLANE('',#14272);
#14274=ORIENTED_EDGE('',*,*,#7639,.F.);
#14276=ORIENTED_EDGE('',*,*,#14275,.T.);
#14278=ORIENTED_EDGE('',*,*,#14277,.T.);
#14280=ORIENTED_EDGE('',*,*,#14279,.F.);
#14281=EDGE_LOOP('',(#14274,#14276,#14278,#14280));
#14282=FACE_OUTER_BOUND('',#14281,.F.);
#14284=CARTESIAN_POINT('',(1.107E1,-3.025E0,-1.18E1));
#14285=DIRECTION('',(0.E0,-1.E0,0.E0));
#14286=DIRECTION('',(-1.E0,0.E0,0.E0));
#14287=AXIS2_PLACEMENT_3D('',#14284,#14285,#14286);
#14288=PLANE('',#14287);
#14289=ORIENTED_EDGE('',*,*,#7645,.F.);
#14291=ORIENTED_EDGE('',*,*,#14290,.T.);
#14293=ORIENTED_EDGE('',*,*,#14292,.T.);
#14294=ORIENTED_EDGE('',*,*,#14275,.F.);
#14295=EDGE_LOOP('',(#14289,#14291,#14293,#14294));
#14296=FACE_OUTER_BOUND('',#14295,.F.);
#14298=CARTESIAN_POINT('',(1.107E1,-2.475E0,-1.18E1));
#14299=DIRECTION('',(1.E0,0.E0,0.E0));
#14300=DIRECTION('',(0.E0,-1.E0,0.E0));
#14301=AXIS2_PLACEMENT_3D('',#14298,#14299,#14300);
#14302=PLANE('',#14301);
#14303=ORIENTED_EDGE('',*,*,#7643,.F.);
#14305=ORIENTED_EDGE('',*,*,#14304,.T.);
#14307=ORIENTED_EDGE('',*,*,#14306,.T.);
#14308=ORIENTED_EDGE('',*,*,#14290,.F.);
#14309=EDGE_LOOP('',(#14303,#14305,#14307,#14308));
#14310=FACE_OUTER_BOUND('',#14309,.F.);
#14312=CARTESIAN_POINT('',(9.93E0,-2.475E0,-1.18E1));
#14313=DIRECTION('',(0.E0,1.E0,0.E0));
#14314=DIRECTION('',(1.E0,0.E0,0.E0));
#14315=AXIS2_PLACEMENT_3D('',#14312,#14313,#14314);
#14316=PLANE('',#14315);
#14317=ORIENTED_EDGE('',*,*,#7641,.F.);
#14318=ORIENTED_EDGE('',*,*,#14279,.T.);
#14320=ORIENTED_EDGE('',*,*,#14319,.T.);
#14321=ORIENTED_EDGE('',*,*,#14304,.F.);
#14322=EDGE_LOOP('',(#14317,#14318,#14320,#14321));
#14323=FACE_OUTER_BOUND('',#14322,.F.);
#14325=CARTESIAN_POINT('',(0.E0,0.E0,-1.6E1));
#14326=DIRECTION('',(0.E0,0.E0,-1.E0));
#14327=DIRECTION('',(1.E0,0.E0,0.E0));
#14328=AXIS2_PLACEMENT_3D('',#14325,#14326,#14327);
#14329=PLANE('',#14328);
#14330=ORIENTED_EDGE('',*,*,#14277,.F.);
#14331=ORIENTED_EDGE('',*,*,#14292,.F.);
#14332=ORIENTED_EDGE('',*,*,#14306,.F.);
#14333=ORIENTED_EDGE('',*,*,#14319,.F.);
#14334=EDGE_LOOP('',(#14330,#14331,#14332,#14333));
#14335=FACE_OUTER_BOUND('',#14334,.F.);
#14337=CARTESIAN_POINT('',(0.E0,0.E0,-1.6E1));
#14338=DIRECTION('',(0.E0,0.E0,-1.E0));
#14339=DIRECTION('',(1.E0,0.E0,0.E0));
#14340=AXIS2_PLACEMENT_3D('',#14337,#14338,#14339);
#14341=PLANE('',#14340);
#14343=ORIENTED_EDGE('',*,*,#14342,.F.);
#14345=ORIENTED_EDGE('',*,*,#14344,.F.);
#14347=ORIENTED_EDGE('',*,*,#14346,.F.);
#14349=ORIENTED_EDGE('',*,*,#14348,.F.);
#14350=EDGE_LOOP('',(#14343,#14345,#14347,#14349));
#14351=FACE_OUTER_BOUND('',#14350,.F.);
#14353=CARTESIAN_POINT('',(9.93E0,3.025E0,-1.18E1));
#14354=DIRECTION('',(0.E0,1.E0,0.E0));
#14355=DIRECTION('',(1.E0,0.E0,0.E0));
#14356=AXIS2_PLACEMENT_3D('',#14353,#14354,#14355);
#14357=PLANE('',#14356);
#14358=ORIENTED_EDGE('',*,*,#7871,.F.);
#14360=ORIENTED_EDGE('',*,*,#14359,.T.);
#14361=ORIENTED_EDGE('',*,*,#14342,.T.);
#14363=ORIENTED_EDGE('',*,*,#14362,.F.);
#14364=EDGE_LOOP('',(#14358,#14360,#14361,#14363));
#14365=FACE_OUTER_BOUND('',#14364,.F.);
#14367=CARTESIAN_POINT('',(9.93E0,2.475E0,-1.18E1));
#14368=DIRECTION('',(-1.E0,0.E0,0.E0));
#14369=DIRECTION('',(0.E0,1.E0,0.E0));
#14370=AXIS2_PLACEMENT_3D('',#14367,#14368,#14369);
#14371=PLANE('',#14370);
#14372=ORIENTED_EDGE('',*,*,#7877,.F.);
#14374=ORIENTED_EDGE('',*,*,#14373,.T.);
#14375=ORIENTED_EDGE('',*,*,#14344,.T.);
#14376=ORIENTED_EDGE('',*,*,#14359,.F.);
#14377=EDGE_LOOP('',(#14372,#14374,#14375,#14376));
#14378=FACE_OUTER_BOUND('',#14377,.F.);
#14380=CARTESIAN_POINT('',(1.107E1,2.475E0,-1.18E1));
#14381=DIRECTION('',(0.E0,-1.E0,0.E0));
#14382=DIRECTION('',(-1.E0,0.E0,0.E0));
#14383=AXIS2_PLACEMENT_3D('',#14380,#14381,#14382);
#14384=PLANE('',#14383);
#14385=ORIENTED_EDGE('',*,*,#7875,.F.);
#14387=ORIENTED_EDGE('',*,*,#14386,.T.);
#14388=ORIENTED_EDGE('',*,*,#14346,.T.);
#14389=ORIENTED_EDGE('',*,*,#14373,.F.);
#14390=EDGE_LOOP('',(#14385,#14387,#14388,#14389));
#14391=FACE_OUTER_BOUND('',#14390,.F.);
#14393=CARTESIAN_POINT('',(1.107E1,3.025E0,-1.18E1));
#14394=DIRECTION('',(1.E0,0.E0,0.E0));
#14395=DIRECTION('',(0.E0,-1.E0,0.E0));
#14396=AXIS2_PLACEMENT_3D('',#14393,#14394,#14395);
#14397=PLANE('',#14396);
#14398=ORIENTED_EDGE('',*,*,#7873,.F.);
#14399=ORIENTED_EDGE('',*,*,#14362,.T.);
#14400=ORIENTED_EDGE('',*,*,#14348,.T.);
#14401=ORIENTED_EDGE('',*,*,#14386,.F.);
#14402=EDGE_LOOP('',(#14398,#14399,#14400,#14401));
#14403=FACE_OUTER_BOUND('',#14402,.F.);
#14405=CARTESIAN_POINT('',(1.413E1,-3.025E0,-1.18E1));
#14406=DIRECTION('',(-1.E0,0.E0,0.E0));
#14407=DIRECTION('',(0.E0,1.E0,0.E0));
#14408=AXIS2_PLACEMENT_3D('',#14405,#14406,#14407);
#14409=PLANE('',#14408);
#14410=ORIENTED_EDGE('',*,*,#7649,.F.);
#14412=ORIENTED_EDGE('',*,*,#14411,.T.);
#14414=ORIENTED_EDGE('',*,*,#14413,.T.);
#14416=ORIENTED_EDGE('',*,*,#14415,.F.);
#14417=EDGE_LOOP('',(#14410,#14412,#14414,#14416));
#14418=FACE_OUTER_BOUND('',#14417,.F.);
#14420=CARTESIAN_POINT('',(1.527E1,-3.025E0,-1.18E1));
#14421=DIRECTION('',(0.E0,-1.E0,0.E0));
#14422=DIRECTION('',(-1.E0,0.E0,0.E0));
#14423=AXIS2_PLACEMENT_3D('',#14420,#14421,#14422);
#14424=PLANE('',#14423);
#14425=ORIENTED_EDGE('',*,*,#7655,.F.);
#14427=ORIENTED_EDGE('',*,*,#14426,.T.);
#14429=ORIENTED_EDGE('',*,*,#14428,.T.);
#14430=ORIENTED_EDGE('',*,*,#14411,.F.);
#14431=EDGE_LOOP('',(#14425,#14427,#14429,#14430));
#14432=FACE_OUTER_BOUND('',#14431,.F.);
#14434=CARTESIAN_POINT('',(1.527E1,-2.475E0,-1.18E1));
#14435=DIRECTION('',(1.E0,0.E0,0.E0));
#14436=DIRECTION('',(0.E0,-1.E0,0.E0));
#14437=AXIS2_PLACEMENT_3D('',#14434,#14435,#14436);
#14438=PLANE('',#14437);
#14439=ORIENTED_EDGE('',*,*,#7653,.F.);
#14441=ORIENTED_EDGE('',*,*,#14440,.T.);
#14443=ORIENTED_EDGE('',*,*,#14442,.T.);
#14444=ORIENTED_EDGE('',*,*,#14426,.F.);
#14445=EDGE_LOOP('',(#14439,#14441,#14443,#14444));
#14446=FACE_OUTER_BOUND('',#14445,.F.);
#14448=CARTESIAN_POINT('',(1.413E1,-2.475E0,-1.18E1));
#14449=DIRECTION('',(0.E0,1.E0,0.E0));
#14450=DIRECTION('',(1.E0,0.E0,0.E0));
#14451=AXIS2_PLACEMENT_3D('',#14448,#14449,#14450);
#14452=PLANE('',#14451);
#14453=ORIENTED_EDGE('',*,*,#7651,.F.);
#14454=ORIENTED_EDGE('',*,*,#14415,.T.);
#14456=ORIENTED_EDGE('',*,*,#14455,.T.);
#14457=ORIENTED_EDGE('',*,*,#14440,.F.);
#14458=EDGE_LOOP('',(#14453,#14454,#14456,#14457));
#14459=FACE_OUTER_BOUND('',#14458,.F.);
#14461=CARTESIAN_POINT('',(0.E0,0.E0,-1.6E1));
#14462=DIRECTION('',(0.E0,0.E0,-1.E0));
#14463=DIRECTION('',(1.E0,0.E0,0.E0));
#14464=AXIS2_PLACEMENT_3D('',#14461,#14462,#14463);
#14465=PLANE('',#14464);
#14466=ORIENTED_EDGE('',*,*,#14413,.F.);
#14467=ORIENTED_EDGE('',*,*,#14428,.F.);
#14468=ORIENTED_EDGE('',*,*,#14442,.F.);
#14469=ORIENTED_EDGE('',*,*,#14455,.F.);
#14470=EDGE_LOOP('',(#14466,#14467,#14468,#14469));
#14471=FACE_OUTER_BOUND('',#14470,.F.);
#14473=CARTESIAN_POINT('',(0.E0,0.E0,-1.6E1));
#14474=DIRECTION('',(0.E0,0.E0,-1.E0));
#14475=DIRECTION('',(1.E0,0.E0,0.E0));
#14476=AXIS2_PLACEMENT_3D('',#14473,#14474,#14475);
#14477=PLANE('',#14476);
#14479=ORIENTED_EDGE('',*,*,#14478,.F.);
#14481=ORIENTED_EDGE('',*,*,#14480,.F.);
#14483=ORIENTED_EDGE('',*,*,#14482,.F.);
#14485=ORIENTED_EDGE('',*,*,#14484,.F.);
#14486=EDGE_LOOP('',(#14479,#14481,#14483,#14485));
#14487=FACE_OUTER_BOUND('',#14486,.F.);
#14489=CARTESIAN_POINT('',(1.413E1,3.025E0,-1.18E1));
#14490=DIRECTION('',(0.E0,1.E0,0.E0));
#14491=DIRECTION('',(1.E0,0.E0,0.E0));
#14492=AXIS2_PLACEMENT_3D('',#14489,#14490,#14491);
#14493=PLANE('',#14492);
#14494=ORIENTED_EDGE('',*,*,#7881,.F.);
#14496=ORIENTED_EDGE('',*,*,#14495,.T.);
#14497=ORIENTED_EDGE('',*,*,#14478,.T.);
#14499=ORIENTED_EDGE('',*,*,#14498,.F.);
#14500=EDGE_LOOP('',(#14494,#14496,#14497,#14499));
#14501=FACE_OUTER_BOUND('',#14500,.F.);
#14503=CARTESIAN_POINT('',(1.413E1,2.475E0,-1.18E1));
#14504=DIRECTION('',(-1.E0,0.E0,0.E0));
#14505=DIRECTION('',(0.E0,1.E0,0.E0));
#14506=AXIS2_PLACEMENT_3D('',#14503,#14504,#14505);
#14507=PLANE('',#14506);
#14508=ORIENTED_EDGE('',*,*,#7887,.F.);
#14510=ORIENTED_EDGE('',*,*,#14509,.T.);
#14511=ORIENTED_EDGE('',*,*,#14480,.T.);
#14512=ORIENTED_EDGE('',*,*,#14495,.F.);
#14513=EDGE_LOOP('',(#14508,#14510,#14511,#14512));
#14514=FACE_OUTER_BOUND('',#14513,.F.);
#14516=CARTESIAN_POINT('',(1.527E1,2.475E0,-1.18E1));
#14517=DIRECTION('',(0.E0,-1.E0,0.E0));
#14518=DIRECTION('',(-1.E0,0.E0,0.E0));
#14519=AXIS2_PLACEMENT_3D('',#14516,#14517,#14518);
#14520=PLANE('',#14519);
#14521=ORIENTED_EDGE('',*,*,#7885,.F.);
#14523=ORIENTED_EDGE('',*,*,#14522,.T.);
#14524=ORIENTED_EDGE('',*,*,#14482,.T.);
#14525=ORIENTED_EDGE('',*,*,#14509,.F.);
#14526=EDGE_LOOP('',(#14521,#14523,#14524,#14525));
#14527=FACE_OUTER_BOUND('',#14526,.F.);
#14529=CARTESIAN_POINT('',(1.527E1,3.025E0,-1.18E1));
#14530=DIRECTION('',(1.E0,0.E0,0.E0));
#14531=DIRECTION('',(0.E0,-1.E0,0.E0));
#14532=AXIS2_PLACEMENT_3D('',#14529,#14530,#14531);
#14533=PLANE('',#14532);
#14534=ORIENTED_EDGE('',*,*,#7883,.F.);
#14535=ORIENTED_EDGE('',*,*,#14498,.T.);
#14536=ORIENTED_EDGE('',*,*,#14484,.T.);
#14537=ORIENTED_EDGE('',*,*,#14522,.F.);
#14538=EDGE_LOOP('',(#14534,#14535,#14536,#14537));
#14539=FACE_OUTER_BOUND('',#14538,.F.);
#14541=CARTESIAN_POINT('',(1.833E1,-3.025E0,-1.18E1));
#14542=DIRECTION('',(-1.E0,0.E0,0.E0));
#14543=DIRECTION('',(0.E0,1.E0,0.E0));
#14544=AXIS2_PLACEMENT_3D('',#14541,#14542,#14543);
#14545=PLANE('',#14544);
#14546=ORIENTED_EDGE('',*,*,#7659,.F.);
#14548=ORIENTED_EDGE('',*,*,#14547,.T.);
#14550=ORIENTED_EDGE('',*,*,#14549,.T.);
#14552=ORIENTED_EDGE('',*,*,#14551,.F.);
#14553=EDGE_LOOP('',(#14546,#14548,#14550,#14552));
#14554=FACE_OUTER_BOUND('',#14553,.F.);
#14556=CARTESIAN_POINT('',(1.947E1,-3.025E0,-1.18E1));
#14557=DIRECTION('',(0.E0,-1.E0,0.E0));
#14558=DIRECTION('',(-1.E0,0.E0,0.E0));
#14559=AXIS2_PLACEMENT_3D('',#14556,#14557,#14558);
#14560=PLANE('',#14559);
#14561=ORIENTED_EDGE('',*,*,#7665,.F.);
#14563=ORIENTED_EDGE('',*,*,#14562,.T.);
#14565=ORIENTED_EDGE('',*,*,#14564,.T.);
#14566=ORIENTED_EDGE('',*,*,#14547,.F.);
#14567=EDGE_LOOP('',(#14561,#14563,#14565,#14566));
#14568=FACE_OUTER_BOUND('',#14567,.F.);
#14570=CARTESIAN_POINT('',(1.947E1,-2.475E0,-1.18E1));
#14571=DIRECTION('',(1.E0,0.E0,0.E0));
#14572=DIRECTION('',(0.E0,-1.E0,0.E0));
#14573=AXIS2_PLACEMENT_3D('',#14570,#14571,#14572);
#14574=PLANE('',#14573);
#14575=ORIENTED_EDGE('',*,*,#7663,.F.);
#14577=ORIENTED_EDGE('',*,*,#14576,.T.);
#14579=ORIENTED_EDGE('',*,*,#14578,.T.);
#14580=ORIENTED_EDGE('',*,*,#14562,.F.);
#14581=EDGE_LOOP('',(#14575,#14577,#14579,#14580));
#14582=FACE_OUTER_BOUND('',#14581,.F.);
#14584=CARTESIAN_POINT('',(1.833E1,-2.475E0,-1.18E1));
#14585=DIRECTION('',(0.E0,1.E0,0.E0));
#14586=DIRECTION('',(1.E0,0.E0,0.E0));
#14587=AXIS2_PLACEMENT_3D('',#14584,#14585,#14586);
#14588=PLANE('',#14587);
#14589=ORIENTED_EDGE('',*,*,#7661,.F.);
#14590=ORIENTED_EDGE('',*,*,#14551,.T.);
#14592=ORIENTED_EDGE('',*,*,#14591,.T.);
#14593=ORIENTED_EDGE('',*,*,#14576,.F.);
#14594=EDGE_LOOP('',(#14589,#14590,#14592,#14593));
#14595=FACE_OUTER_BOUND('',#14594,.F.);
#14597=CARTESIAN_POINT('',(0.E0,0.E0,-1.6E1));
#14598=DIRECTION('',(0.E0,0.E0,-1.E0));
#14599=DIRECTION('',(1.E0,0.E0,0.E0));
#14600=AXIS2_PLACEMENT_3D('',#14597,#14598,#14599);
#14601=PLANE('',#14600);
#14602=ORIENTED_EDGE('',*,*,#14549,.F.);
#14603=ORIENTED_EDGE('',*,*,#14564,.F.);
#14604=ORIENTED_EDGE('',*,*,#14578,.F.);
#14605=ORIENTED_EDGE('',*,*,#14591,.F.);
#14606=EDGE_LOOP('',(#14602,#14603,#14604,#14605));
#14607=FACE_OUTER_BOUND('',#14606,.F.);
#14609=CARTESIAN_POINT('',(0.E0,0.E0,-1.6E1));
#14610=DIRECTION('',(0.E0,0.E0,-1.E0));
#14611=DIRECTION('',(1.E0,0.E0,0.E0));
#14612=AXIS2_PLACEMENT_3D('',#14609,#14610,#14611);
#14613=PLANE('',#14612);
#14615=ORIENTED_EDGE('',*,*,#14614,.F.);
#14617=ORIENTED_EDGE('',*,*,#14616,.F.);
#14619=ORIENTED_EDGE('',*,*,#14618,.F.);
#14621=ORIENTED_EDGE('',*,*,#14620,.F.);
#14622=EDGE_LOOP('',(#14615,#14617,#14619,#14621));
#14623=FACE_OUTER_BOUND('',#14622,.F.);
#14625=CARTESIAN_POINT('',(1.833E1,3.025E0,-1.18E1));
#14626=DIRECTION('',(0.E0,1.E0,0.E0));
#14627=DIRECTION('',(1.E0,0.E0,0.E0));
#14628=AXIS2_PLACEMENT_3D('',#14625,#14626,#14627);
#14629=PLANE('',#14628);
#14630=ORIENTED_EDGE('',*,*,#7891,.F.);
#14632=ORIENTED_EDGE('',*,*,#14631,.T.);
#14633=ORIENTED_EDGE('',*,*,#14614,.T.);
#14635=ORIENTED_EDGE('',*,*,#14634,.F.);
#14636=EDGE_LOOP('',(#14630,#14632,#14633,#14635));
#14637=FACE_OUTER_BOUND('',#14636,.F.);
#14639=CARTESIAN_POINT('',(1.833E1,2.475E0,-1.18E1));
#14640=DIRECTION('',(-1.E0,0.E0,0.E0));
#14641=DIRECTION('',(0.E0,1.E0,0.E0));
#14642=AXIS2_PLACEMENT_3D('',#14639,#14640,#14641);
#14643=PLANE('',#14642);
#14644=ORIENTED_EDGE('',*,*,#7897,.F.);
#14646=ORIENTED_EDGE('',*,*,#14645,.T.);
#14647=ORIENTED_EDGE('',*,*,#14616,.T.);
#14648=ORIENTED_EDGE('',*,*,#14631,.F.);
#14649=EDGE_LOOP('',(#14644,#14646,#14647,#14648));
#14650=FACE_OUTER_BOUND('',#14649,.F.);
#14652=CARTESIAN_POINT('',(1.947E1,2.475E0,-1.18E1));
#14653=DIRECTION('',(0.E0,-1.E0,0.E0));
#14654=DIRECTION('',(-1.E0,0.E0,0.E0));
#14655=AXIS2_PLACEMENT_3D('',#14652,#14653,#14654);
#14656=PLANE('',#14655);
#14657=ORIENTED_EDGE('',*,*,#7895,.F.);
#14659=ORIENTED_EDGE('',*,*,#14658,.T.);
#14660=ORIENTED_EDGE('',*,*,#14618,.T.);
#14661=ORIENTED_EDGE('',*,*,#14645,.F.);
#14662=EDGE_LOOP('',(#14657,#14659,#14660,#14661));
#14663=FACE_OUTER_BOUND('',#14662,.F.);
#14665=CARTESIAN_POINT('',(1.947E1,3.025E0,-1.18E1));
#14666=DIRECTION('',(1.E0,0.E0,0.E0));
#14667=DIRECTION('',(0.E0,-1.E0,0.E0));
#14668=AXIS2_PLACEMENT_3D('',#14665,#14666,#14667);
#14669=PLANE('',#14668);
#14670=ORIENTED_EDGE('',*,*,#7893,.F.);
#14671=ORIENTED_EDGE('',*,*,#14634,.T.);
#14672=ORIENTED_EDGE('',*,*,#14620,.T.);
#14673=ORIENTED_EDGE('',*,*,#14658,.F.);
#14674=EDGE_LOOP('',(#14670,#14671,#14672,#14673));
#14675=FACE_OUTER_BOUND('',#14674,.F.);
#14677=CARTESIAN_POINT('',(2.253E1,-3.025E0,-1.18E1));
#14678=DIRECTION('',(-1.E0,0.E0,0.E0));
#14679=DIRECTION('',(0.E0,1.E0,0.E0));
#14680=AXIS2_PLACEMENT_3D('',#14677,#14678,#14679);
#14681=PLANE('',#14680);
#14682=ORIENTED_EDGE('',*,*,#7669,.F.);
#14684=ORIENTED_EDGE('',*,*,#14683,.T.);
#14686=ORIENTED_EDGE('',*,*,#14685,.T.);
#14688=ORIENTED_EDGE('',*,*,#14687,.F.);
#14689=EDGE_LOOP('',(#14682,#14684,#14686,#14688));
#14690=FACE_OUTER_BOUND('',#14689,.F.);
#14692=CARTESIAN_POINT('',(2.367E1,-3.025E0,-1.18E1));
#14693=DIRECTION('',(0.E0,-1.E0,0.E0));
#14694=DIRECTION('',(-1.E0,0.E0,0.E0));
#14695=AXIS2_PLACEMENT_3D('',#14692,#14693,#14694);
#14696=PLANE('',#14695);
#14697=ORIENTED_EDGE('',*,*,#7675,.F.);
#14699=ORIENTED_EDGE('',*,*,#14698,.T.);
#14701=ORIENTED_EDGE('',*,*,#14700,.T.);
#14702=ORIENTED_EDGE('',*,*,#14683,.F.);
#14703=EDGE_LOOP('',(#14697,#14699,#14701,#14702));
#14704=FACE_OUTER_BOUND('',#14703,.F.);
#14706=CARTESIAN_POINT('',(2.367E1,-2.475E0,-1.18E1));
#14707=DIRECTION('',(1.E0,0.E0,0.E0));
#14708=DIRECTION('',(0.E0,-1.E0,0.E0));
#14709=AXIS2_PLACEMENT_3D('',#14706,#14707,#14708);
#14710=PLANE('',#14709);
#14711=ORIENTED_EDGE('',*,*,#7673,.F.);
#14713=ORIENTED_EDGE('',*,*,#14712,.T.);
#14715=ORIENTED_EDGE('',*,*,#14714,.T.);
#14716=ORIENTED_EDGE('',*,*,#14698,.F.);
#14717=EDGE_LOOP('',(#14711,#14713,#14715,#14716));
#14718=FACE_OUTER_BOUND('',#14717,.F.);
#14720=CARTESIAN_POINT('',(2.253E1,-2.475E0,-1.18E1));
#14721=DIRECTION('',(0.E0,1.E0,0.E0));
#14722=DIRECTION('',(1.E0,0.E0,0.E0));
#14723=AXIS2_PLACEMENT_3D('',#14720,#14721,#14722);
#14724=PLANE('',#14723);
#14725=ORIENTED_EDGE('',*,*,#7671,.F.);
#14726=ORIENTED_EDGE('',*,*,#14687,.T.);
#14728=ORIENTED_EDGE('',*,*,#14727,.T.);
#14729=ORIENTED_EDGE('',*,*,#14712,.F.);
#14730=EDGE_LOOP('',(#14725,#14726,#14728,#14729));
#14731=FACE_OUTER_BOUND('',#14730,.F.);
#14733=CARTESIAN_POINT('',(0.E0,0.E0,-1.6E1));
#14734=DIRECTION('',(0.E0,0.E0,-1.E0));
#14735=DIRECTION('',(1.E0,0.E0,0.E0));
#14736=AXIS2_PLACEMENT_3D('',#14733,#14734,#14735);
#14737=PLANE('',#14736);
#14738=ORIENTED_EDGE('',*,*,#14685,.F.);
#14739=ORIENTED_EDGE('',*,*,#14700,.F.);
#14740=ORIENTED_EDGE('',*,*,#14714,.F.);
#14741=ORIENTED_EDGE('',*,*,#14727,.F.);
#14742=EDGE_LOOP('',(#14738,#14739,#14740,#14741));
#14743=FACE_OUTER_BOUND('',#14742,.F.);
#14745=CARTESIAN_POINT('',(0.E0,0.E0,-1.6E1));
#14746=DIRECTION('',(0.E0,0.E0,-1.E0));
#14747=DIRECTION('',(1.E0,0.E0,0.E0));
#14748=AXIS2_PLACEMENT_3D('',#14745,#14746,#14747);
#14749=PLANE('',#14748);
#14751=ORIENTED_EDGE('',*,*,#14750,.F.);
#14753=ORIENTED_EDGE('',*,*,#14752,.F.);
#14755=ORIENTED_EDGE('',*,*,#14754,.F.);
#14757=ORIENTED_EDGE('',*,*,#14756,.F.);
#14758=EDGE_LOOP('',(#14751,#14753,#14755,#14757));
#14759=FACE_OUTER_BOUND('',#14758,.F.);
#14761=CARTESIAN_POINT('',(2.253E1,3.025E0,-1.18E1));
#14762=DIRECTION('',(0.E0,1.E0,0.E0));
#14763=DIRECTION('',(1.E0,0.E0,0.E0));
#14764=AXIS2_PLACEMENT_3D('',#14761,#14762,#14763);
#14765=PLANE('',#14764);
#14766=ORIENTED_EDGE('',*,*,#7901,.F.);
#14768=ORIENTED_EDGE('',*,*,#14767,.T.);
#14769=ORIENTED_EDGE('',*,*,#14750,.T.);
#14771=ORIENTED_EDGE('',*,*,#14770,.F.);
#14772=EDGE_LOOP('',(#14766,#14768,#14769,#14771));
#14773=FACE_OUTER_BOUND('',#14772,.F.);
#14775=CARTESIAN_POINT('',(2.253E1,2.475E0,-1.18E1));
#14776=DIRECTION('',(-1.E0,0.E0,0.E0));
#14777=DIRECTION('',(0.E0,1.E0,0.E0));
#14778=AXIS2_PLACEMENT_3D('',#14775,#14776,#14777);
#14779=PLANE('',#14778);
#14780=ORIENTED_EDGE('',*,*,#7907,.F.);
#14782=ORIENTED_EDGE('',*,*,#14781,.T.);
#14783=ORIENTED_EDGE('',*,*,#14752,.T.);
#14784=ORIENTED_EDGE('',*,*,#14767,.F.);
#14785=EDGE_LOOP('',(#14780,#14782,#14783,#14784));
#14786=FACE_OUTER_BOUND('',#14785,.F.);
#14788=CARTESIAN_POINT('',(2.367E1,2.475E0,-1.18E1));
#14789=DIRECTION('',(0.E0,-1.E0,0.E0));
#14790=DIRECTION('',(-1.E0,0.E0,0.E0));
#14791=AXIS2_PLACEMENT_3D('',#14788,#14789,#14790);
#14792=PLANE('',#14791);
#14793=ORIENTED_EDGE('',*,*,#7905,.F.);
#14795=ORIENTED_EDGE('',*,*,#14794,.T.);
#14796=ORIENTED_EDGE('',*,*,#14754,.T.);
#14797=ORIENTED_EDGE('',*,*,#14781,.F.);
#14798=EDGE_LOOP('',(#14793,#14795,#14796,#14797));
#14799=FACE_OUTER_BOUND('',#14798,.F.);
#14801=CARTESIAN_POINT('',(2.367E1,3.025E0,-1.18E1));
#14802=DIRECTION('',(1.E0,0.E0,0.E0));
#14803=DIRECTION('',(0.E0,-1.E0,0.E0));
#14804=AXIS2_PLACEMENT_3D('',#14801,#14802,#14803);
#14805=PLANE('',#14804);
#14806=ORIENTED_EDGE('',*,*,#7903,.F.);
#14807=ORIENTED_EDGE('',*,*,#14770,.T.);
#14808=ORIENTED_EDGE('',*,*,#14756,.T.);
#14809=ORIENTED_EDGE('',*,*,#14794,.F.);
#14810=EDGE_LOOP('',(#14806,#14807,#14808,#14809));
#14811=FACE_OUTER_BOUND('',#14810,.F.);
#14813=CLOSED_SHELL('',(#6839,#6855,#6871,#6887,#6903,#6919,#6935,#6951,#6967,
#6983,#6999,#7015,#7031,#7047,#7063,#7079,#7095,#7111,#7127,#7143,#7159,#7175,
#7227,#7242,#7257,#7272,#7287,#7302,#7317,#7332,#7347,#7362,#7377,#7392,#7407,
#7422,#7436,#7450,#7463,#7679,#7911,#7924,#8018,#8033,#8048,#8357,#8372,#8386,
#8400,#8413,#8435,#8465,#8480,#8494,#8508,#8521,#8533,#8549,#8563,#8576,#8589,
#8601,#8615,#8628,#8641,#8654,#8667,#8679,#8694,#8708,#8722,#8735,#8757,#8787,
#8802,#8816,#8830,#8843,#8855,#8871,#8885,#8898,#8911,#8923,#8937,#8950,#8963,
#8976,#8989,#9001,#9016,#9030,#9044,#9057,#9079,#9109,#9124,#9138,#9152,#9165,
#9177,#9193,#9207,#9220,#9233,#9245,#9259,#9272,#9285,#9298,#9311,#9323,#9338,
#9352,#9366,#9379,#9401,#9431,#9446,#9460,#9474,#9487,#9499,#9515,#9529,#9542,
#9555,#9567,#9581,#9594,#9607,#9620,#9633,#9645,#9660,#9674,#9688,#9701,#9723,
#9753,#9768,#9782,#9796,#9809,#9821,#9837,#9851,#9864,#9877,#9889,#9903,#9916,
#9929,#9942,#9955,#9967,#9982,#9996,#10010,#10023,#10045,#10075,#10090,#10104,
#10118,#10131,#10143,#10159,#10173,#10186,#10199,#10211,#10225,#10238,#10251,
#10264,#10277,#10289,#10304,#10318,#10332,#10345,#10367,#10397,#10412,#10426,
#10440,#10453,#10465,#10481,#10495,#10508,#10521,#10533,#10547,#10560,#10573,
#10586,#10599,#10611,#10626,#10640,#10654,#10667,#10689,#10719,#10734,#10748,
#10762,#10775,#10787,#10803,#10817,#10830,#10843,#10855,#10869,#10882,#10895,
#10908,#10921,#10933,#10948,#10962,#10976,#10989,#11011,#11041,#11056,#11070,
#11084,#11097,#11109,#11125,#11139,#11152,#11165,#11177,#11191,#11204,#11217,
#11230,#11243,#11255,#11270,#11284,#11298,#11311,#11333,#11363,#11378,#11392,
#11406,#11419,#11431,#11447,#11461,#11474,#11487,#11499,#11513,#11526,#11539,
#11552,#11565,#11577,#11592,#11606,#11620,#11633,#11655,#11685,#11700,#11714,
#11728,#11741,#11753,#11769,#11783,#11796,#11809,#11821,#11835,#11848,#11861,
#11874,#11887,#11899,#11914,#11928,#11942,#11955,#11977,#12007,#12022,#12036,
#12050,#12063,#12075,#12091,#12105,#12118,#12131,#12143,#12157,#12170,#12183,
#12196,#12209,#12221,#12235,#12248,#12260,#12345,#12358,#12372,#12386,#12400,
#12414,#12428,#12442,#12456,#12470,#12484,#12498,#12512,#12526,#12539,#12552,
#12565,#12577,#12589,#12601,#12613,#12625,#12637,#12649,#12661,#12673,#12685,
#12697,#12709,#12721,#12733,#12745,#12757,#12769,#12781,#12793,#12805,#12817,
#12829,#12841,#12853,#12865,#12879,#12892,#12904,#12916,#12928,#12940,#12952,
#12964,#12976,#12988,#13000,#13012,#13024,#13036,#13048,#13060,#13072,#13084,
#13096,#13108,#13120,#13132,#13144,#13156,#13168,#13180,#13195,#13209,#13223,
#13236,#13248,#13264,#13278,#13291,#13304,#13316,#13331,#13345,#13359,#13372,
#13384,#13400,#13414,#13427,#13440,#13452,#13467,#13481,#13495,#13508,#13520,
#13536,#13550,#13563,#13576,#13588,#13603,#13617,#13631,#13644,#13656,#13672,
#13686,#13699,#13712,#13724,#13739,#13753,#13767,#13780,#13792,#13808,#13822,
#13835,#13848,#13860,#13875,#13889,#13903,#13916,#13928,#13944,#13958,#13971,
#13984,#13996,#14011,#14025,#14039,#14052,#14064,#14080,#14094,#14107,#14120,
#14132,#14147,#14161,#14175,#14188,#14200,#14216,#14230,#14243,#14256,#14268,
#14283,#14297,#14311,#14324,#14336,#14352,#14366,#14379,#14392,#14404,#14419,
#14433,#14447,#14460,#14472,#14488,#14502,#14515,#14528,#14540,#14555,#14569,
#14583,#14596,#14608,#14624,#14638,#14651,#14664,#14676,#14691,#14705,#14719,
#14732,#14744,#14760,#14774,#14787,#14800,#14812));
#14814=MANIFOLD_SOLID_BREP('',#14813);
#14817=PLANE_ANGLE_MEASURE_WITH_UNIT(PLANE_ANGLE_MEASURE(1.745329251994E-2),
#14816);
#14818=(CONVERSION_BASED_UNIT('DEGREE',#14817)NAMED_UNIT(*)PLANE_ANGLE_UNIT());
#14820=UNCERTAINTY_MEASURE_WITH_UNIT(LENGTH_MEASURE(5.762352337739E-3),#14815,
'distance_accuracy_value',
'Maximum model space distance between geometric entities at asserted connectivities');
#14823=APPLICATION_CONTEXT('automotive_design');
#14824=APPLICATION_PROTOCOL_DEFINITION('international standard',
'automotive_design',2001,#14823);
#14825=PRODUCT_DEFINITION_CONTEXT('part definition',#14823,'design');
#14826=PRODUCT_CONTEXT('',#14823,'mechanical');
#14827=PRODUCT('C-4-1775099-8','C-4-1775099-8','NOT SPECIFIED',(#14826));
#14828=PRODUCT_DEFINITION_FORMATION('12','LAST_VERSION',#14827);
#14836=DERIVED_UNIT_ELEMENT(#14835,2.E0);
#14837=DERIVED_UNIT((#14836));
#14838=MEASURE_REPRESENTATION_ITEM('surface area measure',AREA_MEASURE(
6.768105385921E3),#14837);
#14843=DERIVED_UNIT_ELEMENT(#14842,3.E0);
#14844=DERIVED_UNIT((#14843));
#14845=MEASURE_REPRESENTATION_ITEM('volume measure',VOLUME_MEASURE(
3.138414108649E3),#14844);
#14849=CARTESIAN_POINT('centre point',(-2.032503950962E-2,4.048439592787E-2,
-7.535139954911E0));
#14854=DERIVED_UNIT_ELEMENT(#14853,2.E0);
#14855=DERIVED_UNIT((#14854));
#14856=MEASURE_REPRESENTATION_ITEM('surface area measure',AREA_MEASURE(
6.768105385921E3),#14855);
#14861=DERIVED_UNIT_ELEMENT(#14860,3.E0);
#14862=DERIVED_UNIT((#14861));
#14863=MEASURE_REPRESENTATION_ITEM('volume measure',VOLUME_MEASURE(
3.138414108649E3),#14862);
#14867=CARTESIAN_POINT('centre point',(-2.032503950962E-2,4.048439592787E-2,
-7.535139954911E0));
#14872=PRODUCT_RELATED_PRODUCT_CATEGORY('part','',(#14827));
#1=COLOUR_RGB('',8.784E-1,9.49E-1,1.E0);
#362=CIRCLE('',#361,3.5E-1);
#1731=CIRCLE('',#1730,3.5E-1);
#6829=EDGE_CURVE('',#5254,#5255,#5,.T.);
#6831=EDGE_CURVE('',#6143,#5255,#9,.T.);
#6833=EDGE_CURVE('',#6143,#6157,#13,.T.);
#6835=EDGE_CURVE('',#6157,#5254,#17,.T.);
#6839=ADVANCED_FACE('',(#6838),#6828,.F.);
#6845=EDGE_CURVE('',#5231,#5269,#21,.T.);
#6847=EDGE_CURVE('',#5231,#5381,#25,.T.);
#6849=EDGE_CURVE('',#5381,#5403,#29,.T.);
#6851=EDGE_CURVE('',#5403,#5269,#33,.T.);
#6855=ADVANCED_FACE('',(#6854),#6844,.F.);
#6861=EDGE_CURVE('',#5237,#5271,#37,.T.);
#6863=EDGE_CURVE('',#5271,#5301,#41,.T.);
#6865=EDGE_CURVE('',#5391,#5301,#45,.T.);
#6867=EDGE_CURVE('',#5391,#5237,#49,.T.);
#6871=ADVANCED_FACE('',(#6870),#6860,.F.);
#6877=EDGE_CURVE('',#5394,#5395,#53,.T.);
#6879=EDGE_CURVE('',#6127,#5395,#57,.T.);
#6881=EDGE_CURVE('',#6127,#6141,#61,.T.);
#6883=EDGE_CURVE('',#6141,#5394,#65,.T.);
#6887=ADVANCED_FACE('',(#6886),#6876,.F.);
#6893=EDGE_CURVE('',#5398,#5399,#69,.T.);
#6895=EDGE_CURVE('',#6023,#5399,#73,.T.);
#6897=EDGE_CURVE('',#6023,#5389,#77,.T.);
#6899=EDGE_CURVE('',#5389,#5398,#81,.T.);
#6903=ADVANCED_FACE('',(#6902),#6892,.F.);
#6909=EDGE_CURVE('',#5383,#5407,#85,.T.);
#6911=EDGE_CURVE('',#5383,#6013,#89,.T.);
#6913=EDGE_CURVE('',#6013,#6197,#93,.T.);
#6915=EDGE_CURVE('',#6197,#5407,#97,.T.);
#6919=ADVANCED_FACE('',(#6918),#6908,.F.);
#6925=EDGE_CURVE('',#6170,#6171,#101,.T.);
#6927=EDGE_CURVE('',#6111,#6171,#105,.T.);
#6929=EDGE_CURVE('',#6111,#6125,#109,.T.);
#6931=EDGE_CURVE('',#6125,#6170,#113,.T.);
#6935=ADVANCED_FACE('',(#6934),#6924,.F.);
#6941=EDGE_CURVE('',#6174,#6175,#117,.T.);
#6943=EDGE_CURVE('',#6095,#6175,#121,.T.);
#6945=EDGE_CURVE('',#6095,#6109,#125,.T.);
#6947=EDGE_CURVE('',#6109,#6174,#129,.T.);
#6951=ADVANCED_FACE('',(#6950),#6940,.F.);
#6957=EDGE_CURVE('',#6178,#6179,#133,.T.);
#6959=EDGE_CURVE('',#6079,#6179,#137,.T.);
#6961=EDGE_CURVE('',#6079,#6093,#141,.T.);
#6963=EDGE_CURVE('',#6093,#6178,#145,.T.);
#6967=ADVANCED_FACE('',(#6966),#6956,.F.);
#6973=EDGE_CURVE('',#6182,#6183,#149,.T.);
#6975=EDGE_CURVE('',#6063,#6183,#153,.T.);
#6977=EDGE_CURVE('',#6063,#6077,#157,.T.);
#6979=EDGE_CURVE('',#6077,#6182,#161,.T.);
#6983=ADVANCED_FACE('',(#6982),#6972,.F.);
#6989=EDGE_CURVE('',#6186,#6187,#165,.T.);
#6991=EDGE_CURVE('',#6047,#6187,#169,.T.);
#6993=EDGE_CURVE('',#6047,#6061,#173,.T.);
#6995=EDGE_CURVE('',#6061,#6186,#177,.T.);
#6999=ADVANCED_FACE('',(#6998),#6988,.F.);
#7005=EDGE_CURVE('',#6190,#6191,#181,.T.);
#7007=EDGE_CURVE('',#6031,#6191,#185,.T.);
#7009=EDGE_CURVE('',#6031,#6045,#189,.T.);
#7011=EDGE_CURVE('',#6045,#6190,#193,.T.);
#7015=ADVANCED_FACE('',(#7014),#7004,.F.);
#7021=EDGE_CURVE('',#6194,#6195,#197,.T.);
#7023=EDGE_CURVE('',#6015,#6195,#201,.T.);
#7025=EDGE_CURVE('',#6015,#6029,#205,.T.);
#7027=EDGE_CURVE('',#6029,#6194,#209,.T.);
#7031=ADVANCED_FACE('',(#7030),#7020,.F.);
#7037=EDGE_CURVE('',#6200,#6201,#213,.T.);
#7039=EDGE_CURVE('',#6039,#6201,#217,.T.);
#7041=EDGE_CURVE('',#6039,#6021,#221,.T.);
#7043=EDGE_CURVE('',#6021,#6200,#225,.T.);
#7047=ADVANCED_FACE('',(#7046),#7036,.F.);
#7053=EDGE_CURVE('',#6204,#6205,#229,.T.);
#7055=EDGE_CURVE('',#6055,#6205,#233,.T.);
#7057=EDGE_CURVE('',#6055,#6037,#237,.T.);
#7059=EDGE_CURVE('',#6037,#6204,#241,.T.);
#7063=ADVANCED_FACE('',(#7062),#7052,.F.);
#7069=EDGE_CURVE('',#6208,#6209,#245,.T.);
#7071=EDGE_CURVE('',#6071,#6209,#249,.T.);
#7073=EDGE_CURVE('',#6071,#6053,#253,.T.);
#7075=EDGE_CURVE('',#6053,#6208,#257,.T.);
#7079=ADVANCED_FACE('',(#7078),#7068,.F.);
#7085=EDGE_CURVE('',#6212,#6213,#261,.T.);
#7087=EDGE_CURVE('',#6087,#6213,#265,.T.);
#7089=EDGE_CURVE('',#6087,#6069,#269,.T.);
#7091=EDGE_CURVE('',#6069,#6212,#273,.T.);
#7095=ADVANCED_FACE('',(#7094),#7084,.F.);
#7101=EDGE_CURVE('',#6216,#6217,#277,.T.);
#7103=EDGE_CURVE('',#6103,#6217,#281,.T.);
#7105=EDGE_CURVE('',#6103,#6085,#285,.T.);
#7107=EDGE_CURVE('',#6085,#6216,#289,.T.);
#7111=ADVANCED_FACE('',(#7110),#7100,.F.);
#7117=EDGE_CURVE('',#6220,#6221,#293,.T.);
#7119=EDGE_CURVE('',#6119,#6221,#297,.T.);
#7121=EDGE_CURVE('',#6119,#6101,#301,.T.);
#7123=EDGE_CURVE('',#6101,#6220,#305,.T.);
#7127=ADVANCED_FACE('',(#7126),#7116,.F.);
#7133=EDGE_CURVE('',#6224,#6225,#309,.T.);
#7135=EDGE_CURVE('',#6135,#6225,#313,.T.);
#7137=EDGE_CURVE('',#6135,#6117,#317,.T.);
#7139=EDGE_CURVE('',#6117,#6224,#321,.T.);
#7143=ADVANCED_FACE('',(#7142),#7132,.F.);
#7149=EDGE_CURVE('',#6228,#6229,#325,.T.);
#7151=EDGE_CURVE('',#6151,#6229,#329,.T.);
#7153=EDGE_CURVE('',#6151,#6133,#333,.T.);
#7155=EDGE_CURVE('',#6133,#6228,#337,.T.);
#7159=ADVANCED_FACE('',(#7158),#7148,.F.);
#7165=EDGE_CURVE('',#6232,#6233,#341,.T.);
#7167=EDGE_CURVE('',#6167,#6233,#345,.T.);
#7169=EDGE_CURVE('',#6167,#6149,#349,.T.);
#7171=EDGE_CURVE('',#6149,#6232,#353,.T.);
#7175=ADVANCED_FACE('',(#7174),#7164,.F.);
#7181=EDGE_CURVE('',#5131,#6818,#357,.T.);
#7183=EDGE_CURVE('',#6818,#6822,#362,.T.);
#7185=EDGE_CURVE('',#6822,#5134,#366,.T.);
#7187=EDGE_CURVE('',#5134,#5229,#370,.T.);
#7189=EDGE_CURVE('',#5229,#5265,#374,.T.);
#7191=EDGE_CURVE('',#5265,#5260,#378,.T.);
#7193=EDGE_CURVE('',#5260,#5261,#382,.T.);
#7195=EDGE_CURVE('',#5261,#5257,#386,.T.);
#7197=EDGE_CURVE('',#5257,#5250,#390,.T.);
#7199=EDGE_CURVE('',#5250,#5251,#394,.T.);
#7201=EDGE_CURVE('',#6159,#5251,#398,.T.);
#7203=EDGE_CURVE('',#6159,#5122,#402,.T.);
#7205=EDGE_CURVE('',#5122,#5123,#406,.T.);
#7207=EDGE_CURVE('',#5123,#6165,#410,.T.);
#7209=EDGE_CURVE('',#6165,#6235,#414,.T.);
#7211=EDGE_CURVE('',#6235,#5299,#418,.T.);
#7213=EDGE_CURVE('',#5299,#5297,#422,.T.);
#7215=EDGE_CURVE('',#5297,#5294,#426,.T.);
#7217=EDGE_CURVE('',#5294,#5295,#430,.T.);
#7219=EDGE_CURVE('',#5295,#5273,#434,.T.);
#7221=EDGE_CURVE('',#5239,#5273,#438,.T.);
#7223=EDGE_CURVE('',#5239,#5131,#442,.T.);
#7227=ADVANCED_FACE('',(#7226),#7180,.F.);
#7234=EDGE_CURVE('',#5250,#5243,#446,.T.);
#7236=EDGE_CURVE('',#5243,#5279,#594,.T.);
#7238=EDGE_CURVE('',#5279,#5251,#4263,.T.);
#7242=ADVANCED_FACE('',(#7241),#7232,.F.);
#7249=EDGE_CURVE('',#5282,#5254,#4267,.T.);
#7251=EDGE_CURVE('',#5282,#5283,#582,.T.);
#7253=EDGE_CURVE('',#5283,#5255,#4271,.T.);
#7257=ADVANCED_FACE('',(#7256),#7247,.F.);
#7263=EDGE_CURVE('',#5264,#5265,#4351,.T.);
#7265=EDGE_CURVE('',#5264,#5246,#610,.T.);
#7267=EDGE_CURVE('',#5260,#5246,#458,.T.);
#7272=ADVANCED_FACE('',(#7271),#7262,.F.);
#7278=EDGE_CURVE('',#5268,#5269,#4347,.T.);
#7281=EDGE_CURVE('',#5402,#5403,#1166,.T.);
#7283=EDGE_CURVE('',#5402,#5268,#462,.T.);
#7287=ADVANCED_FACE('',(#7286),#7277,.F.);
#7294=EDGE_CURVE('',#5412,#5394,#4275,.T.);
#7296=EDGE_CURVE('',#5412,#5413,#570,.T.);
#7298=EDGE_CURVE('',#5413,#5395,#4279,.T.);
#7302=ADVANCED_FACE('',(#7301),#7292,.F.);
#7308=EDGE_CURVE('',#5406,#5407,#4343,.T.);
#7311=EDGE_CURVE('',#6237,#6197,#4339,.T.);
#7313=EDGE_CURVE('',#6237,#5406,#474,.T.);
#7317=ADVANCED_FACE('',(#7316),#7307,.F.);
#7324=EDGE_CURVE('',#6291,#6170,#4283,.T.);
#7326=EDGE_CURVE('',#6291,#6285,#558,.T.);
#7328=EDGE_CURVE('',#6285,#6171,#4287,.T.);
#7332=ADVANCED_FACE('',(#7331),#7322,.F.);
#7339=EDGE_CURVE('',#6283,#6174,#4291,.T.);
#7341=EDGE_CURVE('',#6283,#6277,#546,.T.);
#7343=EDGE_CURVE('',#6277,#6175,#4295,.T.);
#7347=ADVANCED_FACE('',(#7346),#7337,.F.);
#7354=EDGE_CURVE('',#6275,#6178,#4299,.T.);
#7356=EDGE_CURVE('',#6275,#6269,#534,.T.);
#7358=EDGE_CURVE('',#6269,#6179,#4303,.T.);
#7362=ADVANCED_FACE('',(#7361),#7352,.F.);
#7369=EDGE_CURVE('',#6267,#6182,#4307,.T.);
#7371=EDGE_CURVE('',#6267,#6261,#522,.T.);
#7373=EDGE_CURVE('',#6261,#6183,#4311,.T.);
#7377=ADVANCED_FACE('',(#7376),#7367,.F.);
#7384=EDGE_CURVE('',#6259,#6186,#4315,.T.);
#7386=EDGE_CURVE('',#6259,#6253,#510,.T.);
#7388=EDGE_CURVE('',#6253,#6187,#4319,.T.);
#7392=ADVANCED_FACE('',(#7391),#7382,.F.);
#7399=EDGE_CURVE('',#6251,#6190,#4323,.T.);
#7401=EDGE_CURVE('',#6251,#6245,#498,.T.);
#7403=EDGE_CURVE('',#6245,#6191,#4327,.T.);
#7407=ADVANCED_FACE('',(#7406),#7397,.F.);
#7414=EDGE_CURVE('',#6243,#6194,#4331,.T.);
#7416=EDGE_CURVE('',#6243,#6239,#486,.T.);
#7418=EDGE_CURVE('',#6239,#6195,#4335,.T.);
#7422=ADVANCED_FACE('',(#7421),#7412,.F.);
#7429=EDGE_CURVE('',#5257,#5242,#450,.T.);
#7431=EDGE_CURVE('',#5242,#5243,#598,.T.);
#7436=ADVANCED_FACE('',(#7435),#7427,.F.);
#7443=EDGE_CURVE('',#5261,#5247,#454,.T.);
#7445=EDGE_CURVE('',#5247,#5242,#602,.T.);
#7450=ADVANCED_FACE('',(#7449),#7441,.F.);
#7458=EDGE_CURVE('',#5246,#5247,#606,.T.);
#7463=ADVANCED_FACE('',(#7462),#7455,.F.);
#7470=EDGE_CURVE('',#5378,#5402,#466,.T.);
#7472=EDGE_CURVE('',#5378,#5379,#1306,.T.);
#7474=EDGE_CURVE('',#5406,#5379,#470,.T.);
#7477=EDGE_CURVE('',#6010,#6237,#478,.T.);
#7479=EDGE_CURVE('',#6010,#6011,#1294,.T.);
#7481=EDGE_CURVE('',#6239,#6011,#482,.T.);
#7484=EDGE_CURVE('',#6026,#6243,#490,.T.);
#7486=EDGE_CURVE('',#6026,#6027,#1282,.T.);
#7488=EDGE_CURVE('',#6245,#6027,#494,.T.);
#7491=EDGE_CURVE('',#6042,#6251,#502,.T.);
#7493=EDGE_CURVE('',#6042,#6043,#1270,.T.);
#7495=EDGE_CURVE('',#6253,#6043,#506,.T.);
#7498=EDGE_CURVE('',#6058,#6259,#514,.T.);
#7500=EDGE_CURVE('',#6058,#6059,#1258,.T.);
#7502=EDGE_CURVE('',#6261,#6059,#518,.T.);
#7505=EDGE_CURVE('',#6074,#6267,#526,.T.);
#7507=EDGE_CURVE('',#6074,#6075,#1246,.T.);
#7509=EDGE_CURVE('',#6269,#6075,#530,.T.);
#7512=EDGE_CURVE('',#6090,#6275,#538,.T.);
#7514=EDGE_CURVE('',#6090,#6091,#1234,.T.);
#7516=EDGE_CURVE('',#6277,#6091,#542,.T.);
#7519=EDGE_CURVE('',#6106,#6283,#550,.T.);
#7521=EDGE_CURVE('',#6106,#6107,#1222,.T.);
#7523=EDGE_CURVE('',#6285,#6107,#554,.T.);
#7526=EDGE_CURVE('',#6122,#6291,#562,.T.);
#7528=EDGE_CURVE('',#6122,#6123,#1210,.T.);
#7530=EDGE_CURVE('',#5413,#6123,#566,.T.);
#7533=EDGE_CURVE('',#6138,#5412,#574,.T.);
#7535=EDGE_CURVE('',#6138,#6139,#1198,.T.);
#7537=EDGE_CURVE('',#5283,#6139,#578,.T.);
#7540=EDGE_CURVE('',#6154,#5282,#586,.T.);
#7542=EDGE_CURVE('',#6154,#6155,#1186,.T.);
#7544=EDGE_CURVE('',#5279,#6155,#590,.T.);
#7551=EDGE_CURVE('',#5226,#5264,#614,.T.);
#7553=EDGE_CURVE('',#5226,#5227,#1318,.T.);
#7555=EDGE_CURVE('',#5268,#5227,#618,.T.);
#7559=EDGE_CURVE('',#5209,#5211,#782,.T.);
#7561=EDGE_CURVE('',#5211,#5213,#786,.T.);
#7563=EDGE_CURVE('',#5213,#5215,#790,.T.);
#7565=EDGE_CURVE('',#5215,#5209,#794,.T.);
#7569=EDGE_CURVE('',#5434,#5435,#814,.T.);
#7571=EDGE_CURVE('',#5435,#5437,#818,.T.);
#7573=EDGE_CURVE('',#5437,#5439,#822,.T.);
#7575=EDGE_CURVE('',#5439,#5434,#826,.T.);
#7579=EDGE_CURVE('',#6322,#6323,#846,.T.);
#7581=EDGE_CURVE('',#6323,#6325,#850,.T.);
#7583=EDGE_CURVE('',#6325,#6327,#854,.T.);
#7585=EDGE_CURVE('',#6327,#6322,#858,.T.);
#7589=EDGE_CURVE('',#6354,#6355,#878,.T.);
#7591=EDGE_CURVE('',#6355,#6357,#882,.T.);
#7593=EDGE_CURVE('',#6357,#6359,#886,.T.);
#7595=EDGE_CURVE('',#6359,#6354,#890,.T.);
#7599=EDGE_CURVE('',#6386,#6387,#910,.T.);
#7601=EDGE_CURVE('',#6387,#6389,#914,.T.);
#7603=EDGE_CURVE('',#6389,#6391,#918,.T.);
#7605=EDGE_CURVE('',#6391,#6386,#922,.T.);
#7609=EDGE_CURVE('',#6418,#6419,#942,.T.);
#7611=EDGE_CURVE('',#6419,#6421,#946,.T.);
#7613=EDGE_CURVE('',#6421,#6423,#950,.T.);
#7615=EDGE_CURVE('',#6423,#6418,#954,.T.);
#7619=EDGE_CURVE('',#6450,#6451,#974,.T.);
#7621=EDGE_CURVE('',#6451,#6453,#978,.T.);
#7623=EDGE_CURVE('',#6453,#6455,#982,.T.);
#7625=EDGE_CURVE('',#6455,#6450,#986,.T.);
#7629=EDGE_CURVE('',#6482,#6483,#1006,.T.);
#7631=EDGE_CURVE('',#6483,#6485,#1010,.T.);
#7633=EDGE_CURVE('',#6485,#6487,#1014,.T.);
#7635=EDGE_CURVE('',#6487,#6482,#1018,.T.);
#7639=EDGE_CURVE('',#6514,#6515,#1038,.T.);
#7641=EDGE_CURVE('',#6515,#6517,#1042,.T.);
#7643=EDGE_CURVE('',#6517,#6519,#1046,.T.);
#7645=EDGE_CURVE('',#6519,#6514,#1050,.T.);
#7649=EDGE_CURVE('',#6546,#6547,#1070,.T.);
#7651=EDGE_CURVE('',#6547,#6549,#1074,.T.);
#7653=EDGE_CURVE('',#6549,#6551,#1078,.T.);
#7655=EDGE_CURVE('',#6551,#6546,#1082,.T.);
#7659=EDGE_CURVE('',#6578,#6579,#1102,.T.);
#7661=EDGE_CURVE('',#6579,#6581,#1106,.T.);
#7663=EDGE_CURVE('',#6581,#6583,#1110,.T.);
#7665=EDGE_CURVE('',#6583,#6578,#1114,.T.);
#7669=EDGE_CURVE('',#6610,#6611,#1134,.T.);
#7671=EDGE_CURVE('',#6611,#6613,#1138,.T.);
#7673=EDGE_CURVE('',#6613,#6615,#1142,.T.);
#7675=EDGE_CURVE('',#6615,#6610,#1146,.T.);
#7679=ADVANCED_FACE('',(#7558,#7568,#7578,#7588,#7598,#7608,#7618,#7628,#7638,
#7648,#7658,#7668,#7678),#7468,.T.);
#7685=EDGE_CURVE('',#5409,#5415,#622,.T.);
#7687=EDGE_CURVE('',#5387,#5409,#626,.T.);
#7689=EDGE_CURVE('',#5386,#5387,#4007,.T.);
#7691=EDGE_CURVE('',#5303,#5386,#630,.T.);
#7693=EDGE_CURVE('',#5275,#5303,#634,.T.);
#7695=EDGE_CURVE('',#5235,#5275,#638,.T.);
#7697=EDGE_CURVE('',#5234,#5235,#3995,.T.);
#7699=EDGE_CURVE('',#5277,#5234,#642,.T.);
#7701=EDGE_CURVE('',#5287,#5277,#646,.T.);
#7703=EDGE_CURVE('',#5286,#5287,#650,.T.);
#7705=EDGE_CURVE('',#5289,#5286,#654,.T.);
#7707=EDGE_CURVE('',#5291,#5289,#658,.T.);
#7709=EDGE_CURVE('',#6301,#5291,#662,.T.);
#7711=EDGE_CURVE('',#6163,#6301,#666,.T.);
#7713=EDGE_CURVE('',#6162,#6163,#3979,.T.);
#7715=EDGE_CURVE('',#6303,#6162,#670,.T.);
#7717=EDGE_CURVE('',#6297,#6303,#674,.T.);
#7719=EDGE_CURVE('',#6147,#6297,#678,.T.);
#7721=EDGE_CURVE('',#6146,#6147,#4115,.T.);
#7723=EDGE_CURVE('',#6299,#6146,#682,.T.);
#7725=EDGE_CURVE('',#6293,#6299,#686,.T.);
#7727=EDGE_CURVE('',#6131,#6293,#690,.T.);
#7729=EDGE_CURVE('',#6130,#6131,#4103,.T.);
#7731=EDGE_CURVE('',#6295,#6130,#694,.T.);
#7733=EDGE_CURVE('',#6287,#6295,#698,.T.);
#7735=EDGE_CURVE('',#6115,#6287,#702,.T.);
#7737=EDGE_CURVE('',#6114,#6115,#4091,.T.);
#7739=EDGE_CURVE('',#6289,#6114,#706,.T.);
#7741=EDGE_CURVE('',#6279,#6289,#710,.T.);
#7743=EDGE_CURVE('',#6099,#6279,#714,.T.);
#7745=EDGE_CURVE('',#6098,#6099,#4079,.T.);
#7747=EDGE_CURVE('',#6281,#6098,#718,.T.);
#7749=EDGE_CURVE('',#6271,#6281,#722,.T.);
#7751=EDGE_CURVE('',#6083,#6271,#726,.T.);
#7753=EDGE_CURVE('',#6082,#6083,#4067,.T.);
#7755=EDGE_CURVE('',#6273,#6082,#730,.T.);
#7757=EDGE_CURVE('',#6263,#6273,#734,.T.);
#7759=EDGE_CURVE('',#6067,#6263,#738,.T.);
#7761=EDGE_CURVE('',#6066,#6067,#4055,.T.);
#7763=EDGE_CURVE('',#6265,#6066,#742,.T.);
#7765=EDGE_CURVE('',#6255,#6265,#746,.T.);
#7767=EDGE_CURVE('',#6051,#6255,#750,.T.);
#7769=EDGE_CURVE('',#6050,#6051,#4043,.T.);
#7771=EDGE_CURVE('',#6257,#6050,#754,.T.);
#7773=EDGE_CURVE('',#6247,#6257,#758,.T.);
#7775=EDGE_CURVE('',#6035,#6247,#762,.T.);
#7777=EDGE_CURVE('',#6034,#6035,#4031,.T.);
#7779=EDGE_CURVE('',#6249,#6034,#766,.T.);
#7781=EDGE_CURVE('',#6241,#6249,#770,.T.);
#7783=EDGE_CURVE('',#6019,#6241,#774,.T.);
#7785=EDGE_CURVE('',#6018,#6019,#4019,.T.);
#7787=EDGE_CURVE('',#5415,#6018,#778,.T.);
#7791=EDGE_CURVE('',#5217,#5219,#798,.T.);
#7793=EDGE_CURVE('',#5219,#5221,#802,.T.);
#7795=EDGE_CURVE('',#5221,#5223,#806,.T.);
#7797=EDGE_CURVE('',#5223,#5217,#810,.T.);
#7801=EDGE_CURVE('',#5442,#5443,#830,.T.);
#7803=EDGE_CURVE('',#5443,#5445,#834,.T.);
#7805=EDGE_CURVE('',#5445,#5447,#838,.T.);
#7807=EDGE_CURVE('',#5447,#5442,#842,.T.);
#7811=EDGE_CURVE('',#6330,#6331,#862,.T.);
#7813=EDGE_CURVE('',#6331,#6333,#866,.T.);
#7815=EDGE_CURVE('',#6333,#6335,#870,.T.);
#7817=EDGE_CURVE('',#6335,#6330,#874,.T.);
#7821=EDGE_CURVE('',#6362,#6363,#894,.T.);
#7823=EDGE_CURVE('',#6363,#6365,#898,.T.);
#7825=EDGE_CURVE('',#6365,#6367,#902,.T.);
#7827=EDGE_CURVE('',#6367,#6362,#906,.T.);
#7831=EDGE_CURVE('',#6394,#6395,#926,.T.);
#7833=EDGE_CURVE('',#6395,#6397,#930,.T.);
#7835=EDGE_CURVE('',#6397,#6399,#934,.T.);
#7837=EDGE_CURVE('',#6399,#6394,#938,.T.);
#7841=EDGE_CURVE('',#6426,#6427,#958,.T.);
#7843=EDGE_CURVE('',#6427,#6429,#962,.T.);
#7845=EDGE_CURVE('',#6429,#6431,#966,.T.);
#7847=EDGE_CURVE('',#6431,#6426,#970,.T.);
#7851=EDGE_CURVE('',#6458,#6459,#990,.T.);
#7853=EDGE_CURVE('',#6459,#6461,#994,.T.);
#7855=EDGE_CURVE('',#6461,#6463,#998,.T.);
#7857=EDGE_CURVE('',#6463,#6458,#1002,.T.);
#7861=EDGE_CURVE('',#6490,#6491,#1022,.T.);
#7863=EDGE_CURVE('',#6491,#6493,#1026,.T.);
#7865=EDGE_CURVE('',#6493,#6495,#1030,.T.);
#7867=EDGE_CURVE('',#6495,#6490,#1034,.T.);
#7871=EDGE_CURVE('',#6522,#6523,#1054,.T.);
#7873=EDGE_CURVE('',#6523,#6525,#1058,.T.);
#7875=EDGE_CURVE('',#6525,#6527,#1062,.T.);
#7877=EDGE_CURVE('',#6527,#6522,#1066,.T.);
#7881=EDGE_CURVE('',#6554,#6555,#1086,.T.);
#7883=EDGE_CURVE('',#6555,#6557,#1090,.T.);
#7885=EDGE_CURVE('',#6557,#6559,#1094,.T.);
#7887=EDGE_CURVE('',#6559,#6554,#1098,.T.);
#7891=EDGE_CURVE('',#6586,#6587,#1118,.T.);
#7893=EDGE_CURVE('',#6587,#6589,#1122,.T.);
#7895=EDGE_CURVE('',#6589,#6591,#1126,.T.);
#7897=EDGE_CURVE('',#6591,#6586,#1130,.T.);
#7901=EDGE_CURVE('',#6618,#6619,#1150,.T.);
#7903=EDGE_CURVE('',#6619,#6621,#1154,.T.);
#7905=EDGE_CURVE('',#6621,#6623,#1158,.T.);
#7907=EDGE_CURVE('',#6623,#6618,#1162,.T.);
#7911=ADVANCED_FACE('',(#7790,#7800,#7810,#7820,#7830,#7840,#7850,#7860,#7870,
#7880,#7890,#7900,#7910),#7684,.T.);
#7919=EDGE_CURVE('',#5381,#5378,#1310,.T.);
#7924=ADVANCED_FACE('',(#7923),#7916,.F.);
#7930=EDGE_CURVE('',#5314,#5317,#1170,.T.);
#7932=EDGE_CURVE('',#5317,#5319,#1174,.T.);
#7934=EDGE_CURVE('',#5315,#5319,#1178,.T.);
#7936=EDGE_CURVE('',#5315,#5126,#1747,.T.);
#7938=EDGE_CURVE('',#5122,#5126,#4239,.T.);
#7941=EDGE_CURVE('',#6159,#6155,#1182,.T.);
#7944=EDGE_CURVE('',#6157,#6154,#1190,.T.);
#7947=EDGE_CURVE('',#6143,#6139,#1194,.T.);
#7950=EDGE_CURVE('',#6141,#6138,#1202,.T.);
#7953=EDGE_CURVE('',#6127,#6123,#1206,.T.);
#7956=EDGE_CURVE('',#6125,#6122,#1214,.T.);
#7959=EDGE_CURVE('',#6111,#6107,#1218,.T.);
#7962=EDGE_CURVE('',#6109,#6106,#1226,.T.);
#7965=EDGE_CURVE('',#6095,#6091,#1230,.T.);
#7968=EDGE_CURVE('',#6093,#6090,#1238,.T.);
#7971=EDGE_CURVE('',#6079,#6075,#1242,.T.);
#7974=EDGE_CURVE('',#6077,#6074,#1250,.T.);
#7977=EDGE_CURVE('',#6063,#6059,#1254,.T.);
#7980=EDGE_CURVE('',#6061,#6058,#1262,.T.);
#7983=EDGE_CURVE('',#6047,#6043,#1266,.T.);
#7986=EDGE_CURVE('',#6045,#6042,#1274,.T.);
#7989=EDGE_CURVE('',#6031,#6027,#1278,.T.);
#7992=EDGE_CURVE('',#6029,#6026,#1286,.T.);
#7995=EDGE_CURVE('',#6015,#6011,#1290,.T.);
#7998=EDGE_CURVE('',#6013,#6010,#1298,.T.);
#8001=EDGE_CURVE('',#5383,#5379,#1302,.T.);
#8006=EDGE_CURVE('',#5231,#5227,#1314,.T.);
#8009=EDGE_CURVE('',#5229,#5226,#1322,.T.);
#8012=EDGE_CURVE('',#5134,#5135,#1326,.T.);
#8014=EDGE_CURVE('',#5135,#5314,#1755,.T.);
#8018=ADVANCED_FACE('',(#8017),#7929,.T.);
#8025=EDGE_CURVE('',#5314,#5306,#1330,.T.);
#8027=EDGE_CURVE('',#5306,#5307,#1334,.T.);
#8029=EDGE_CURVE('',#5307,#5317,#1338,.T.);
#8033=ADVANCED_FACE('',(#8032),#8023,.F.);
#8039=EDGE_CURVE('',#5314,#5315,#1751,.T.);
#8041=EDGE_CURVE('',#5315,#5310,#4251,.T.);
#8043=EDGE_CURVE('',#5306,#5310,#4259,.T.);
#8048=ADVANCED_FACE('',(#8047),#8038,.T.);
#8054=EDGE_CURVE('',#6823,#5135,#1726,.T.);
#8056=EDGE_CURVE('',#6819,#6823,#1731,.T.);
#8058=EDGE_CURVE('',#5129,#6819,#1735,.T.);
#8060=EDGE_CURVE('',#5127,#5129,#1739,.T.);
#8062=EDGE_CURVE('',#5126,#5127,#1743,.T.);
#8069=EDGE_CURVE('',#5337,#5339,#1358,.T.);
#8071=EDGE_CURVE('',#5339,#5341,#1362,.T.);
#8073=EDGE_CURVE('',#5341,#5343,#1366,.T.);
#8075=EDGE_CURVE('',#5343,#5337,#1370,.T.);
#8079=EDGE_CURVE('',#5465,#5467,#1374,.T.);
#8081=EDGE_CURVE('',#5467,#5469,#1378,.T.);
#8083=EDGE_CURVE('',#5469,#5471,#1382,.T.);
#8085=EDGE_CURVE('',#5471,#5465,#1386,.T.);
#8089=EDGE_CURVE('',#5517,#5519,#1390,.T.);
#8091=EDGE_CURVE('',#5519,#5521,#1394,.T.);
#8093=EDGE_CURVE('',#5521,#5523,#1398,.T.);
#8095=EDGE_CURVE('',#5523,#5517,#1402,.T.);
#8099=EDGE_CURVE('',#5573,#5575,#1406,.T.);
#8101=EDGE_CURVE('',#5575,#5577,#1410,.T.);
#8103=EDGE_CURVE('',#5577,#5579,#1414,.T.);
#8105=EDGE_CURVE('',#5579,#5573,#1418,.T.);
#8109=EDGE_CURVE('',#5633,#5635,#1422,.T.);
#8111=EDGE_CURVE('',#5635,#5637,#1426,.T.);
#8113=EDGE_CURVE('',#5637,#5639,#1430,.T.);
#8115=EDGE_CURVE('',#5639,#5633,#1434,.T.);
#8119=EDGE_CURVE('',#5689,#5691,#1438,.T.);
#8121=EDGE_CURVE('',#5691,#5693,#1442,.T.);
#8123=EDGE_CURVE('',#5693,#5695,#1446,.T.);
#8125=EDGE_CURVE('',#5695,#5689,#1450,.T.);
#8129=EDGE_CURVE('',#5741,#5743,#1454,.T.);
#8131=EDGE_CURVE('',#5743,#5745,#1458,.T.);
#8133=EDGE_CURVE('',#5745,#5747,#1462,.T.);
#8135=EDGE_CURVE('',#5747,#5741,#1466,.T.);
#8139=EDGE_CURVE('',#5797,#5799,#1470,.T.);
#8141=EDGE_CURVE('',#5799,#5801,#1474,.T.);
#8143=EDGE_CURVE('',#5801,#5803,#1478,.T.);
#8145=EDGE_CURVE('',#5803,#5797,#1482,.T.);
#8149=EDGE_CURVE('',#5857,#5859,#1486,.T.);
#8151=EDGE_CURVE('',#5859,#5861,#1490,.T.);
#8153=EDGE_CURVE('',#5861,#5863,#1494,.T.);
#8155=EDGE_CURVE('',#5863,#5857,#1498,.T.);
#8159=EDGE_CURVE('',#5913,#5915,#1502,.T.);
#8161=EDGE_CURVE('',#5915,#5917,#1506,.T.);
#8163=EDGE_CURVE('',#5917,#5919,#1510,.T.);
#8165=EDGE_CURVE('',#5919,#5913,#1514,.T.);
#8169=EDGE_CURVE('',#5965,#5967,#1518,.T.);
#8171=EDGE_CURVE('',#5967,#5969,#1522,.T.);
#8173=EDGE_CURVE('',#5969,#5971,#1526,.T.);
#8175=EDGE_CURVE('',#5971,#5965,#1530,.T.);
#8179=EDGE_CURVE('',#6629,#6639,#1534,.T.);
#8181=EDGE_CURVE('',#6637,#6639,#3027,.T.);
#8183=EDGE_CURVE('',#6637,#5685,#1538,.T.);
#8185=EDGE_CURVE('',#5685,#5687,#1542,.T.);
#8187=EDGE_CURVE('',#5687,#6631,#1546,.T.);
#8189=EDGE_CURVE('',#6629,#6631,#3015,.T.);
#8193=EDGE_CURVE('',#5751,#6647,#1550,.T.);
#8195=EDGE_CURVE('',#6645,#6647,#3199,.T.);
#8197=EDGE_CURVE('',#6645,#6655,#1554,.T.);
#8199=EDGE_CURVE('',#6653,#6655,#3211,.T.);
#8201=EDGE_CURVE('',#6653,#5749,#1558,.T.);
#8203=EDGE_CURVE('',#5749,#5751,#1562,.T.);
#8207=EDGE_CURVE('',#5807,#6663,#1566,.T.);
#8209=EDGE_CURVE('',#6661,#6663,#3383,.T.);
#8211=EDGE_CURVE('',#6661,#6671,#1570,.T.);
#8213=EDGE_CURVE('',#6669,#6671,#3395,.T.);
#8215=EDGE_CURVE('',#6669,#5805,#1574,.T.);
#8217=EDGE_CURVE('',#5805,#5807,#1578,.T.);
#8221=EDGE_CURVE('',#5855,#6679,#1582,.T.);
#8223=EDGE_CURVE('',#6677,#6679,#3567,.T.);
#8225=EDGE_CURVE('',#6677,#6687,#1586,.T.);
#8227=EDGE_CURVE('',#6685,#6687,#3579,.T.);
#8229=EDGE_CURVE('',#6685,#5853,#1590,.T.);
#8231=EDGE_CURVE('',#5853,#5855,#1594,.T.);
#8235=EDGE_CURVE('',#5911,#6695,#1598,.T.);
#8237=EDGE_CURVE('',#6693,#6695,#3751,.T.);
#8239=EDGE_CURVE('',#6693,#6703,#1602,.T.);
#8241=EDGE_CURVE('',#6701,#6703,#3763,.T.);
#8243=EDGE_CURVE('',#6701,#5909,#1606,.T.);
#8245=EDGE_CURVE('',#5909,#5911,#1610,.T.);
#8249=EDGE_CURVE('',#5975,#6711,#1614,.T.);
#8251=EDGE_CURVE('',#6709,#6711,#3935,.T.);
#8253=EDGE_CURVE('',#6709,#6719,#1618,.T.);
#8255=EDGE_CURVE('',#6717,#6719,#3947,.T.);
#8257=EDGE_CURVE('',#6717,#5973,#1622,.T.);
#8259=EDGE_CURVE('',#5973,#5975,#1626,.T.);
#8263=EDGE_CURVE('',#5159,#6727,#1630,.T.);
#8265=EDGE_CURVE('',#6725,#6727,#1911,.T.);
#8267=EDGE_CURVE('',#6725,#6735,#1634,.T.);
#8269=EDGE_CURVE('',#6733,#6735,#1923,.T.);
#8271=EDGE_CURVE('',#6733,#5158,#1638,.T.);
#8273=EDGE_CURVE('',#5158,#5159,#1642,.T.);
#8277=EDGE_CURVE('',#5335,#6743,#1646,.T.);
#8279=EDGE_CURVE('',#6741,#6743,#2095,.T.);
#8281=EDGE_CURVE('',#6741,#6751,#1650,.T.);
#8283=EDGE_CURVE('',#6749,#6751,#2107,.T.);
#8285=EDGE_CURVE('',#6749,#5333,#1654,.T.);
#8287=EDGE_CURVE('',#5333,#5335,#1658,.T.);
#8291=EDGE_CURVE('',#5463,#6759,#1662,.T.);
#8293=EDGE_CURVE('',#6757,#6759,#2279,.T.);
#8295=EDGE_CURVE('',#6757,#6767,#1666,.T.);
#8297=EDGE_CURVE('',#6765,#6767,#2291,.T.);
#8299=EDGE_CURVE('',#6765,#5461,#1670,.T.);
#8301=EDGE_CURVE('',#5461,#5463,#1674,.T.);
#8305=EDGE_CURVE('',#5527,#6775,#1678,.T.);
#8307=EDGE_CURVE('',#6773,#6775,#2463,.T.);
#8309=EDGE_CURVE('',#6773,#6783,#1682,.T.);
#8311=EDGE_CURVE('',#6781,#6783,#2475,.T.);
#8313=EDGE_CURVE('',#6781,#5525,#1686,.T.);
#8315=EDGE_CURVE('',#5525,#5527,#1690,.T.);
#8319=EDGE_CURVE('',#5583,#6791,#1694,.T.);
#8321=EDGE_CURVE('',#6789,#6791,#2647,.T.);
#8323=EDGE_CURVE('',#6789,#6799,#1698,.T.);
#8325=EDGE_CURVE('',#6797,#6799,#2659,.T.);
#8327=EDGE_CURVE('',#6797,#5581,#1702,.T.);
#8329=EDGE_CURVE('',#5581,#5583,#1706,.T.);
#8333=EDGE_CURVE('',#5631,#6807,#1710,.T.);
#8335=EDGE_CURVE('',#6805,#6807,#2831,.T.);
#8337=EDGE_CURVE('',#6805,#6815,#1714,.T.);
#8339=EDGE_CURVE('',#6813,#6815,#2843,.T.);
#8341=EDGE_CURVE('',#6813,#5629,#1718,.T.);
#8343=EDGE_CURVE('',#5629,#5631,#1722,.T.);
#8347=EDGE_CURVE('',#5150,#5151,#1342,.T.);
#8349=EDGE_CURVE('',#5151,#5153,#1346,.T.);
#8351=EDGE_CURVE('',#5153,#5155,#1350,.T.);
#8353=EDGE_CURVE('',#5155,#5150,#1354,.T.);
#8357=ADVANCED_FACE('',(#8068,#8078,#8088,#8098,#8108,#8118,#8128,#8138,#8148,
#8158,#8168,#8178,#8192,#8206,#8220,#8234,#8248,#8262,#8276,#8290,#8304,#8318,
#8332,#8346,#8356),#8053,.T.);
#8364=EDGE_CURVE('',#5150,#5138,#1759,.T.);
#8366=EDGE_CURVE('',#5138,#5139,#1775,.T.);
#8368=EDGE_CURVE('',#5151,#5139,#1771,.T.);
#8372=ADVANCED_FACE('',(#8371),#8362,.F.);
#8379=EDGE_CURVE('',#5155,#5143,#1763,.T.);
#8381=EDGE_CURVE('',#5143,#5138,#1779,.T.);
#8386=ADVANCED_FACE('',(#8385),#8377,.F.);
#8393=EDGE_CURVE('',#5153,#5141,#1767,.T.);
#8395=EDGE_CURVE('',#5141,#5143,#1783,.T.);
#8400=ADVANCED_FACE('',(#8399),#8391,.F.);
#8408=EDGE_CURVE('',#5139,#5141,#1787,.T.);
#8413=ADVANCED_FACE('',(#8412),#8405,.F.);
#8425=EDGE_CURVE('',#5178,#5179,#1791,.T.);
#8427=EDGE_CURVE('',#5179,#5181,#1795,.T.);
#8429=EDGE_CURVE('',#5181,#5183,#1799,.T.);
#8431=EDGE_CURVE('',#5183,#5178,#1803,.T.);
#8435=ADVANCED_FACE('',(#8424,#8434),#8418,.T.);
#8441=EDGE_CURVE('',#6722,#6723,#1823,.T.);
#8443=EDGE_CURVE('',#5147,#6722,#1827,.T.);
#8445=EDGE_CURVE('',#5146,#5147,#1831,.T.);
#8447=EDGE_CURVE('',#6731,#5146,#1835,.T.);
#8449=EDGE_CURVE('',#6730,#6731,#1839,.T.);
#8451=EDGE_CURVE('',#6723,#6730,#1843,.T.);
#8455=EDGE_CURVE('',#5186,#5187,#1807,.T.);
#8457=EDGE_CURVE('',#5187,#5189,#1811,.T.);
#8459=EDGE_CURVE('',#5189,#5191,#1815,.T.);
#8461=EDGE_CURVE('',#5191,#5186,#1819,.T.);
#8465=ADVANCED_FACE('',(#8454,#8464),#8440,.T.);
#8472=EDGE_CURVE('',#5178,#5162,#1847,.T.);
#8474=EDGE_CURVE('',#5162,#5163,#1863,.T.);
#8476=EDGE_CURVE('',#5179,#5163,#1859,.T.);
#8480=ADVANCED_FACE('',(#8479),#8470,.T.);
#8487=EDGE_CURVE('',#5183,#5167,#1851,.T.);
#8489=EDGE_CURVE('',#5167,#5162,#1867,.T.);
#8494=ADVANCED_FACE('',(#8493),#8485,.T.);
#8501=EDGE_CURVE('',#5181,#5165,#1855,.T.);
#8503=EDGE_CURVE('',#5165,#5167,#1871,.T.);
#8508=ADVANCED_FACE('',(#8507),#8499,.T.);
#8516=EDGE_CURVE('',#5163,#5165,#1875,.T.);
#8521=ADVANCED_FACE('',(#8520),#8513,.T.);
#8533=ADVANCED_FACE('',(#8532),#8526,.T.);
#8539=EDGE_CURVE('',#5170,#5171,#1879,.T.);
#8541=EDGE_CURVE('',#5175,#5170,#1883,.T.);
#8543=EDGE_CURVE('',#5173,#5175,#1887,.T.);
#8545=EDGE_CURVE('',#5171,#5173,#1891,.T.);
#8549=ADVANCED_FACE('',(#8548),#8538,.T.);
#8556=EDGE_CURVE('',#5186,#5170,#1895,.T.);
#8559=EDGE_CURVE('',#5187,#5171,#1907,.T.);
#8563=ADVANCED_FACE('',(#8562),#8554,.T.);
#8570=EDGE_CURVE('',#5191,#5175,#1899,.T.);
#8576=ADVANCED_FACE('',(#8575),#8568,.T.);
#8583=EDGE_CURVE('',#5189,#5173,#1903,.T.);
#8589=ADVANCED_FACE('',(#8588),#8581,.T.);
#8601=ADVANCED_FACE('',(#8600),#8594,.T.);
#8608=EDGE_CURVE('',#6725,#6723,#1915,.T.);
#8611=EDGE_CURVE('',#6727,#6722,#1935,.T.);
#8615=ADVANCED_FACE('',(#8614),#8606,.T.);
#8623=EDGE_CURVE('',#6735,#6730,#1919,.T.);
#8628=ADVANCED_FACE('',(#8627),#8620,.F.);
#8635=EDGE_CURVE('',#6733,#6731,#1927,.T.);
#8641=ADVANCED_FACE('',(#8640),#8633,.T.);
#8649=EDGE_CURVE('',#5158,#5146,#1931,.T.);
#8654=ADVANCED_FACE('',(#8653),#8646,.F.);
#8663=EDGE_CURVE('',#5159,#5147,#1939,.T.);
#8667=ADVANCED_FACE('',(#8666),#8659,.F.);
#8679=ADVANCED_FACE('',(#8678),#8672,.F.);
#8685=EDGE_CURVE('',#5337,#5326,#1943,.T.);
#8687=EDGE_CURVE('',#5326,#5327,#1975,.T.);
#8689=EDGE_CURVE('',#5339,#5327,#1955,.T.);
#8694=ADVANCED_FACE('',(#8693),#8684,.F.);
#8702=EDGE_CURVE('',#5343,#5331,#1947,.T.);
#8704=EDGE_CURVE('',#5331,#5326,#1979,.T.);
#8708=ADVANCED_FACE('',(#8707),#8699,.F.);
#8714=EDGE_CURVE('',#5341,#5329,#1951,.T.);
#8716=EDGE_CURVE('',#5329,#5331,#1983,.T.);
#8722=ADVANCED_FACE('',(#8721),#8713,.F.);
#8729=EDGE_CURVE('',#5327,#5329,#1987,.T.);
#8735=ADVANCED_FACE('',(#8734),#8727,.F.);
#8747=EDGE_CURVE('',#5369,#5371,#1991,.T.);
#8749=EDGE_CURVE('',#5371,#5373,#1995,.T.);
#8751=EDGE_CURVE('',#5373,#5375,#1999,.T.);
#8753=EDGE_CURVE('',#5375,#5369,#2003,.T.);
#8757=ADVANCED_FACE('',(#8746,#8756),#8740,.T.);
#8763=EDGE_CURVE('',#6738,#6739,#2007,.T.);
#8765=EDGE_CURVE('',#5323,#6738,#2011,.T.);
#8767=EDGE_CURVE('',#5322,#5323,#2015,.T.);
#8769=EDGE_CURVE('',#6747,#5322,#2019,.T.);
#8771=EDGE_CURVE('',#6746,#6747,#2023,.T.);
#8773=EDGE_CURVE('',#6739,#6746,#2027,.T.);
#8777=EDGE_CURVE('',#5361,#5363,#1959,.T.);
#8779=EDGE_CURVE('',#5363,#5365,#1963,.T.);
#8781=EDGE_CURVE('',#5365,#5367,#1967,.T.);
#8783=EDGE_CURVE('',#5367,#5361,#1971,.T.);
#8787=ADVANCED_FACE('',(#8776,#8786),#8762,.T.);
#8793=EDGE_CURVE('',#5361,#5346,#2031,.T.);
#8795=EDGE_CURVE('',#5346,#5347,#2047,.T.);
#8797=EDGE_CURVE('',#5363,#5347,#2043,.T.);
#8802=ADVANCED_FACE('',(#8801),#8792,.T.);
#8810=EDGE_CURVE('',#5367,#5351,#2035,.T.);
#8812=EDGE_CURVE('',#5351,#5346,#2051,.T.);
#8816=ADVANCED_FACE('',(#8815),#8807,.T.);
#8822=EDGE_CURVE('',#5365,#5349,#2039,.T.);
#8824=EDGE_CURVE('',#5349,#5351,#2055,.T.);
#8830=ADVANCED_FACE('',(#8829),#8821,.T.);
#8837=EDGE_CURVE('',#5347,#5349,#2059,.T.);
#8843=ADVANCED_FACE('',(#8842),#8835,.T.);
#8855=ADVANCED_FACE('',(#8854),#8848,.T.);
#8861=EDGE_CURVE('',#5354,#5355,#2063,.T.);
#8863=EDGE_CURVE('',#5359,#5354,#2067,.T.);
#8865=EDGE_CURVE('',#5357,#5359,#2071,.T.);
#8867=EDGE_CURVE('',#5355,#5357,#2075,.T.);
#8871=ADVANCED_FACE('',(#8870),#8860,.T.);
#8877=EDGE_CURVE('',#5369,#5354,#2079,.T.);
#8880=EDGE_CURVE('',#5371,#5355,#2091,.T.);
#8885=ADVANCED_FACE('',(#8884),#8876,.T.);
#8893=EDGE_CURVE('',#5375,#5359,#2083,.T.);
#8898=ADVANCED_FACE('',(#8897),#8890,.T.);
#8904=EDGE_CURVE('',#5373,#5357,#2087,.T.);
#8911=ADVANCED_FACE('',(#8910),#8903,.T.);
#8923=ADVANCED_FACE('',(#8922),#8916,.T.);
#8930=EDGE_CURVE('',#6741,#6739,#2099,.T.);
#8933=EDGE_CURVE('',#6743,#6738,#2119,.T.);
#8937=ADVANCED_FACE('',(#8936),#8928,.T.);
#8945=EDGE_CURVE('',#6751,#6746,#2103,.T.);
#8950=ADVANCED_FACE('',(#8949),#8942,.F.);
#8957=EDGE_CURVE('',#6749,#6747,#2111,.T.);
#8963=ADVANCED_FACE('',(#8962),#8955,.T.);
#8971=EDGE_CURVE('',#5333,#5322,#2115,.T.);
#8976=ADVANCED_FACE('',(#8975),#8968,.F.);
#8984=EDGE_CURVE('',#5335,#5323,#2123,.T.);
#8989=ADVANCED_FACE('',(#8988),#8981,.F.);
#9001=ADVANCED_FACE('',(#9000),#8994,.F.);
#9007=EDGE_CURVE('',#5465,#5454,#2127,.T.);
#9009=EDGE_CURVE('',#5454,#5455,#2159,.T.);
#9011=EDGE_CURVE('',#5467,#5455,#2139,.T.);
#9016=ADVANCED_FACE('',(#9015),#9006,.F.);
#9024=EDGE_CURVE('',#5471,#5459,#2131,.T.);
#9026=EDGE_CURVE('',#5459,#5454,#2163,.T.);
#9030=ADVANCED_FACE('',(#9029),#9021,.F.);
#9036=EDGE_CURVE('',#5469,#5457,#2135,.T.);
#9038=EDGE_CURVE('',#5457,#5459,#2167,.T.);
#9044=ADVANCED_FACE('',(#9043),#9035,.F.);
#9051=EDGE_CURVE('',#5455,#5457,#2171,.T.);
#9057=ADVANCED_FACE('',(#9056),#9049,.F.);
#9069=EDGE_CURVE('',#5497,#5499,#2175,.T.);
#9071=EDGE_CURVE('',#5499,#5501,#2179,.T.);
#9073=EDGE_CURVE('',#5501,#5503,#2183,.T.);
#9075=EDGE_CURVE('',#5503,#5497,#2187,.T.);
#9079=ADVANCED_FACE('',(#9068,#9078),#9062,.T.);
#9085=EDGE_CURVE('',#6754,#6755,#2191,.T.);
#9087=EDGE_CURVE('',#5451,#6754,#2195,.T.);
#9089=EDGE_CURVE('',#5450,#5451,#2199,.T.);
#9091=EDGE_CURVE('',#6763,#5450,#2203,.T.);
#9093=EDGE_CURVE('',#6762,#6763,#2207,.T.);
#9095=EDGE_CURVE('',#6755,#6762,#2211,.T.);
#9099=EDGE_CURVE('',#5489,#5491,#2143,.T.);
#9101=EDGE_CURVE('',#5491,#5493,#2147,.T.);
#9103=EDGE_CURVE('',#5493,#5495,#2151,.T.);
#9105=EDGE_CURVE('',#5495,#5489,#2155,.T.);
#9109=ADVANCED_FACE('',(#9098,#9108),#9084,.T.);
#9115=EDGE_CURVE('',#5489,#5474,#2215,.T.);
#9117=EDGE_CURVE('',#5474,#5475,#2231,.T.);
#9119=EDGE_CURVE('',#5491,#5475,#2227,.T.);
#9124=ADVANCED_FACE('',(#9123),#9114,.T.);
#9132=EDGE_CURVE('',#5495,#5479,#2219,.T.);
#9134=EDGE_CURVE('',#5479,#5474,#2235,.T.);
#9138=ADVANCED_FACE('',(#9137),#9129,.T.);
#9144=EDGE_CURVE('',#5493,#5477,#2223,.T.);
#9146=EDGE_CURVE('',#5477,#5479,#2239,.T.);
#9152=ADVANCED_FACE('',(#9151),#9143,.T.);
#9159=EDGE_CURVE('',#5475,#5477,#2243,.T.);
#9165=ADVANCED_FACE('',(#9164),#9157,.T.);
#9177=ADVANCED_FACE('',(#9176),#9170,.T.);
#9183=EDGE_CURVE('',#5482,#5483,#2247,.T.);
#9185=EDGE_CURVE('',#5487,#5482,#2251,.T.);
#9187=EDGE_CURVE('',#5485,#5487,#2255,.T.);
#9189=EDGE_CURVE('',#5483,#5485,#2259,.T.);
#9193=ADVANCED_FACE('',(#9192),#9182,.T.);
#9199=EDGE_CURVE('',#5497,#5482,#2263,.T.);
#9202=EDGE_CURVE('',#5499,#5483,#2275,.T.);
#9207=ADVANCED_FACE('',(#9206),#9198,.T.);
#9215=EDGE_CURVE('',#5503,#5487,#2267,.T.);
#9220=ADVANCED_FACE('',(#9219),#9212,.T.);
#9226=EDGE_CURVE('',#5501,#5485,#2271,.T.);
#9233=ADVANCED_FACE('',(#9232),#9225,.T.);
#9245=ADVANCED_FACE('',(#9244),#9238,.T.);
#9252=EDGE_CURVE('',#6757,#6755,#2283,.T.);
#9255=EDGE_CURVE('',#6759,#6754,#2303,.T.);
#9259=ADVANCED_FACE('',(#9258),#9250,.T.);
#9267=EDGE_CURVE('',#6767,#6762,#2287,.T.);
#9272=ADVANCED_FACE('',(#9271),#9264,.F.);
#9279=EDGE_CURVE('',#6765,#6763,#2295,.T.);
#9285=ADVANCED_FACE('',(#9284),#9277,.T.);
#9293=EDGE_CURVE('',#5461,#5450,#2299,.T.);
#9298=ADVANCED_FACE('',(#9297),#9290,.F.);
#9306=EDGE_CURVE('',#5463,#5451,#2307,.T.);
#9311=ADVANCED_FACE('',(#9310),#9303,.F.);
#9323=ADVANCED_FACE('',(#9322),#9316,.F.);
#9329=EDGE_CURVE('',#5517,#5506,#2311,.T.);
#9331=EDGE_CURVE('',#5506,#5507,#2327,.T.);
#9333=EDGE_CURVE('',#5519,#5507,#2323,.T.);
#9338=ADVANCED_FACE('',(#9337),#9328,.F.);
#9346=EDGE_CURVE('',#5523,#5511,#2315,.T.);
#9348=EDGE_CURVE('',#5511,#5506,#2331,.T.);
#9352=ADVANCED_FACE('',(#9351),#9343,.F.);
#9358=EDGE_CURVE('',#5521,#5509,#2319,.T.);
#9360=EDGE_CURVE('',#5509,#5511,#2335,.T.);
#9366=ADVANCED_FACE('',(#9365),#9357,.F.);
#9373=EDGE_CURVE('',#5507,#5509,#2339,.T.);
#9379=ADVANCED_FACE('',(#9378),#9371,.F.);
#9391=EDGE_CURVE('',#5545,#5547,#2343,.T.);
#9393=EDGE_CURVE('',#5547,#5549,#2347,.T.);
#9395=EDGE_CURVE('',#5549,#5551,#2351,.T.);
#9397=EDGE_CURVE('',#5551,#5545,#2355,.T.);
#9401=ADVANCED_FACE('',(#9390,#9400),#9384,.T.);
#9407=EDGE_CURVE('',#6770,#6771,#2375,.T.);
#9409=EDGE_CURVE('',#5515,#6770,#2379,.T.);
#9411=EDGE_CURVE('',#5514,#5515,#2383,.T.);
#9413=EDGE_CURVE('',#6779,#5514,#2387,.T.);
#9415=EDGE_CURVE('',#6778,#6779,#2391,.T.);
#9417=EDGE_CURVE('',#6771,#6778,#2395,.T.);
#9421=EDGE_CURVE('',#5553,#5555,#2359,.T.);
#9423=EDGE_CURVE('',#5555,#5557,#2363,.T.);
#9425=EDGE_CURVE('',#5557,#5559,#2367,.T.);
#9427=EDGE_CURVE('',#5559,#5553,#2371,.T.);
#9431=ADVANCED_FACE('',(#9420,#9430),#9406,.T.);
#9437=EDGE_CURVE('',#5545,#5530,#2399,.T.);
#9439=EDGE_CURVE('',#5530,#5531,#2415,.T.);
#9441=EDGE_CURVE('',#5547,#5531,#2411,.T.);
#9446=ADVANCED_FACE('',(#9445),#9436,.T.);
#9454=EDGE_CURVE('',#5551,#5535,#2403,.T.);
#9456=EDGE_CURVE('',#5535,#5530,#2419,.T.);
#9460=ADVANCED_FACE('',(#9459),#9451,.T.);
#9466=EDGE_CURVE('',#5549,#5533,#2407,.T.);
#9468=EDGE_CURVE('',#5533,#5535,#2423,.T.);
#9474=ADVANCED_FACE('',(#9473),#9465,.T.);
#9481=EDGE_CURVE('',#5531,#5533,#2427,.T.);
#9487=ADVANCED_FACE('',(#9486),#9479,.T.);
#9499=ADVANCED_FACE('',(#9498),#9492,.T.);
#9505=EDGE_CURVE('',#5538,#5539,#2431,.T.);
#9507=EDGE_CURVE('',#5543,#5538,#2435,.T.);
#9509=EDGE_CURVE('',#5541,#5543,#2439,.T.);
#9511=EDGE_CURVE('',#5539,#5541,#2443,.T.);
#9515=ADVANCED_FACE('',(#9514),#9504,.T.);
#9521=EDGE_CURVE('',#5553,#5538,#2447,.T.);
#9524=EDGE_CURVE('',#5555,#5539,#2459,.T.);
#9529=ADVANCED_FACE('',(#9528),#9520,.T.);
#9537=EDGE_CURVE('',#5559,#5543,#2451,.T.);
#9542=ADVANCED_FACE('',(#9541),#9534,.T.);
#9548=EDGE_CURVE('',#5557,#5541,#2455,.T.);
#9555=ADVANCED_FACE('',(#9554),#9547,.T.);
#9567=ADVANCED_FACE('',(#9566),#9560,.T.);
#9574=EDGE_CURVE('',#6773,#6771,#2467,.T.);
#9577=EDGE_CURVE('',#6775,#6770,#2487,.T.);
#9581=ADVANCED_FACE('',(#9580),#9572,.T.);
#9589=EDGE_CURVE('',#6783,#6778,#2471,.T.);
#9594=ADVANCED_FACE('',(#9593),#9586,.F.);
#9601=EDGE_CURVE('',#6781,#6779,#2479,.T.);
#9607=ADVANCED_FACE('',(#9606),#9599,.T.);
#9615=EDGE_CURVE('',#5525,#5514,#2483,.T.);
#9620=ADVANCED_FACE('',(#9619),#9612,.F.);
#9628=EDGE_CURVE('',#5527,#5515,#2491,.T.);
#9633=ADVANCED_FACE('',(#9632),#9625,.F.);
#9645=ADVANCED_FACE('',(#9644),#9638,.F.);
#9651=EDGE_CURVE('',#5573,#5562,#2495,.T.);
#9653=EDGE_CURVE('',#5562,#5563,#2511,.T.);
#9655=EDGE_CURVE('',#5575,#5563,#2507,.T.);
#9660=ADVANCED_FACE('',(#9659),#9650,.F.);
#9668=EDGE_CURVE('',#5579,#5567,#2499,.T.);
#9670=EDGE_CURVE('',#5567,#5562,#2515,.T.);
#9674=ADVANCED_FACE('',(#9673),#9665,.F.);
#9680=EDGE_CURVE('',#5577,#5565,#2503,.T.);
#9682=EDGE_CURVE('',#5565,#5567,#2519,.T.);
#9688=ADVANCED_FACE('',(#9687),#9679,.F.);
#9695=EDGE_CURVE('',#5563,#5565,#2523,.T.);
#9701=ADVANCED_FACE('',(#9700),#9693,.F.);
#9713=EDGE_CURVE('',#5601,#5603,#2527,.T.);
#9715=EDGE_CURVE('',#5603,#5605,#2531,.T.);
#9717=EDGE_CURVE('',#5605,#5607,#2535,.T.);
#9719=EDGE_CURVE('',#5607,#5601,#2539,.T.);
#9723=ADVANCED_FACE('',(#9712,#9722),#9706,.T.);
#9729=EDGE_CURVE('',#6786,#6787,#2559,.T.);
#9731=EDGE_CURVE('',#5571,#6786,#2563,.T.);
#9733=EDGE_CURVE('',#5570,#5571,#2567,.T.);
#9735=EDGE_CURVE('',#6795,#5570,#2571,.T.);
#9737=EDGE_CURVE('',#6794,#6795,#2575,.T.);
#9739=EDGE_CURVE('',#6787,#6794,#2579,.T.);
#9743=EDGE_CURVE('',#5609,#5611,#2543,.T.);
#9745=EDGE_CURVE('',#5611,#5613,#2547,.T.);
#9747=EDGE_CURVE('',#5613,#5615,#2551,.T.);
#9749=EDGE_CURVE('',#5615,#5609,#2555,.T.);
#9753=ADVANCED_FACE('',(#9742,#9752),#9728,.T.);
#9759=EDGE_CURVE('',#5601,#5586,#2583,.T.);
#9761=EDGE_CURVE('',#5586,#5587,#2599,.T.);
#9763=EDGE_CURVE('',#5603,#5587,#2595,.T.);
#9768=ADVANCED_FACE('',(#9767),#9758,.T.);
#9776=EDGE_CURVE('',#5607,#5591,#2587,.T.);
#9778=EDGE_CURVE('',#5591,#5586,#2603,.T.);
#9782=ADVANCED_FACE('',(#9781),#9773,.T.);
#9788=EDGE_CURVE('',#5605,#5589,#2591,.T.);
#9790=EDGE_CURVE('',#5589,#5591,#2607,.T.);
#9796=ADVANCED_FACE('',(#9795),#9787,.T.);
#9803=EDGE_CURVE('',#5587,#5589,#2611,.T.);
#9809=ADVANCED_FACE('',(#9808),#9801,.T.);
#9821=ADVANCED_FACE('',(#9820),#9814,.T.);
#9827=EDGE_CURVE('',#5594,#5595,#2615,.T.);
#9829=EDGE_CURVE('',#5599,#5594,#2619,.T.);
#9831=EDGE_CURVE('',#5597,#5599,#2623,.T.);
#9833=EDGE_CURVE('',#5595,#5597,#2627,.T.);
#9837=ADVANCED_FACE('',(#9836),#9826,.T.);
#9843=EDGE_CURVE('',#5609,#5594,#2631,.T.);
#9846=EDGE_CURVE('',#5611,#5595,#2643,.T.);
#9851=ADVANCED_FACE('',(#9850),#9842,.T.);
#9859=EDGE_CURVE('',#5615,#5599,#2635,.T.);
#9864=ADVANCED_FACE('',(#9863),#9856,.T.);
#9870=EDGE_CURVE('',#5613,#5597,#2639,.T.);
#9877=ADVANCED_FACE('',(#9876),#9869,.T.);
#9889=ADVANCED_FACE('',(#9888),#9882,.T.);
#9896=EDGE_CURVE('',#6789,#6787,#2651,.T.);
#9899=EDGE_CURVE('',#6791,#6786,#2671,.T.);
#9903=ADVANCED_FACE('',(#9902),#9894,.T.);
#9911=EDGE_CURVE('',#6799,#6794,#2655,.T.);
#9916=ADVANCED_FACE('',(#9915),#9908,.F.);
#9923=EDGE_CURVE('',#6797,#6795,#2663,.T.);
#9929=ADVANCED_FACE('',(#9928),#9921,.T.);
#9937=EDGE_CURVE('',#5581,#5570,#2667,.T.);
#9942=ADVANCED_FACE('',(#9941),#9934,.F.);
#9950=EDGE_CURVE('',#5583,#5571,#2675,.T.);
#9955=ADVANCED_FACE('',(#9954),#9947,.F.);
#9967=ADVANCED_FACE('',(#9966),#9960,.F.);
#9973=EDGE_CURVE('',#5633,#5622,#2679,.T.);
#9975=EDGE_CURVE('',#5622,#5623,#2711,.T.);
#9977=EDGE_CURVE('',#5635,#5623,#2691,.T.);
#9982=ADVANCED_FACE('',(#9981),#9972,.F.);
#9990=EDGE_CURVE('',#5639,#5627,#2683,.T.);
#9992=EDGE_CURVE('',#5627,#5622,#2715,.T.);
#9996=ADVANCED_FACE('',(#9995),#9987,.F.);
#10002=EDGE_CURVE('',#5637,#5625,#2687,.T.);
#10004=EDGE_CURVE('',#5625,#5627,#2719,.T.);
#10010=ADVANCED_FACE('',(#10009),#10001,.F.);
#10017=EDGE_CURVE('',#5623,#5625,#2723,.T.);
#10023=ADVANCED_FACE('',(#10022),#10015,.F.);
#10035=EDGE_CURVE('',#5665,#5667,#2727,.T.);
#10037=EDGE_CURVE('',#5667,#5669,#2731,.T.);
#10039=EDGE_CURVE('',#5669,#5671,#2735,.T.);
#10041=EDGE_CURVE('',#5671,#5665,#2739,.T.);
#10045=ADVANCED_FACE('',(#10034,#10044),#10028,.T.);
#10051=EDGE_CURVE('',#6802,#6803,#2743,.T.);
#10053=EDGE_CURVE('',#5619,#6802,#2747,.T.);
#10055=EDGE_CURVE('',#5618,#5619,#2751,.T.);
#10057=EDGE_CURVE('',#6811,#5618,#2755,.T.);
#10059=EDGE_CURVE('',#6810,#6811,#2759,.T.);
#10061=EDGE_CURVE('',#6803,#6810,#2763,.T.);
#10065=EDGE_CURVE('',#5657,#5659,#2695,.T.);
#10067=EDGE_CURVE('',#5659,#5661,#2699,.T.);
#10069=EDGE_CURVE('',#5661,#5663,#2703,.T.);
#10071=EDGE_CURVE('',#5663,#5657,#2707,.T.);
#10075=ADVANCED_FACE('',(#10064,#10074),#10050,.T.);
#10081=EDGE_CURVE('',#5657,#5642,#2767,.T.);
#10083=EDGE_CURVE('',#5642,#5643,#2783,.T.);
#10085=EDGE_CURVE('',#5659,#5643,#2779,.T.);
#10090=ADVANCED_FACE('',(#10089),#10080,.T.);
#10098=EDGE_CURVE('',#5663,#5647,#2771,.T.);
#10100=EDGE_CURVE('',#5647,#5642,#2787,.T.);
#10104=ADVANCED_FACE('',(#10103),#10095,.T.);
#10110=EDGE_CURVE('',#5661,#5645,#2775,.T.);
#10112=EDGE_CURVE('',#5645,#5647,#2791,.T.);
#10118=ADVANCED_FACE('',(#10117),#10109,.T.);
#10125=EDGE_CURVE('',#5643,#5645,#2795,.T.);
#10131=ADVANCED_FACE('',(#10130),#10123,.T.);
#10143=ADVANCED_FACE('',(#10142),#10136,.T.);
#10149=EDGE_CURVE('',#5650,#5651,#2799,.T.);
#10151=EDGE_CURVE('',#5655,#5650,#2803,.T.);
#10153=EDGE_CURVE('',#5653,#5655,#2807,.T.);
#10155=EDGE_CURVE('',#5651,#5653,#2811,.T.);
#10159=ADVANCED_FACE('',(#10158),#10148,.T.);
#10165=EDGE_CURVE('',#5665,#5650,#2815,.T.);
#10168=EDGE_CURVE('',#5667,#5651,#2827,.T.);
#10173=ADVANCED_FACE('',(#10172),#10164,.T.);
#10181=EDGE_CURVE('',#5671,#5655,#2819,.T.);
#10186=ADVANCED_FACE('',(#10185),#10178,.T.);
#10192=EDGE_CURVE('',#5669,#5653,#2823,.T.);
#10199=ADVANCED_FACE('',(#10198),#10191,.T.);
#10211=ADVANCED_FACE('',(#10210),#10204,.T.);
#10218=EDGE_CURVE('',#6805,#6803,#2835,.T.);
#10221=EDGE_CURVE('',#6807,#6802,#2855,.T.);
#10225=ADVANCED_FACE('',(#10224),#10216,.T.);
#10233=EDGE_CURVE('',#6815,#6810,#2839,.T.);
#10238=ADVANCED_FACE('',(#10237),#10230,.F.);
#10245=EDGE_CURVE('',#6813,#6811,#2847,.T.);
#10251=ADVANCED_FACE('',(#10250),#10243,.T.);
#10259=EDGE_CURVE('',#5629,#5618,#2851,.T.);
#10264=ADVANCED_FACE('',(#10263),#10256,.F.);
#10272=EDGE_CURVE('',#5631,#5619,#2859,.T.);
#10277=ADVANCED_FACE('',(#10276),#10269,.F.);
#10289=ADVANCED_FACE('',(#10288),#10282,.F.);
#10295=EDGE_CURVE('',#5689,#5678,#2863,.T.);
#10297=EDGE_CURVE('',#5678,#5679,#2895,.T.);
#10299=EDGE_CURVE('',#5691,#5679,#2875,.T.);
#10304=ADVANCED_FACE('',(#10303),#10294,.F.);
#10312=EDGE_CURVE('',#5695,#5683,#2867,.T.);
#10314=EDGE_CURVE('',#5683,#5678,#2899,.T.);
#10318=ADVANCED_FACE('',(#10317),#10309,.F.);
#10324=EDGE_CURVE('',#5693,#5681,#2871,.T.);
#10326=EDGE_CURVE('',#5681,#5683,#2903,.T.);
#10332=ADVANCED_FACE('',(#10331),#10323,.F.);
#10339=EDGE_CURVE('',#5679,#5681,#2907,.T.);
#10345=ADVANCED_FACE('',(#10344),#10337,.F.);
#10357=EDGE_CURVE('',#5721,#5723,#2911,.T.);
#10359=EDGE_CURVE('',#5723,#5725,#2915,.T.);
#10361=EDGE_CURVE('',#5725,#5727,#2919,.T.);
#10363=EDGE_CURVE('',#5727,#5721,#2923,.T.);
#10367=ADVANCED_FACE('',(#10356,#10366),#10350,.T.);
#10373=EDGE_CURVE('',#6626,#6627,#2927,.T.);
#10375=EDGE_CURVE('',#5675,#6626,#2931,.T.);
#10377=EDGE_CURVE('',#5674,#5675,#2935,.T.);
#10379=EDGE_CURVE('',#6635,#5674,#2939,.T.);
#10381=EDGE_CURVE('',#6634,#6635,#2943,.T.);
#10383=EDGE_CURVE('',#6627,#6634,#2947,.T.);
#10387=EDGE_CURVE('',#5713,#5715,#2879,.T.);
#10389=EDGE_CURVE('',#5715,#5717,#2883,.T.);
#10391=EDGE_CURVE('',#5717,#5719,#2887,.T.);
#10393=EDGE_CURVE('',#5719,#5713,#2891,.T.);
#10397=ADVANCED_FACE('',(#10386,#10396),#10372,.T.);
#10403=EDGE_CURVE('',#5713,#5698,#2951,.T.);
#10405=EDGE_CURVE('',#5698,#5699,#2967,.T.);
#10407=EDGE_CURVE('',#5715,#5699,#2963,.T.);
#10412=ADVANCED_FACE('',(#10411),#10402,.T.);
#10420=EDGE_CURVE('',#5719,#5703,#2955,.T.);
#10422=EDGE_CURVE('',#5703,#5698,#2971,.T.);
#10426=ADVANCED_FACE('',(#10425),#10417,.T.);
#10432=EDGE_CURVE('',#5717,#5701,#2959,.T.);
#10434=EDGE_CURVE('',#5701,#5703,#2975,.T.);
#10440=ADVANCED_FACE('',(#10439),#10431,.T.);
#10447=EDGE_CURVE('',#5699,#5701,#2979,.T.);
#10453=ADVANCED_FACE('',(#10452),#10445,.T.);
#10465=ADVANCED_FACE('',(#10464),#10458,.T.);
#10471=EDGE_CURVE('',#5706,#5707,#2983,.T.);
#10473=EDGE_CURVE('',#5711,#5706,#2987,.T.);
#10475=EDGE_CURVE('',#5709,#5711,#2991,.T.);
#10477=EDGE_CURVE('',#5707,#5709,#2995,.T.);
#10481=ADVANCED_FACE('',(#10480),#10470,.T.);
#10487=EDGE_CURVE('',#5721,#5706,#2999,.T.);
#10490=EDGE_CURVE('',#5723,#5707,#3011,.T.);
#10495=ADVANCED_FACE('',(#10494),#10486,.T.);
#10503=EDGE_CURVE('',#5727,#5711,#3003,.T.);
#10508=ADVANCED_FACE('',(#10507),#10500,.T.);
#10514=EDGE_CURVE('',#5725,#5709,#3007,.T.);
#10521=ADVANCED_FACE('',(#10520),#10513,.T.);
#10533=ADVANCED_FACE('',(#10532),#10526,.T.);
#10540=EDGE_CURVE('',#6629,#6627,#3019,.T.);
#10543=EDGE_CURVE('',#6631,#6626,#3039,.T.);
#10547=ADVANCED_FACE('',(#10546),#10538,.T.);
#10555=EDGE_CURVE('',#6639,#6634,#3023,.T.);
#10560=ADVANCED_FACE('',(#10559),#10552,.F.);
#10567=EDGE_CURVE('',#6637,#6635,#3031,.T.);
#10573=ADVANCED_FACE('',(#10572),#10565,.T.);
#10581=EDGE_CURVE('',#5685,#5674,#3035,.T.);
#10586=ADVANCED_FACE('',(#10585),#10578,.F.);
#10594=EDGE_CURVE('',#5687,#5675,#3043,.T.);
#10599=ADVANCED_FACE('',(#10598),#10591,.F.);
#10611=ADVANCED_FACE('',(#10610),#10604,.F.);
#10617=EDGE_CURVE('',#5741,#5730,#3047,.T.);
#10619=EDGE_CURVE('',#5730,#5731,#3063,.T.);
#10621=EDGE_CURVE('',#5743,#5731,#3059,.T.);
#10626=ADVANCED_FACE('',(#10625),#10616,.F.);
#10634=EDGE_CURVE('',#5747,#5735,#3051,.T.);
#10636=EDGE_CURVE('',#5735,#5730,#3067,.T.);
#10640=ADVANCED_FACE('',(#10639),#10631,.F.);
#10646=EDGE_CURVE('',#5745,#5733,#3055,.T.);
#10648=EDGE_CURVE('',#5733,#5735,#3071,.T.);
#10654=ADVANCED_FACE('',(#10653),#10645,.F.);
#10661=EDGE_CURVE('',#5731,#5733,#3075,.T.);
#10667=ADVANCED_FACE('',(#10666),#10659,.F.);
#10679=EDGE_CURVE('',#5769,#5771,#3079,.T.);
#10681=EDGE_CURVE('',#5771,#5773,#3083,.T.);
#10683=EDGE_CURVE('',#5773,#5775,#3087,.T.);
#10685=EDGE_CURVE('',#5775,#5769,#3091,.T.);
#10689=ADVANCED_FACE('',(#10678,#10688),#10672,.T.);
#10695=EDGE_CURVE('',#6642,#6643,#3111,.T.);
#10697=EDGE_CURVE('',#5739,#6642,#3115,.T.);
#10699=EDGE_CURVE('',#5738,#5739,#3119,.T.);
#10701=EDGE_CURVE('',#6651,#5738,#3123,.T.);
#10703=EDGE_CURVE('',#6650,#6651,#3127,.T.);
#10705=EDGE_CURVE('',#6643,#6650,#3131,.T.);
#10709=EDGE_CURVE('',#5777,#5779,#3095,.T.);
#10711=EDGE_CURVE('',#5779,#5781,#3099,.T.);
#10713=EDGE_CURVE('',#5781,#5783,#3103,.T.);
#10715=EDGE_CURVE('',#5783,#5777,#3107,.T.);
#10719=ADVANCED_FACE('',(#10708,#10718),#10694,.T.);
#10725=EDGE_CURVE('',#5769,#5754,#3135,.T.);
#10727=EDGE_CURVE('',#5754,#5755,#3151,.T.);
#10729=EDGE_CURVE('',#5771,#5755,#3147,.T.);
#10734=ADVANCED_FACE('',(#10733),#10724,.T.);
#10742=EDGE_CURVE('',#5775,#5759,#3139,.T.);
#10744=EDGE_CURVE('',#5759,#5754,#3155,.T.);
#10748=ADVANCED_FACE('',(#10747),#10739,.T.);
#10754=EDGE_CURVE('',#5773,#5757,#3143,.T.);
#10756=EDGE_CURVE('',#5757,#5759,#3159,.T.);
#10762=ADVANCED_FACE('',(#10761),#10753,.T.);
#10769=EDGE_CURVE('',#5755,#5757,#3163,.T.);
#10775=ADVANCED_FACE('',(#10774),#10767,.T.);
#10787=ADVANCED_FACE('',(#10786),#10780,.T.);
#10793=EDGE_CURVE('',#5762,#5763,#3167,.T.);
#10795=EDGE_CURVE('',#5767,#5762,#3171,.T.);
#10797=EDGE_CURVE('',#5765,#5767,#3175,.T.);
#10799=EDGE_CURVE('',#5763,#5765,#3179,.T.);
#10803=ADVANCED_FACE('',(#10802),#10792,.T.);
#10809=EDGE_CURVE('',#5777,#5762,#3183,.T.);
#10812=EDGE_CURVE('',#5779,#5763,#3195,.T.);
#10817=ADVANCED_FACE('',(#10816),#10808,.T.);
#10825=EDGE_CURVE('',#5783,#5767,#3187,.T.);
#10830=ADVANCED_FACE('',(#10829),#10822,.T.);
#10836=EDGE_CURVE('',#5781,#5765,#3191,.T.);
#10843=ADVANCED_FACE('',(#10842),#10835,.T.);
#10855=ADVANCED_FACE('',(#10854),#10848,.T.);
#10862=EDGE_CURVE('',#6645,#6643,#3203,.T.);
#10865=EDGE_CURVE('',#6647,#6642,#3223,.T.);
#10869=ADVANCED_FACE('',(#10868),#10860,.T.);
#10877=EDGE_CURVE('',#6655,#6650,#3207,.T.);
#10882=ADVANCED_FACE('',(#10881),#10874,.F.);
#10889=EDGE_CURVE('',#6653,#6651,#3215,.T.);
#10895=ADVANCED_FACE('',(#10894),#10887,.T.);
#10903=EDGE_CURVE('',#5749,#5738,#3219,.T.);
#10908=ADVANCED_FACE('',(#10907),#10900,.F.);
#10916=EDGE_CURVE('',#5751,#5739,#3227,.T.);
#10921=ADVANCED_FACE('',(#10920),#10913,.F.);
#10933=ADVANCED_FACE('',(#10932),#10926,.F.);
#10939=EDGE_CURVE('',#5797,#5786,#3231,.T.);
#10941=EDGE_CURVE('',#5786,#5787,#3247,.T.);
#10943=EDGE_CURVE('',#5799,#5787,#3243,.T.);
#10948=ADVANCED_FACE('',(#10947),#10938,.F.);
#10956=EDGE_CURVE('',#5803,#5791,#3235,.T.);
#10958=EDGE_CURVE('',#5791,#5786,#3251,.T.);
#10962=ADVANCED_FACE('',(#10961),#10953,.F.);
#10968=EDGE_CURVE('',#5801,#5789,#3239,.T.);
#10970=EDGE_CURVE('',#5789,#5791,#3255,.T.);
#10976=ADVANCED_FACE('',(#10975),#10967,.F.);
#10983=EDGE_CURVE('',#5787,#5789,#3259,.T.);
#10989=ADVANCED_FACE('',(#10988),#10981,.F.);
#11001=EDGE_CURVE('',#5825,#5827,#3263,.T.);
#11003=EDGE_CURVE('',#5827,#5829,#3267,.T.);
#11005=EDGE_CURVE('',#5829,#5831,#3271,.T.);
#11007=EDGE_CURVE('',#5831,#5825,#3275,.T.);
#11011=ADVANCED_FACE('',(#11000,#11010),#10994,.T.);
#11017=EDGE_CURVE('',#6658,#6659,#3295,.T.);
#11019=EDGE_CURVE('',#5795,#6658,#3299,.T.);
#11021=EDGE_CURVE('',#5794,#5795,#3303,.T.);
#11023=EDGE_CURVE('',#6667,#5794,#3307,.T.);
#11025=EDGE_CURVE('',#6666,#6667,#3311,.T.);
#11027=EDGE_CURVE('',#6659,#6666,#3315,.T.);
#11031=EDGE_CURVE('',#5833,#5835,#3279,.T.);
#11033=EDGE_CURVE('',#5835,#5837,#3283,.T.);
#11035=EDGE_CURVE('',#5837,#5839,#3287,.T.);
#11037=EDGE_CURVE('',#5839,#5833,#3291,.T.);
#11041=ADVANCED_FACE('',(#11030,#11040),#11016,.T.);
#11047=EDGE_CURVE('',#5825,#5810,#3319,.T.);
#11049=EDGE_CURVE('',#5810,#5811,#3335,.T.);
#11051=EDGE_CURVE('',#5827,#5811,#3331,.T.);
#11056=ADVANCED_FACE('',(#11055),#11046,.T.);
#11064=EDGE_CURVE('',#5831,#5815,#3323,.T.);
#11066=EDGE_CURVE('',#5815,#5810,#3339,.T.);
#11070=ADVANCED_FACE('',(#11069),#11061,.T.);
#11076=EDGE_CURVE('',#5829,#5813,#3327,.T.);
#11078=EDGE_CURVE('',#5813,#5815,#3343,.T.);
#11084=ADVANCED_FACE('',(#11083),#11075,.T.);
#11091=EDGE_CURVE('',#5811,#5813,#3347,.T.);
#11097=ADVANCED_FACE('',(#11096),#11089,.T.);
#11109=ADVANCED_FACE('',(#11108),#11102,.T.);
#11115=EDGE_CURVE('',#5818,#5819,#3351,.T.);
#11117=EDGE_CURVE('',#5823,#5818,#3355,.T.);
#11119=EDGE_CURVE('',#5821,#5823,#3359,.T.);
#11121=EDGE_CURVE('',#5819,#5821,#3363,.T.);
#11125=ADVANCED_FACE('',(#11124),#11114,.T.);
#11131=EDGE_CURVE('',#5833,#5818,#3367,.T.);
#11134=EDGE_CURVE('',#5835,#5819,#3379,.T.);
#11139=ADVANCED_FACE('',(#11138),#11130,.T.);
#11147=EDGE_CURVE('',#5839,#5823,#3371,.T.);
#11152=ADVANCED_FACE('',(#11151),#11144,.T.);
#11158=EDGE_CURVE('',#5837,#5821,#3375,.T.);
#11165=ADVANCED_FACE('',(#11164),#11157,.T.);
#11177=ADVANCED_FACE('',(#11176),#11170,.T.);
#11184=EDGE_CURVE('',#6661,#6659,#3387,.T.);
#11187=EDGE_CURVE('',#6663,#6658,#3407,.T.);
#11191=ADVANCED_FACE('',(#11190),#11182,.T.);
#11199=EDGE_CURVE('',#6671,#6666,#3391,.T.);
#11204=ADVANCED_FACE('',(#11203),#11196,.F.);
#11211=EDGE_CURVE('',#6669,#6667,#3399,.T.);
#11217=ADVANCED_FACE('',(#11216),#11209,.T.);
#11225=EDGE_CURVE('',#5805,#5794,#3403,.T.);
#11230=ADVANCED_FACE('',(#11229),#11222,.F.);
#11238=EDGE_CURVE('',#5807,#5795,#3411,.T.);
#11243=ADVANCED_FACE('',(#11242),#11235,.F.);
#11255=ADVANCED_FACE('',(#11254),#11248,.F.);
#11261=EDGE_CURVE('',#5857,#5846,#3415,.T.);
#11263=EDGE_CURVE('',#5846,#5847,#3447,.T.);
#11265=EDGE_CURVE('',#5859,#5847,#3427,.T.);
#11270=ADVANCED_FACE('',(#11269),#11260,.F.);
#11278=EDGE_CURVE('',#5863,#5851,#3419,.T.);
#11280=EDGE_CURVE('',#5851,#5846,#3451,.T.);
#11284=ADVANCED_FACE('',(#11283),#11275,.F.);
#11290=EDGE_CURVE('',#5861,#5849,#3423,.T.);
#11292=EDGE_CURVE('',#5849,#5851,#3455,.T.);
#11298=ADVANCED_FACE('',(#11297),#11289,.F.);
#11305=EDGE_CURVE('',#5847,#5849,#3459,.T.);
#11311=ADVANCED_FACE('',(#11310),#11303,.F.);
#11323=EDGE_CURVE('',#5889,#5891,#3463,.T.);
#11325=EDGE_CURVE('',#5891,#5893,#3467,.T.);
#11327=EDGE_CURVE('',#5893,#5895,#3471,.T.);
#11329=EDGE_CURVE('',#5895,#5889,#3475,.T.);
#11333=ADVANCED_FACE('',(#11322,#11332),#11316,.T.);
#11339=EDGE_CURVE('',#6674,#6675,#3479,.T.);
#11341=EDGE_CURVE('',#5843,#6674,#3483,.T.);
#11343=EDGE_CURVE('',#5842,#5843,#3487,.T.);
#11345=EDGE_CURVE('',#6683,#5842,#3491,.T.);
#11347=EDGE_CURVE('',#6682,#6683,#3495,.T.);
#11349=EDGE_CURVE('',#6675,#6682,#3499,.T.);
#11353=EDGE_CURVE('',#5881,#5883,#3431,.T.);
#11355=EDGE_CURVE('',#5883,#5885,#3435,.T.);
#11357=EDGE_CURVE('',#5885,#5887,#3439,.T.);
#11359=EDGE_CURVE('',#5887,#5881,#3443,.T.);
#11363=ADVANCED_FACE('',(#11352,#11362),#11338,.T.);
#11369=EDGE_CURVE('',#5881,#5866,#3503,.T.);
#11371=EDGE_CURVE('',#5866,#5867,#3519,.T.);
#11373=EDGE_CURVE('',#5883,#5867,#3515,.T.);
#11378=ADVANCED_FACE('',(#11377),#11368,.T.);
#11386=EDGE_CURVE('',#5887,#5871,#3507,.T.);
#11388=EDGE_CURVE('',#5871,#5866,#3523,.T.);
#11392=ADVANCED_FACE('',(#11391),#11383,.T.);
#11398=EDGE_CURVE('',#5885,#5869,#3511,.T.);
#11400=EDGE_CURVE('',#5869,#5871,#3527,.T.);
#11406=ADVANCED_FACE('',(#11405),#11397,.T.);
#11413=EDGE_CURVE('',#5867,#5869,#3531,.T.);
#11419=ADVANCED_FACE('',(#11418),#11411,.T.);
#11431=ADVANCED_FACE('',(#11430),#11424,.T.);
#11437=EDGE_CURVE('',#5874,#5875,#3535,.T.);
#11439=EDGE_CURVE('',#5879,#5874,#3539,.T.);
#11441=EDGE_CURVE('',#5877,#5879,#3543,.T.);
#11443=EDGE_CURVE('',#5875,#5877,#3547,.T.);
#11447=ADVANCED_FACE('',(#11446),#11436,.T.);
#11453=EDGE_CURVE('',#5889,#5874,#3551,.T.);
#11456=EDGE_CURVE('',#5891,#5875,#3563,.T.);
#11461=ADVANCED_FACE('',(#11460),#11452,.T.);
#11469=EDGE_CURVE('',#5895,#5879,#3555,.T.);
#11474=ADVANCED_FACE('',(#11473),#11466,.T.);
#11480=EDGE_CURVE('',#5893,#5877,#3559,.T.);
#11487=ADVANCED_FACE('',(#11486),#11479,.T.);
#11499=ADVANCED_FACE('',(#11498),#11492,.T.);
#11506=EDGE_CURVE('',#6677,#6675,#3571,.T.);
#11509=EDGE_CURVE('',#6679,#6674,#3591,.T.);
#11513=ADVANCED_FACE('',(#11512),#11504,.T.);
#11521=EDGE_CURVE('',#6687,#6682,#3575,.T.);
#11526=ADVANCED_FACE('',(#11525),#11518,.F.);
#11533=EDGE_CURVE('',#6685,#6683,#3583,.T.);
#11539=ADVANCED_FACE('',(#11538),#11531,.T.);
#11547=EDGE_CURVE('',#5853,#5842,#3587,.T.);
#11552=ADVANCED_FACE('',(#11551),#11544,.F.);
#11560=EDGE_CURVE('',#5855,#5843,#3595,.T.);
#11565=ADVANCED_FACE('',(#11564),#11557,.F.);
#11577=ADVANCED_FACE('',(#11576),#11570,.F.);
#11583=EDGE_CURVE('',#5913,#5902,#3599,.T.);
#11585=EDGE_CURVE('',#5902,#5903,#3631,.T.);
#11587=EDGE_CURVE('',#5915,#5903,#3611,.T.);
#11592=ADVANCED_FACE('',(#11591),#11582,.F.);
#11600=EDGE_CURVE('',#5919,#5907,#3603,.T.);
#11602=EDGE_CURVE('',#5907,#5902,#3635,.T.);
#11606=ADVANCED_FACE('',(#11605),#11597,.F.);
#11612=EDGE_CURVE('',#5917,#5905,#3607,.T.);
#11614=EDGE_CURVE('',#5905,#5907,#3639,.T.);
#11620=ADVANCED_FACE('',(#11619),#11611,.F.);
#11627=EDGE_CURVE('',#5903,#5905,#3643,.T.);
#11633=ADVANCED_FACE('',(#11632),#11625,.F.);
#11645=EDGE_CURVE('',#5945,#5947,#3647,.T.);
#11647=EDGE_CURVE('',#5947,#5949,#3651,.T.);
#11649=EDGE_CURVE('',#5949,#5951,#3655,.T.);
#11651=EDGE_CURVE('',#5951,#5945,#3659,.T.);
#11655=ADVANCED_FACE('',(#11644,#11654),#11638,.T.);
#11661=EDGE_CURVE('',#6690,#6691,#3663,.T.);
#11663=EDGE_CURVE('',#5899,#6690,#3667,.T.);
#11665=EDGE_CURVE('',#5898,#5899,#3671,.T.);
#11667=EDGE_CURVE('',#6699,#5898,#3675,.T.);
#11669=EDGE_CURVE('',#6698,#6699,#3679,.T.);
#11671=EDGE_CURVE('',#6691,#6698,#3683,.T.);
#11675=EDGE_CURVE('',#5937,#5939,#3615,.T.);
#11677=EDGE_CURVE('',#5939,#5941,#3619,.T.);
#11679=EDGE_CURVE('',#5941,#5943,#3623,.T.);
#11681=EDGE_CURVE('',#5943,#5937,#3627,.T.);
#11685=ADVANCED_FACE('',(#11674,#11684),#11660,.T.);
#11691=EDGE_CURVE('',#5937,#5922,#3687,.T.);
#11693=EDGE_CURVE('',#5922,#5923,#3703,.T.);
#11695=EDGE_CURVE('',#5939,#5923,#3699,.T.);
#11700=ADVANCED_FACE('',(#11699),#11690,.T.);
#11708=EDGE_CURVE('',#5943,#5927,#3691,.T.);
#11710=EDGE_CURVE('',#5927,#5922,#3707,.T.);
#11714=ADVANCED_FACE('',(#11713),#11705,.T.);
#11720=EDGE_CURVE('',#5941,#5925,#3695,.T.);
#11722=EDGE_CURVE('',#5925,#5927,#3711,.T.);
#11728=ADVANCED_FACE('',(#11727),#11719,.T.);
#11735=EDGE_CURVE('',#5923,#5925,#3715,.T.);
#11741=ADVANCED_FACE('',(#11740),#11733,.T.);
#11753=ADVANCED_FACE('',(#11752),#11746,.T.);
#11759=EDGE_CURVE('',#5930,#5931,#3719,.T.);
#11761=EDGE_CURVE('',#5935,#5930,#3723,.T.);
#11763=EDGE_CURVE('',#5933,#5935,#3727,.T.);
#11765=EDGE_CURVE('',#5931,#5933,#3731,.T.);
#11769=ADVANCED_FACE('',(#11768),#11758,.T.);
#11775=EDGE_CURVE('',#5945,#5930,#3735,.T.);
#11778=EDGE_CURVE('',#5947,#5931,#3747,.T.);
#11783=ADVANCED_FACE('',(#11782),#11774,.T.);
#11791=EDGE_CURVE('',#5951,#5935,#3739,.T.);
#11796=ADVANCED_FACE('',(#11795),#11788,.T.);
#11802=EDGE_CURVE('',#5949,#5933,#3743,.T.);
#11809=ADVANCED_FACE('',(#11808),#11801,.T.);
#11821=ADVANCED_FACE('',(#11820),#11814,.T.);
#11828=EDGE_CURVE('',#6693,#6691,#3755,.T.);
#11831=EDGE_CURVE('',#6695,#6690,#3775,.T.);
#11835=ADVANCED_FACE('',(#11834),#11826,.T.);
#11843=EDGE_CURVE('',#6703,#6698,#3759,.T.);
#11848=ADVANCED_FACE('',(#11847),#11840,.F.);
#11855=EDGE_CURVE('',#6701,#6699,#3767,.T.);
#11861=ADVANCED_FACE('',(#11860),#11853,.T.);
#11869=EDGE_CURVE('',#5909,#5898,#3771,.T.);
#11874=ADVANCED_FACE('',(#11873),#11866,.F.);
#11882=EDGE_CURVE('',#5911,#5899,#3779,.T.);
#11887=ADVANCED_FACE('',(#11886),#11879,.F.);
#11899=ADVANCED_FACE('',(#11898),#11892,.F.);
#11905=EDGE_CURVE('',#5965,#5954,#3783,.T.);
#11907=EDGE_CURVE('',#5954,#5955,#3799,.T.);
#11909=EDGE_CURVE('',#5967,#5955,#3795,.T.);
#11914=ADVANCED_FACE('',(#11913),#11904,.F.);
#11922=EDGE_CURVE('',#5971,#5959,#3787,.T.);
#11924=EDGE_CURVE('',#5959,#5954,#3803,.T.);
#11928=ADVANCED_FACE('',(#11927),#11919,.F.);
#11934=EDGE_CURVE('',#5969,#5957,#3791,.T.);
#11936=EDGE_CURVE('',#5957,#5959,#3807,.T.);
#11942=ADVANCED_FACE('',(#11941),#11933,.F.);
#11949=EDGE_CURVE('',#5955,#5957,#3811,.T.);
#11955=ADVANCED_FACE('',(#11954),#11947,.F.);
#11967=EDGE_CURVE('',#5993,#5995,#3815,.T.);
#11969=EDGE_CURVE('',#5995,#5997,#3819,.T.);
#11971=EDGE_CURVE('',#5997,#5999,#3823,.T.);
#11973=EDGE_CURVE('',#5999,#5993,#3827,.T.);
#11977=ADVANCED_FACE('',(#11966,#11976),#11960,.T.);
#11983=EDGE_CURVE('',#6706,#6707,#3847,.T.);
#11985=EDGE_CURVE('',#5963,#6706,#3851,.T.);
#11987=EDGE_CURVE('',#5962,#5963,#3855,.T.);
#11989=EDGE_CURVE('',#6715,#5962,#3859,.T.);
#11991=EDGE_CURVE('',#6714,#6715,#3863,.T.);
#11993=EDGE_CURVE('',#6707,#6714,#3867,.T.);
#11997=EDGE_CURVE('',#6001,#6003,#3831,.T.);
#11999=EDGE_CURVE('',#6003,#6005,#3835,.T.);
#12001=EDGE_CURVE('',#6005,#6007,#3839,.T.);
#12003=EDGE_CURVE('',#6007,#6001,#3843,.T.);
#12007=ADVANCED_FACE('',(#11996,#12006),#11982,.T.);
#12013=EDGE_CURVE('',#5993,#5978,#3871,.T.);
#12015=EDGE_CURVE('',#5978,#5979,#3887,.T.);
#12017=EDGE_CURVE('',#5995,#5979,#3883,.T.);
#12022=ADVANCED_FACE('',(#12021),#12012,.T.);
#12030=EDGE_CURVE('',#5999,#5983,#3875,.T.);
#12032=EDGE_CURVE('',#5983,#5978,#3891,.T.);
#12036=ADVANCED_FACE('',(#12035),#12027,.T.);
#12042=EDGE_CURVE('',#5997,#5981,#3879,.T.);
#12044=EDGE_CURVE('',#5981,#5983,#3895,.T.);
#12050=ADVANCED_FACE('',(#12049),#12041,.T.);
#12057=EDGE_CURVE('',#5979,#5981,#3899,.T.);
#12063=ADVANCED_FACE('',(#12062),#12055,.T.);
#12075=ADVANCED_FACE('',(#12074),#12068,.T.);
#12081=EDGE_CURVE('',#5986,#5987,#3903,.T.);
#12083=EDGE_CURVE('',#5991,#5986,#3907,.T.);
#12085=EDGE_CURVE('',#5989,#5991,#3911,.T.);
#12087=EDGE_CURVE('',#5987,#5989,#3915,.T.);
#12091=ADVANCED_FACE('',(#12090),#12080,.T.);
#12097=EDGE_CURVE('',#6001,#5986,#3919,.T.);
#12100=EDGE_CURVE('',#6003,#5987,#3931,.T.);
#12105=ADVANCED_FACE('',(#12104),#12096,.T.);
#12113=EDGE_CURVE('',#6007,#5991,#3923,.T.);
#12118=ADVANCED_FACE('',(#12117),#12110,.T.);
#12124=EDGE_CURVE('',#6005,#5989,#3927,.T.);
#12131=ADVANCED_FACE('',(#12130),#12123,.T.);
#12143=ADVANCED_FACE('',(#12142),#12136,.T.);
#12150=EDGE_CURVE('',#6709,#6707,#3939,.T.);
#12153=EDGE_CURVE('',#6711,#6706,#3959,.T.);
#12157=ADVANCED_FACE('',(#12156),#12148,.T.);
#12165=EDGE_CURVE('',#6719,#6714,#3943,.T.);
#12170=ADVANCED_FACE('',(#12169),#12162,.F.);
#12177=EDGE_CURVE('',#6717,#6715,#3951,.T.);
#12183=ADVANCED_FACE('',(#12182),#12175,.T.);
#12191=EDGE_CURVE('',#5973,#5962,#3955,.T.);
#12196=ADVANCED_FACE('',(#12195),#12188,.F.);
#12204=EDGE_CURVE('',#5975,#5963,#3963,.T.);
#12209=ADVANCED_FACE('',(#12208),#12201,.F.);
#12221=ADVANCED_FACE('',(#12220),#12214,.F.);
#12227=EDGE_CURVE('',#6818,#6819,#3967,.T.);
#12230=EDGE_CURVE('',#5131,#5129,#3971,.T.);
#12235=ADVANCED_FACE('',(#12234),#12226,.T.);
#12241=EDGE_CURVE('',#6822,#6823,#3975,.T.);
#12248=ADVANCED_FACE('',(#12247),#12240,.T.);
#12260=ADVANCED_FACE('',(#12259),#12253,.T.);
#12267=EDGE_CURVE('',#6165,#6163,#3983,.T.);
#12270=EDGE_CURVE('',#5123,#5127,#3987,.T.);
#12275=EDGE_CURVE('',#5239,#5234,#3991,.T.);
#12278=EDGE_CURVE('',#5237,#5235,#3999,.T.);
#12281=EDGE_CURVE('',#5391,#5386,#4003,.T.);
#12284=EDGE_CURVE('',#5389,#5387,#4011,.T.);
#12287=EDGE_CURVE('',#6023,#6018,#4015,.T.);
#12290=EDGE_CURVE('',#6021,#6019,#4023,.T.);
#12293=EDGE_CURVE('',#6039,#6034,#4027,.T.);
#12296=EDGE_CURVE('',#6037,#6035,#4035,.T.);
#12299=EDGE_CURVE('',#6055,#6050,#4039,.T.);
#12302=EDGE_CURVE('',#6053,#6051,#4047,.T.);
#12305=EDGE_CURVE('',#6071,#6066,#4051,.T.);
#12308=EDGE_CURVE('',#6069,#6067,#4059,.T.);
#12311=EDGE_CURVE('',#6087,#6082,#4063,.T.);
#12314=EDGE_CURVE('',#6085,#6083,#4071,.T.);
#12317=EDGE_CURVE('',#6103,#6098,#4075,.T.);
#12320=EDGE_CURVE('',#6101,#6099,#4083,.T.);
#12323=EDGE_CURVE('',#6119,#6114,#4087,.T.);
#12326=EDGE_CURVE('',#6117,#6115,#4095,.T.);
#12329=EDGE_CURVE('',#6135,#6130,#4099,.T.);
#12332=EDGE_CURVE('',#6133,#6131,#4107,.T.);
#12335=EDGE_CURVE('',#6151,#6146,#4111,.T.);
#12338=EDGE_CURVE('',#6149,#6147,#4119,.T.);
#12341=EDGE_CURVE('',#6167,#6162,#4123,.T.);
#12345=ADVANCED_FACE('',(#12344),#12265,.T.);
#12351=EDGE_CURVE('',#6301,#6235,#4127,.T.);
#12358=ADVANCED_FACE('',(#12357),#12350,.F.);
#12365=EDGE_CURVE('',#5295,#5287,#4131,.T.);
#12368=EDGE_CURVE('',#5277,#5273,#4147,.T.);
#12372=ADVANCED_FACE('',(#12371),#12363,.F.);
#12379=EDGE_CURVE('',#5275,#5271,#4151,.T.);
#12382=EDGE_CURVE('',#5303,#5301,#4155,.T.);
#12386=ADVANCED_FACE('',(#12385),#12377,.F.);
#12393=EDGE_CURVE('',#5409,#5398,#4159,.T.);
#12396=EDGE_CURVE('',#5415,#5399,#4163,.T.);
#12400=ADVANCED_FACE('',(#12399),#12391,.F.);
#12407=EDGE_CURVE('',#6241,#6200,#4167,.T.);
#12410=EDGE_CURVE('',#6249,#6201,#4171,.T.);
#12414=ADVANCED_FACE('',(#12413),#12405,.F.);
#12421=EDGE_CURVE('',#6247,#6204,#4175,.T.);
#12424=EDGE_CURVE('',#6257,#6205,#4179,.T.);
#12428=ADVANCED_FACE('',(#12427),#12419,.F.);
#12435=EDGE_CURVE('',#6255,#6208,#4183,.T.);
#12438=EDGE_CURVE('',#6265,#6209,#4187,.T.);
#12442=ADVANCED_FACE('',(#12441),#12433,.F.);
#12449=EDGE_CURVE('',#6263,#6212,#4191,.T.);
#12452=EDGE_CURVE('',#6273,#6213,#4195,.T.);
#12456=ADVANCED_FACE('',(#12455),#12447,.F.);
#12463=EDGE_CURVE('',#6271,#6216,#4199,.T.);
#12466=EDGE_CURVE('',#6281,#6217,#4203,.T.);
#12470=ADVANCED_FACE('',(#12469),#12461,.F.);
#12477=EDGE_CURVE('',#6279,#6220,#4207,.T.);
#12480=EDGE_CURVE('',#6289,#6221,#4211,.T.);
#12484=ADVANCED_FACE('',(#12483),#12475,.F.);
#12491=EDGE_CURVE('',#6287,#6224,#4215,.T.);
#12494=EDGE_CURVE('',#6295,#6225,#4219,.T.);
#12498=ADVANCED_FACE('',(#12497),#12489,.F.);
#12505=EDGE_CURVE('',#6293,#6228,#4223,.T.);
#12508=EDGE_CURVE('',#6299,#6229,#4227,.T.);
#12512=ADVANCED_FACE('',(#12511),#12503,.F.);
#12519=EDGE_CURVE('',#6297,#6232,#4231,.T.);
#12522=EDGE_CURVE('',#6303,#6233,#4235,.T.);
#12526=ADVANCED_FACE('',(#12525),#12517,.F.);
#12535=EDGE_CURVE('',#5299,#5291,#4143,.T.);
#12539=ADVANCED_FACE('',(#12538),#12531,.F.);
#12546=EDGE_CURVE('',#5294,#5286,#4135,.T.);
#12552=ADVANCED_FACE('',(#12551),#12544,.F.);
#12559=EDGE_CURVE('',#5297,#5289,#4139,.T.);
#12565=ADVANCED_FACE('',(#12564),#12557,.F.);
#12577=ADVANCED_FACE('',(#12576),#12570,.F.);
#12589=ADVANCED_FACE('',(#12588),#12582,.F.);
#12601=ADVANCED_FACE('',(#12600),#12594,.F.);
#12613=ADVANCED_FACE('',(#12612),#12606,.F.);
#12625=ADVANCED_FACE('',(#12624),#12618,.F.);
#12637=ADVANCED_FACE('',(#12636),#12630,.F.);
#12649=ADVANCED_FACE('',(#12648),#12642,.F.);
#12661=ADVANCED_FACE('',(#12660),#12654,.F.);
#12673=ADVANCED_FACE('',(#12672),#12666,.F.);
#12685=ADVANCED_FACE('',(#12684),#12678,.F.);
#12697=ADVANCED_FACE('',(#12696),#12690,.F.);
#12709=ADVANCED_FACE('',(#12708),#12702,.F.);
#12721=ADVANCED_FACE('',(#12720),#12714,.F.);
#12733=ADVANCED_FACE('',(#12732),#12726,.F.);
#12745=ADVANCED_FACE('',(#12744),#12738,.F.);
#12757=ADVANCED_FACE('',(#12756),#12750,.F.);
#12769=ADVANCED_FACE('',(#12768),#12762,.F.);
#12781=ADVANCED_FACE('',(#12780),#12774,.F.);
#12793=ADVANCED_FACE('',(#12792),#12786,.F.);
#12805=ADVANCED_FACE('',(#12804),#12798,.F.);
#12817=ADVANCED_FACE('',(#12816),#12810,.F.);
#12829=ADVANCED_FACE('',(#12828),#12822,.F.);
#12841=ADVANCED_FACE('',(#12840),#12834,.F.);
#12853=ADVANCED_FACE('',(#12852),#12846,.F.);
#12865=ADVANCED_FACE('',(#12864),#12858,.T.);
#12872=EDGE_CURVE('',#5311,#5319,#4243,.T.);
#12874=EDGE_CURVE('',#5310,#5311,#4247,.T.);
#12879=ADVANCED_FACE('',(#12878),#12870,.T.);
#12887=EDGE_CURVE('',#5307,#5311,#4255,.T.);
#12892=ADVANCED_FACE('',(#12891),#12884,.T.);
#12904=ADVANCED_FACE('',(#12903),#12897,.T.);
#12916=ADVANCED_FACE('',(#12915),#12909,.F.);
#12928=ADVANCED_FACE('',(#12927),#12921,.F.);
#12940=ADVANCED_FACE('',(#12939),#12933,.F.);
#12952=ADVANCED_FACE('',(#12951),#12945,.F.);
#12964=ADVANCED_FACE('',(#12963),#12957,.F.);
#12976=ADVANCED_FACE('',(#12975),#12969,.F.);
#12988=ADVANCED_FACE('',(#12987),#12981,.F.);
#13000=ADVANCED_FACE('',(#12999),#12993,.F.);
#13012=ADVANCED_FACE('',(#13011),#13005,.F.);
#13024=ADVANCED_FACE('',(#13023),#13017,.F.);
#13036=ADVANCED_FACE('',(#13035),#13029,.F.);
#13048=ADVANCED_FACE('',(#13047),#13041,.F.);
#13060=ADVANCED_FACE('',(#13059),#13053,.F.);
#13072=ADVANCED_FACE('',(#13071),#13065,.F.);
#13084=ADVANCED_FACE('',(#13083),#13077,.F.);
#13096=ADVANCED_FACE('',(#13095),#13089,.F.);
#13108=ADVANCED_FACE('',(#13107),#13101,.F.);
#13120=ADVANCED_FACE('',(#13119),#13113,.F.);
#13132=ADVANCED_FACE('',(#13131),#13125,.F.);
#13144=ADVANCED_FACE('',(#13143),#13137,.F.);
#13156=ADVANCED_FACE('',(#13155),#13149,.F.);
#13168=ADVANCED_FACE('',(#13167),#13161,.F.);
#13180=ADVANCED_FACE('',(#13179),#13173,.F.);
#13186=EDGE_CURVE('',#5209,#5194,#4355,.T.);
#13188=EDGE_CURVE('',#5194,#5195,#4371,.T.);
#13190=EDGE_CURVE('',#5211,#5195,#4367,.T.);
#13195=ADVANCED_FACE('',(#13194),#13185,.T.);
#13203=EDGE_CURVE('',#5215,#5199,#4359,.T.);
#13205=EDGE_CURVE('',#5199,#5194,#4375,.T.);
#13209=ADVANCED_FACE('',(#13208),#13200,.T.);
#13215=EDGE_CURVE('',#5213,#5197,#4363,.T.);
#13217=EDGE_CURVE('',#5197,#5199,#4379,.T.);
#13223=ADVANCED_FACE('',(#13222),#13214,.T.);
#13230=EDGE_CURVE('',#5195,#5197,#4383,.T.);
#13236=ADVANCED_FACE('',(#13235),#13228,.T.);
#13248=ADVANCED_FACE('',(#13247),#13241,.T.);
#13254=EDGE_CURVE('',#5202,#5203,#4387,.T.);
#13256=EDGE_CURVE('',#5207,#5202,#4391,.T.);
#13258=EDGE_CURVE('',#5205,#5207,#4395,.T.);
#13260=EDGE_CURVE('',#5203,#5205,#4399,.T.);
#13264=ADVANCED_FACE('',(#13263),#13253,.T.);
#13270=EDGE_CURVE('',#5217,#5202,#4403,.T.);
#13273=EDGE_CURVE('',#5219,#5203,#4415,.T.);
#13278=ADVANCED_FACE('',(#13277),#13269,.T.);
#13286=EDGE_CURVE('',#5223,#5207,#4407,.T.);
#13291=ADVANCED_FACE('',(#13290),#13283,.T.);
#13297=EDGE_CURVE('',#5221,#5205,#4411,.T.);
#13304=ADVANCED_FACE('',(#13303),#13296,.T.);
#13316=ADVANCED_FACE('',(#13315),#13309,.T.);
#13323=EDGE_CURVE('',#5434,#5418,#4419,.T.);
#13325=EDGE_CURVE('',#5418,#5419,#4435,.T.);
#13327=EDGE_CURVE('',#5435,#5419,#4431,.T.);
#13331=ADVANCED_FACE('',(#13330),#13321,.T.);
#13338=EDGE_CURVE('',#5439,#5423,#4423,.T.);
#13340=EDGE_CURVE('',#5423,#5418,#4439,.T.);
#13345=ADVANCED_FACE('',(#13344),#13336,.T.);
#13352=EDGE_CURVE('',#5437,#5421,#4427,.T.);
#13354=EDGE_CURVE('',#5421,#5423,#4443,.T.);
#13359=ADVANCED_FACE('',(#13358),#13350,.T.);
#13367=EDGE_CURVE('',#5419,#5421,#4447,.T.);
#13372=ADVANCED_FACE('',(#13371),#13364,.T.);
#13384=ADVANCED_FACE('',(#13383),#13377,.T.);
#13390=EDGE_CURVE('',#5426,#5427,#4451,.T.);
#13392=EDGE_CURVE('',#5431,#5426,#4455,.T.);
#13394=EDGE_CURVE('',#5429,#5431,#4459,.T.);
#13396=EDGE_CURVE('',#5427,#5429,#4463,.T.);
#13400=ADVANCED_FACE('',(#13399),#13389,.T.);
#13407=EDGE_CURVE('',#5442,#5426,#4467,.T.);
#13410=EDGE_CURVE('',#5443,#5427,#4479,.T.);
#13414=ADVANCED_FACE('',(#13413),#13405,.T.);
#13421=EDGE_CURVE('',#5447,#5431,#4471,.T.);
#13427=ADVANCED_FACE('',(#13426),#13419,.T.);
#13434=EDGE_CURVE('',#5445,#5429,#4475,.T.);
#13440=ADVANCED_FACE('',(#13439),#13432,.T.);
#13452=ADVANCED_FACE('',(#13451),#13445,.T.);
#13459=EDGE_CURVE('',#6322,#6306,#4483,.T.);
#13461=EDGE_CURVE('',#6306,#6307,#4499,.T.);
#13463=EDGE_CURVE('',#6323,#6307,#4495,.T.);
#13467=ADVANCED_FACE('',(#13466),#13457,.T.);
#13474=EDGE_CURVE('',#6327,#6311,#4487,.T.);
#13476=EDGE_CURVE('',#6311,#6306,#4503,.T.);
#13481=ADVANCED_FACE('',(#13480),#13472,.T.);
#13488=EDGE_CURVE('',#6325,#6309,#4491,.T.);
#13490=EDGE_CURVE('',#6309,#6311,#4507,.T.);
#13495=ADVANCED_FACE('',(#13494),#13486,.T.);
#13503=EDGE_CURVE('',#6307,#6309,#4511,.T.);
#13508=ADVANCED_FACE('',(#13507),#13500,.T.);
#13520=ADVANCED_FACE('',(#13519),#13513,.T.);
#13526=EDGE_CURVE('',#6314,#6315,#4515,.T.);
#13528=EDGE_CURVE('',#6319,#6314,#4519,.T.);
#13530=EDGE_CURVE('',#6317,#6319,#4523,.T.);
#13532=EDGE_CURVE('',#6315,#6317,#4527,.T.);
#13536=ADVANCED_FACE('',(#13535),#13525,.T.);
#13543=EDGE_CURVE('',#6330,#6314,#4531,.T.);
#13546=EDGE_CURVE('',#6331,#6315,#4543,.T.);
#13550=ADVANCED_FACE('',(#13549),#13541,.T.);
#13557=EDGE_CURVE('',#6335,#6319,#4535,.T.);
#13563=ADVANCED_FACE('',(#13562),#13555,.T.);
#13570=EDGE_CURVE('',#6333,#6317,#4539,.T.);
#13576=ADVANCED_FACE('',(#13575),#13568,.T.);
#13588=ADVANCED_FACE('',(#13587),#13581,.T.);
#13595=EDGE_CURVE('',#6354,#6338,#4547,.T.);
#13597=EDGE_CURVE('',#6338,#6339,#4563,.T.);
#13599=EDGE_CURVE('',#6355,#6339,#4559,.T.);
#13603=ADVANCED_FACE('',(#13602),#13593,.T.);
#13610=EDGE_CURVE('',#6359,#6343,#4551,.T.);
#13612=EDGE_CURVE('',#6343,#6338,#4567,.T.);
#13617=ADVANCED_FACE('',(#13616),#13608,.T.);
#13624=EDGE_CURVE('',#6357,#6341,#4555,.T.);
#13626=EDGE_CURVE('',#6341,#6343,#4571,.T.);
#13631=ADVANCED_FACE('',(#13630),#13622,.T.);
#13639=EDGE_CURVE('',#6339,#6341,#4575,.T.);
#13644=ADVANCED_FACE('',(#13643),#13636,.T.);
#13656=ADVANCED_FACE('',(#13655),#13649,.T.);
#13662=EDGE_CURVE('',#6346,#6347,#4579,.T.);
#13664=EDGE_CURVE('',#6351,#6346,#4583,.T.);
#13666=EDGE_CURVE('',#6349,#6351,#4587,.T.);
#13668=EDGE_CURVE('',#6347,#6349,#4591,.T.);
#13672=ADVANCED_FACE('',(#13671),#13661,.T.);
#13679=EDGE_CURVE('',#6362,#6346,#4595,.T.);
#13682=EDGE_CURVE('',#6363,#6347,#4607,.T.);
#13686=ADVANCED_FACE('',(#13685),#13677,.T.);
#13693=EDGE_CURVE('',#6367,#6351,#4599,.T.);
#13699=ADVANCED_FACE('',(#13698),#13691,.T.);
#13706=EDGE_CURVE('',#6365,#6349,#4603,.T.);
#13712=ADVANCED_FACE('',(#13711),#13704,.T.);
#13724=ADVANCED_FACE('',(#13723),#13717,.T.);
#13731=EDGE_CURVE('',#6386,#6370,#4611,.T.);
#13733=EDGE_CURVE('',#6370,#6371,#4627,.T.);
#13735=EDGE_CURVE('',#6387,#6371,#4623,.T.);
#13739=ADVANCED_FACE('',(#13738),#13729,.T.);
#13746=EDGE_CURVE('',#6391,#6375,#4615,.T.);
#13748=EDGE_CURVE('',#6375,#6370,#4631,.T.);
#13753=ADVANCED_FACE('',(#13752),#13744,.T.);
#13760=EDGE_CURVE('',#6389,#6373,#4619,.T.);
#13762=EDGE_CURVE('',#6373,#6375,#4635,.T.);
#13767=ADVANCED_FACE('',(#13766),#13758,.T.);
#13775=EDGE_CURVE('',#6371,#6373,#4639,.T.);
#13780=ADVANCED_FACE('',(#13779),#13772,.T.);
#13792=ADVANCED_FACE('',(#13791),#13785,.T.);
#13798=EDGE_CURVE('',#6378,#6379,#4643,.T.);
#13800=EDGE_CURVE('',#6383,#6378,#4647,.T.);
#13802=EDGE_CURVE('',#6381,#6383,#4651,.T.);
#13804=EDGE_CURVE('',#6379,#6381,#4655,.T.);
#13808=ADVANCED_FACE('',(#13807),#13797,.T.);
#13815=EDGE_CURVE('',#6394,#6378,#4659,.T.);
#13818=EDGE_CURVE('',#6395,#6379,#4671,.T.);
#13822=ADVANCED_FACE('',(#13821),#13813,.T.);
#13829=EDGE_CURVE('',#6399,#6383,#4663,.T.);
#13835=ADVANCED_FACE('',(#13834),#13827,.T.);
#13842=EDGE_CURVE('',#6397,#6381,#4667,.T.);
#13848=ADVANCED_FACE('',(#13847),#13840,.T.);
#13860=ADVANCED_FACE('',(#13859),#13853,.T.);
#13867=EDGE_CURVE('',#6418,#6402,#4675,.T.);
#13869=EDGE_CURVE('',#6402,#6403,#4691,.T.);
#13871=EDGE_CURVE('',#6419,#6403,#4687,.T.);
#13875=ADVANCED_FACE('',(#13874),#13865,.T.);
#13882=EDGE_CURVE('',#6423,#6407,#4679,.T.);
#13884=EDGE_CURVE('',#6407,#6402,#4695,.T.);
#13889=ADVANCED_FACE('',(#13888),#13880,.T.);
#13896=EDGE_CURVE('',#6421,#6405,#4683,.T.);
#13898=EDGE_CURVE('',#6405,#6407,#4699,.T.);
#13903=ADVANCED_FACE('',(#13902),#13894,.T.);
#13911=EDGE_CURVE('',#6403,#6405,#4703,.T.);
#13916=ADVANCED_FACE('',(#13915),#13908,.T.);
#13928=ADVANCED_FACE('',(#13927),#13921,.T.);
#13934=EDGE_CURVE('',#6410,#6411,#4707,.T.);
#13936=EDGE_CURVE('',#6415,#6410,#4711,.T.);
#13938=EDGE_CURVE('',#6413,#6415,#4715,.T.);
#13940=EDGE_CURVE('',#6411,#6413,#4719,.T.);
#13944=ADVANCED_FACE('',(#13943),#13933,.T.);
#13951=EDGE_CURVE('',#6426,#6410,#4723,.T.);
#13954=EDGE_CURVE('',#6427,#6411,#4735,.T.);
#13958=ADVANCED_FACE('',(#13957),#13949,.T.);
#13965=EDGE_CURVE('',#6431,#6415,#4727,.T.);
#13971=ADVANCED_FACE('',(#13970),#13963,.T.);
#13978=EDGE_CURVE('',#6429,#6413,#4731,.T.);
#13984=ADVANCED_FACE('',(#13983),#13976,.T.);
#13996=ADVANCED_FACE('',(#13995),#13989,.T.);
#14003=EDGE_CURVE('',#6450,#6434,#4739,.T.);
#14005=EDGE_CURVE('',#6434,#6435,#4755,.T.);
#14007=EDGE_CURVE('',#6451,#6435,#4751,.T.);
#14011=ADVANCED_FACE('',(#14010),#14001,.T.);
#14018=EDGE_CURVE('',#6455,#6439,#4743,.T.);
#14020=EDGE_CURVE('',#6439,#6434,#4759,.T.);
#14025=ADVANCED_FACE('',(#14024),#14016,.T.);
#14032=EDGE_CURVE('',#6453,#6437,#4747,.T.);
#14034=EDGE_CURVE('',#6437,#6439,#4763,.T.);
#14039=ADVANCED_FACE('',(#14038),#14030,.T.);
#14047=EDGE_CURVE('',#6435,#6437,#4767,.T.);
#14052=ADVANCED_FACE('',(#14051),#14044,.T.);
#14064=ADVANCED_FACE('',(#14063),#14057,.T.);
#14070=EDGE_CURVE('',#6442,#6443,#4771,.T.);
#14072=EDGE_CURVE('',#6447,#6442,#4775,.T.);
#14074=EDGE_CURVE('',#6445,#6447,#4779,.T.);
#14076=EDGE_CURVE('',#6443,#6445,#4783,.T.);
#14080=ADVANCED_FACE('',(#14079),#14069,.T.);
#14087=EDGE_CURVE('',#6458,#6442,#4787,.T.);
#14090=EDGE_CURVE('',#6459,#6443,#4799,.T.);
#14094=ADVANCED_FACE('',(#14093),#14085,.T.);
#14101=EDGE_CURVE('',#6463,#6447,#4791,.T.);
#14107=ADVANCED_FACE('',(#14106),#14099,.T.);
#14114=EDGE_CURVE('',#6461,#6445,#4795,.T.);
#14120=ADVANCED_FACE('',(#14119),#14112,.T.);
#14132=ADVANCED_FACE('',(#14131),#14125,.T.);
#14139=EDGE_CURVE('',#6482,#6466,#4803,.T.);
#14141=EDGE_CURVE('',#6466,#6467,#4819,.T.);
#14143=EDGE_CURVE('',#6483,#6467,#4815,.T.);
#14147=ADVANCED_FACE('',(#14146),#14137,.T.);
#14154=EDGE_CURVE('',#6487,#6471,#4807,.T.);
#14156=EDGE_CURVE('',#6471,#6466,#4823,.T.);
#14161=ADVANCED_FACE('',(#14160),#14152,.T.);
#14168=EDGE_CURVE('',#6485,#6469,#4811,.T.);
#14170=EDGE_CURVE('',#6469,#6471,#4827,.T.);
#14175=ADVANCED_FACE('',(#14174),#14166,.T.);
#14183=EDGE_CURVE('',#6467,#6469,#4831,.T.);
#14188=ADVANCED_FACE('',(#14187),#14180,.T.);
#14200=ADVANCED_FACE('',(#14199),#14193,.T.);
#14206=EDGE_CURVE('',#6474,#6475,#4835,.T.);
#14208=EDGE_CURVE('',#6479,#6474,#4839,.T.);
#14210=EDGE_CURVE('',#6477,#6479,#4843,.T.);
#14212=EDGE_CURVE('',#6475,#6477,#4847,.T.);
#14216=ADVANCED_FACE('',(#14215),#14205,.T.);
#14223=EDGE_CURVE('',#6490,#6474,#4851,.T.);
#14226=EDGE_CURVE('',#6491,#6475,#4863,.T.);
#14230=ADVANCED_FACE('',(#14229),#14221,.T.);
#14237=EDGE_CURVE('',#6495,#6479,#4855,.T.);
#14243=ADVANCED_FACE('',(#14242),#14235,.T.);
#14250=EDGE_CURVE('',#6493,#6477,#4859,.T.);
#14256=ADVANCED_FACE('',(#14255),#14248,.T.);
#14268=ADVANCED_FACE('',(#14267),#14261,.T.);
#14275=EDGE_CURVE('',#6514,#6498,#4867,.T.);
#14277=EDGE_CURVE('',#6498,#6499,#4883,.T.);
#14279=EDGE_CURVE('',#6515,#6499,#4879,.T.);
#14283=ADVANCED_FACE('',(#14282),#14273,.T.);
#14290=EDGE_CURVE('',#6519,#6503,#4871,.T.);
#14292=EDGE_CURVE('',#6503,#6498,#4887,.T.);
#14297=ADVANCED_FACE('',(#14296),#14288,.T.);
#14304=EDGE_CURVE('',#6517,#6501,#4875,.T.);
#14306=EDGE_CURVE('',#6501,#6503,#4891,.T.);
#14311=ADVANCED_FACE('',(#14310),#14302,.T.);
#14319=EDGE_CURVE('',#6499,#6501,#4895,.T.);
#14324=ADVANCED_FACE('',(#14323),#14316,.T.);
#14336=ADVANCED_FACE('',(#14335),#14329,.T.);
#14342=EDGE_CURVE('',#6506,#6507,#4899,.T.);
#14344=EDGE_CURVE('',#6511,#6506,#4903,.T.);
#14346=EDGE_CURVE('',#6509,#6511,#4907,.T.);
#14348=EDGE_CURVE('',#6507,#6509,#4911,.T.);
#14352=ADVANCED_FACE('',(#14351),#14341,.T.);
#14359=EDGE_CURVE('',#6522,#6506,#4915,.T.);
#14362=EDGE_CURVE('',#6523,#6507,#4927,.T.);
#14366=ADVANCED_FACE('',(#14365),#14357,.T.);
#14373=EDGE_CURVE('',#6527,#6511,#4919,.T.);
#14379=ADVANCED_FACE('',(#14378),#14371,.T.);
#14386=EDGE_CURVE('',#6525,#6509,#4923,.T.);
#14392=ADVANCED_FACE('',(#14391),#14384,.T.);
#14404=ADVANCED_FACE('',(#14403),#14397,.T.);
#14411=EDGE_CURVE('',#6546,#6530,#4931,.T.);
#14413=EDGE_CURVE('',#6530,#6531,#4947,.T.);
#14415=EDGE_CURVE('',#6547,#6531,#4943,.T.);
#14419=ADVANCED_FACE('',(#14418),#14409,.T.);
#14426=EDGE_CURVE('',#6551,#6535,#4935,.T.);
#14428=EDGE_CURVE('',#6535,#6530,#4951,.T.);
#14433=ADVANCED_FACE('',(#14432),#14424,.T.);
#14440=EDGE_CURVE('',#6549,#6533,#4939,.T.);
#14442=EDGE_CURVE('',#6533,#6535,#4955,.T.);
#14447=ADVANCED_FACE('',(#14446),#14438,.T.);
#14455=EDGE_CURVE('',#6531,#6533,#4959,.T.);
#14460=ADVANCED_FACE('',(#14459),#14452,.T.);
#14472=ADVANCED_FACE('',(#14471),#14465,.T.);
#14478=EDGE_CURVE('',#6538,#6539,#4963,.T.);
#14480=EDGE_CURVE('',#6543,#6538,#4967,.T.);
#14482=EDGE_CURVE('',#6541,#6543,#4971,.T.);
#14484=EDGE_CURVE('',#6539,#6541,#4975,.T.);
#14488=ADVANCED_FACE('',(#14487),#14477,.T.);
#14495=EDGE_CURVE('',#6554,#6538,#4979,.T.);
#14498=EDGE_CURVE('',#6555,#6539,#4991,.T.);
#14502=ADVANCED_FACE('',(#14501),#14493,.T.);
#14509=EDGE_CURVE('',#6559,#6543,#4983,.T.);
#14515=ADVANCED_FACE('',(#14514),#14507,.T.);
#14522=EDGE_CURVE('',#6557,#6541,#4987,.T.);
#14528=ADVANCED_FACE('',(#14527),#14520,.T.);
#14540=ADVANCED_FACE('',(#14539),#14533,.T.);
#14547=EDGE_CURVE('',#6578,#6562,#4995,.T.);
#14549=EDGE_CURVE('',#6562,#6563,#5011,.T.);
#14551=EDGE_CURVE('',#6579,#6563,#5007,.T.);
#14555=ADVANCED_FACE('',(#14554),#14545,.T.);
#14562=EDGE_CURVE('',#6583,#6567,#4999,.T.);
#14564=EDGE_CURVE('',#6567,#6562,#5015,.T.);
#14569=ADVANCED_FACE('',(#14568),#14560,.T.);
#14576=EDGE_CURVE('',#6581,#6565,#5003,.T.);
#14578=EDGE_CURVE('',#6565,#6567,#5019,.T.);
#14583=ADVANCED_FACE('',(#14582),#14574,.T.);
#14591=EDGE_CURVE('',#6563,#6565,#5023,.T.);
#14596=ADVANCED_FACE('',(#14595),#14588,.T.);
#14608=ADVANCED_FACE('',(#14607),#14601,.T.);
#14614=EDGE_CURVE('',#6570,#6571,#5027,.T.);
#14616=EDGE_CURVE('',#6575,#6570,#5031,.T.);
#14618=EDGE_CURVE('',#6573,#6575,#5035,.T.);
#14620=EDGE_CURVE('',#6571,#6573,#5039,.T.);
#14624=ADVANCED_FACE('',(#14623),#14613,.T.);
#14631=EDGE_CURVE('',#6586,#6570,#5043,.T.);
#14634=EDGE_CURVE('',#6587,#6571,#5055,.T.);
#14638=ADVANCED_FACE('',(#14637),#14629,.T.);
#14645=EDGE_CURVE('',#6591,#6575,#5047,.T.);
#14651=ADVANCED_FACE('',(#14650),#14643,.T.);
#14658=EDGE_CURVE('',#6589,#6573,#5051,.T.);
#14664=ADVANCED_FACE('',(#14663),#14656,.T.);
#14676=ADVANCED_FACE('',(#14675),#14669,.T.);
#14683=EDGE_CURVE('',#6610,#6594,#5059,.T.);
#14685=EDGE_CURVE('',#6594,#6595,#5075,.T.);
#14687=EDGE_CURVE('',#6611,#6595,#5071,.T.);
#14691=ADVANCED_FACE('',(#14690),#14681,.T.);
#14698=EDGE_CURVE('',#6615,#6599,#5063,.T.);
#14700=EDGE_CURVE('',#6599,#6594,#5079,.T.);
#14705=ADVANCED_FACE('',(#14704),#14696,.T.);
#14712=EDGE_CURVE('',#6613,#6597,#5067,.T.);
#14714=EDGE_CURVE('',#6597,#6599,#5083,.T.);
#14719=ADVANCED_FACE('',(#14718),#14710,.T.);
#14727=EDGE_CURVE('',#6595,#6597,#5087,.T.);
#14732=ADVANCED_FACE('',(#14731),#14724,.T.);
#14744=ADVANCED_FACE('',(#14743),#14737,.T.);
#14750=EDGE_CURVE('',#6602,#6603,#5091,.T.);
#14752=EDGE_CURVE('',#6607,#6602,#5095,.T.);
#14754=EDGE_CURVE('',#6605,#6607,#5099,.T.);
#14756=EDGE_CURVE('',#6603,#6605,#5103,.T.);
#14760=ADVANCED_FACE('',(#14759),#14749,.T.);
#14767=EDGE_CURVE('',#6618,#6602,#5107,.T.);
#14770=EDGE_CURVE('',#6619,#6603,#5119,.T.);
#14774=ADVANCED_FACE('',(#14773),#14765,.T.);
#14781=EDGE_CURVE('',#6623,#6607,#5111,.T.);
#14787=ADVANCED_FACE('',(#14786),#14779,.T.);
#14794=EDGE_CURVE('',#6621,#6605,#5115,.T.);
#14800=ADVANCED_FACE('',(#14799),#14792,.T.);
#14812=ADVANCED_FACE('',(#14811),#14805,.T.);
#14815=(LENGTH_UNIT()NAMED_UNIT(*)SI_UNIT(.MILLI.,.METRE.));
#14816=(NAMED_UNIT(*)PLANE_ANGLE_UNIT()SI_UNIT($,.RADIAN.));
#14819=(NAMED_UNIT(*)SI_UNIT($,.STERADIAN.)SOLID_ANGLE_UNIT());
#14821=(GEOMETRIC_REPRESENTATION_CONTEXT(3)GLOBAL_UNCERTAINTY_ASSIGNED_CONTEXT((
#14820))GLOBAL_UNIT_ASSIGNED_CONTEXT((#14815,#14818,#14819))REPRESENTATION_CONTEXT('ID1','3'));
#14822=ADVANCED_BREP_SHAPE_REPRESENTATION('',(#14814),#14821);
#14829=PRODUCT_DEFINITION('part definition','',#14828,#14825);
#14830=PRODUCT_DEFINITION_SHAPE('','SHAPE FOR C-4-1775099-8.',#14829);
#14831=SHAPE_ASPECT('','solid data associated with C-4-1775099-8',#14830,.F.);
#14832=PROPERTY_DEFINITION('',
'shape for solid data with which properties are associated',#14831);
#14833=SHAPE_REPRESENTATION('',(#14814),#14821);
#14834=SHAPE_DEFINITION_REPRESENTATION(#14832,#14833);
#14835=(LENGTH_UNIT()NAMED_UNIT(*)SI_UNIT(.MILLI.,.METRE.));
#14839=PROPERTY_DEFINITION('geometric validation property',
'area of C-4-1775099-8',#14831);
#14840=REPRESENTATION('surface area',(#14838),#14821);
#14841=PROPERTY_DEFINITION_REPRESENTATION(#14839,#14840);
#14842=(LENGTH_UNIT()NAMED_UNIT(*)SI_UNIT(.MILLI.,.METRE.));
#14846=PROPERTY_DEFINITION('geometric validation property',
'volume of C-4-1775099-8',#14831);
#14847=REPRESENTATION('volume',(#14845),#14821);
#14848=PROPERTY_DEFINITION_REPRESENTATION(#14846,#14847);
#14850=PROPERTY_DEFINITION('geometric validation property',
'centroid of C-4-1775099-8',#14831);
#14851=REPRESENTATION('centroid',(#14849),#14821);
#14852=PROPERTY_DEFINITION_REPRESENTATION(#14850,#14851);
#14853=(LENGTH_UNIT()NAMED_UNIT(*)SI_UNIT(.MILLI.,.METRE.));
#14857=PROPERTY_DEFINITION('geometric validation property',
'area of C-4-1775099-8',#14830);
#14858=REPRESENTATION('surface area',(#14856),#14821);
#14859=PROPERTY_DEFINITION_REPRESENTATION(#14857,#14858);
#14860=(LENGTH_UNIT()NAMED_UNIT(*)SI_UNIT(.MILLI.,.METRE.));
#14864=PROPERTY_DEFINITION('geometric validation property',
'volume of C-4-1775099-8',#14830);
#14865=REPRESENTATION('volume',(#14863),#14821);
#14866=PROPERTY_DEFINITION_REPRESENTATION(#14864,#14865);
#14868=PROPERTY_DEFINITION('geometric validation property',
'centroid of C-4-1775099-8',#14830);
#14869=REPRESENTATION('centroid',(#14867),#14821);
#14870=PROPERTY_DEFINITION_REPRESENTATION(#14868,#14869);
#14871=SHAPE_DEFINITION_REPRESENTATION(#14830,#14822);
ENDSEC;
END-ISO-10303-21;
