ISO-10303-21;
HEADER;
FILE_DESCRIPTION((''),'2;1');
FILE_NAME('C-2-1775099-0','2018-09-25T',('workeradm'),('TE Connectivity Ltd.'),
'CREO PARAMETRIC BY PTC INC, 2016050','CREO PARAMETRIC BY PTC INC, 2016050','');
FILE_SCHEMA(('AUTOMOTIVE_DESIGN { 1 0 10303 214 1 1 1 1 }'));
ENDSEC;
DATA;
#2=DIRECTION('',(-1.E0,0.E0,0.E0));
#3=VECTOR('',#2,2.2E0);
#4=CARTESIAN_POINT('',(1.1E0,-3.975E0,-1.28E1));
#5=LINE('',#4,#3);
#6=DIRECTION('',(0.E0,1.E0,0.E0));
#7=VECTOR('',#6,8.25E-1);
#8=CARTESIAN_POINT('',(-1.1E0,-4.8E0,-1.28E1));
#9=LINE('',#8,#7);
#10=DIRECTION('',(1.E0,0.E0,0.E0));
#11=VECTOR('',#10,2.2E0);
#12=CARTESIAN_POINT('',(-1.1E0,-4.8E0,-1.28E1));
#13=LINE('',#12,#11);
#14=DIRECTION('',(0.E0,1.E0,0.E0));
#15=VECTOR('',#14,8.25E-1);
#16=CARTESIAN_POINT('',(1.1E0,-4.8E0,-1.28E1));
#17=LINE('',#16,#15);
#18=DIRECTION('',(0.E0,-1.E0,0.E0));
#19=VECTOR('',#18,8.25E-1);
#20=CARTESIAN_POINT('',(-1.1E0,4.8E0,-1.28E1));
#21=LINE('',#20,#19);
#22=DIRECTION('',(1.E0,0.E0,0.E0));
#23=VECTOR('',#22,2.2E0);
#24=CARTESIAN_POINT('',(-1.1E0,3.975E0,-1.28E1));
#25=LINE('',#24,#23);
#26=DIRECTION('',(0.E0,-1.E0,0.E0));
#27=VECTOR('',#26,8.25E-1);
#28=CARTESIAN_POINT('',(1.1E0,4.8E0,-1.28E1));
#29=LINE('',#28,#27);
#30=DIRECTION('',(-1.E0,0.E0,0.E0));
#31=VECTOR('',#30,2.2E0);
#32=CARTESIAN_POINT('',(1.1E0,4.8E0,-1.28E1));
#33=LINE('',#32,#31);
#34=DIRECTION('',(0.E0,-1.E0,0.E0));
#35=VECTOR('',#34,2.E0);
#36=CARTESIAN_POINT('',(-4.75E0,4.8E0,-1.28E1));
#37=LINE('',#36,#35);
#38=CARTESIAN_POINT('',(-4.75E0,2.45E0,-1.28E1));
#39=DIRECTION('',(0.E0,0.E0,1.E0));
#40=DIRECTION('',(0.E0,1.E0,0.E0));
#41=AXIS2_PLACEMENT_3D('',#38,#39,#40);
#43=DIRECTION('',(0.E0,-1.E0,0.E0));
#44=VECTOR('',#43,6.9E0);
#45=CARTESIAN_POINT('',(-4.75E0,2.1E0,-1.28E1));
#46=LINE('',#45,#44);
#47=DIRECTION('',(1.E0,0.E0,0.E0));
#48=VECTOR('',#47,1.65E0);
#49=CARTESIAN_POINT('',(-4.75E0,-4.8E0,-1.28E1));
#50=LINE('',#49,#48);
#51=DIRECTION('',(0.E0,1.E0,0.E0));
#52=VECTOR('',#51,8.25E-1);
#53=CARTESIAN_POINT('',(-3.1E0,-4.8E0,-1.28E1));
#54=LINE('',#53,#52);
#55=DIRECTION('',(-1.E0,0.E0,0.E0));
#56=VECTOR('',#55,9.E-1);
#57=CARTESIAN_POINT('',(-3.1E0,-3.975E0,-1.28E1));
#58=LINE('',#57,#56);
#59=DIRECTION('',(0.E0,1.E0,0.E0));
#60=VECTOR('',#59,3.75E0);
#61=CARTESIAN_POINT('',(-4.E0,-3.975E0,-1.28E1));
#62=LINE('',#61,#60);
#63=DIRECTION('',(1.E0,0.E0,0.E0));
#64=VECTOR('',#63,8.E0);
#65=CARTESIAN_POINT('',(-4.E0,-2.25E-1,-1.28E1));
#66=LINE('',#65,#64);
#67=DIRECTION('',(0.E0,-1.E0,0.E0));
#68=VECTOR('',#67,3.75E0);
#69=CARTESIAN_POINT('',(4.E0,-2.25E-1,-1.28E1));
#70=LINE('',#69,#68);
#71=DIRECTION('',(-1.E0,0.E0,0.E0));
#72=VECTOR('',#71,9.E-1);
#73=CARTESIAN_POINT('',(4.E0,-3.975E0,-1.28E1));
#74=LINE('',#73,#72);
#75=DIRECTION('',(0.E0,1.E0,0.E0));
#76=VECTOR('',#75,8.25E-1);
#77=CARTESIAN_POINT('',(3.1E0,-4.8E0,-1.28E1));
#78=LINE('',#77,#76);
#79=DIRECTION('',(1.E0,0.E0,0.E0));
#80=VECTOR('',#79,1.65E0);
#81=CARTESIAN_POINT('',(3.1E0,-4.8E0,-1.28E1));
#82=LINE('',#81,#80);
#83=DIRECTION('',(0.E0,1.E0,0.E0));
#84=VECTOR('',#83,9.6E0);
#85=CARTESIAN_POINT('',(4.75E0,-4.8E0,-1.28E1));
#86=LINE('',#85,#84);
#87=DIRECTION('',(-1.E0,0.E0,0.E0));
#88=VECTOR('',#87,1.65E0);
#89=CARTESIAN_POINT('',(4.75E0,4.8E0,-1.28E1));
#90=LINE('',#89,#88);
#91=DIRECTION('',(0.E0,-1.E0,0.E0));
#92=VECTOR('',#91,8.25E-1);
#93=CARTESIAN_POINT('',(3.1E0,4.8E0,-1.28E1));
#94=LINE('',#93,#92);
#95=DIRECTION('',(1.E0,0.E0,0.E0));
#96=VECTOR('',#95,9.E-1);
#97=CARTESIAN_POINT('',(3.1E0,3.975E0,-1.28E1));
#98=LINE('',#97,#96);
#99=DIRECTION('',(0.E0,-1.E0,0.E0));
#100=VECTOR('',#99,3.75E0);
#101=CARTESIAN_POINT('',(4.E0,3.975E0,-1.28E1));
#102=LINE('',#101,#100);
#103=DIRECTION('',(-1.E0,0.E0,0.E0));
#104=VECTOR('',#103,8.E0);
#105=CARTESIAN_POINT('',(4.E0,2.25E-1,-1.28E1));
#106=LINE('',#105,#104);
#107=DIRECTION('',(0.E0,1.E0,0.E0));
#108=VECTOR('',#107,3.75E0);
#109=CARTESIAN_POINT('',(-4.E0,2.25E-1,-1.28E1));
#110=LINE('',#109,#108);
#111=DIRECTION('',(1.E0,0.E0,0.E0));
#112=VECTOR('',#111,9.E-1);
#113=CARTESIAN_POINT('',(-4.E0,3.975E0,-1.28E1));
#114=LINE('',#113,#112);
#115=DIRECTION('',(0.E0,-1.E0,0.E0));
#116=VECTOR('',#115,8.25E-1);
#117=CARTESIAN_POINT('',(-3.1E0,4.8E0,-1.28E1));
#118=LINE('',#117,#116);
#119=DIRECTION('',(-1.E0,0.E0,0.E0));
#120=VECTOR('',#119,1.65E0);
#121=CARTESIAN_POINT('',(-3.1E0,4.8E0,-1.28E1));
#122=LINE('',#121,#120);
#123=DIRECTION('',(0.E0,0.E0,1.E0));
#124=VECTOR('',#123,1.E0);
#125=CARTESIAN_POINT('',(4.E0,-3.975E0,-1.28E1));
#126=LINE('',#125,#124);
#127=DIRECTION('',(0.E0,0.E0,1.E0));
#128=VECTOR('',#127,1.E0);
#129=CARTESIAN_POINT('',(4.E0,-2.25E-1,-1.28E1));
#130=LINE('',#129,#128);
#131=DIRECTION('',(0.E0,0.E0,1.E0));
#132=VECTOR('',#131,1.E0);
#133=CARTESIAN_POINT('',(-4.E0,-2.25E-1,-1.28E1));
#134=LINE('',#133,#132);
#135=DIRECTION('',(0.E0,0.E0,1.E0));
#136=VECTOR('',#135,1.E0);
#137=CARTESIAN_POINT('',(-4.E0,-3.975E0,-1.28E1));
#138=LINE('',#137,#136);
#139=DIRECTION('',(-1.E0,0.E0,0.E0));
#140=VECTOR('',#139,2.2E0);
#141=CARTESIAN_POINT('',(1.1E0,-3.975E0,-1.18E1));
#142=LINE('',#141,#140);
#143=DIRECTION('',(0.E0,1.E0,0.E0));
#144=VECTOR('',#143,8.25E-1);
#145=CARTESIAN_POINT('',(1.1E0,-4.8E0,-1.18E1));
#146=LINE('',#145,#144);
#147=DIRECTION('',(0.E0,-1.E0,0.E0));
#148=VECTOR('',#147,8.25E-1);
#149=CARTESIAN_POINT('',(3.1E0,-3.975E0,-1.18E1));
#150=LINE('',#149,#148);
#151=DIRECTION('',(-1.E0,0.E0,0.E0));
#152=VECTOR('',#151,9.E-1);
#153=CARTESIAN_POINT('',(4.E0,-3.975E0,-1.18E1));
#154=LINE('',#153,#152);
#155=DIRECTION('',(0.E0,-1.E0,0.E0));
#156=VECTOR('',#155,3.75E0);
#157=CARTESIAN_POINT('',(4.E0,-2.25E-1,-1.18E1));
#158=LINE('',#157,#156);
#159=DIRECTION('',(1.E0,0.E0,0.E0));
#160=VECTOR('',#159,8.E0);
#161=CARTESIAN_POINT('',(-4.E0,-2.25E-1,-1.18E1));
#162=LINE('',#161,#160);
#163=DIRECTION('',(0.E0,1.E0,0.E0));
#164=VECTOR('',#163,3.75E0);
#165=CARTESIAN_POINT('',(-4.E0,-3.975E0,-1.18E1));
#166=LINE('',#165,#164);
#167=DIRECTION('',(-1.E0,0.E0,0.E0));
#168=VECTOR('',#167,9.E-1);
#169=CARTESIAN_POINT('',(-3.1E0,-3.975E0,-1.18E1));
#170=LINE('',#169,#168);
#171=DIRECTION('',(0.E0,1.E0,0.E0));
#172=VECTOR('',#171,8.25E-1);
#173=CARTESIAN_POINT('',(-3.1E0,-4.8E0,-1.18E1));
#174=LINE('',#173,#172);
#175=DIRECTION('',(0.E0,-1.E0,0.E0));
#176=VECTOR('',#175,8.25E-1);
#177=CARTESIAN_POINT('',(-1.1E0,-3.975E0,-1.18E1));
#178=LINE('',#177,#176);
#179=DIRECTION('',(1.E0,0.E0,0.E0));
#180=VECTOR('',#179,9.E-1);
#181=CARTESIAN_POINT('',(3.1E0,3.975E0,-1.18E1));
#182=LINE('',#181,#180);
#183=DIRECTION('',(0.E0,-1.E0,0.E0));
#184=VECTOR('',#183,8.25E-1);
#185=CARTESIAN_POINT('',(3.1E0,4.8E0,-1.18E1));
#186=LINE('',#185,#184);
#187=DIRECTION('',(0.E0,1.E0,0.E0));
#188=VECTOR('',#187,8.25E-1);
#189=CARTESIAN_POINT('',(1.1E0,3.975E0,-1.18E1));
#190=LINE('',#189,#188);
#191=DIRECTION('',(1.E0,0.E0,0.E0));
#192=VECTOR('',#191,2.2E0);
#193=CARTESIAN_POINT('',(-1.1E0,3.975E0,-1.18E1));
#194=LINE('',#193,#192);
#195=DIRECTION('',(0.E0,-1.E0,0.E0));
#196=VECTOR('',#195,8.25E-1);
#197=CARTESIAN_POINT('',(-1.1E0,4.8E0,-1.18E1));
#198=LINE('',#197,#196);
#199=DIRECTION('',(0.E0,1.E0,0.E0));
#200=VECTOR('',#199,8.25E-1);
#201=CARTESIAN_POINT('',(-3.1E0,3.975E0,-1.18E1));
#202=LINE('',#201,#200);
#203=DIRECTION('',(1.E0,0.E0,0.E0));
#204=VECTOR('',#203,9.E-1);
#205=CARTESIAN_POINT('',(-4.E0,3.975E0,-1.18E1));
#206=LINE('',#205,#204);
#207=DIRECTION('',(0.E0,1.E0,0.E0));
#208=VECTOR('',#207,3.75E0);
#209=CARTESIAN_POINT('',(-4.E0,2.25E-1,-1.18E1));
#210=LINE('',#209,#208);
#211=DIRECTION('',(-1.E0,0.E0,0.E0));
#212=VECTOR('',#211,8.E0);
#213=CARTESIAN_POINT('',(4.E0,2.25E-1,-1.18E1));
#214=LINE('',#213,#212);
#215=DIRECTION('',(0.E0,-1.E0,0.E0));
#216=VECTOR('',#215,3.75E0);
#217=CARTESIAN_POINT('',(4.E0,3.975E0,-1.18E1));
#218=LINE('',#217,#216);
#219=DIRECTION('',(0.E0,1.E0,0.E0));
#220=VECTOR('',#219,5.5E-1);
#221=CARTESIAN_POINT('',(-2.67E0,-3.025E0,-1.18E1));
#222=LINE('',#221,#220);
#223=DIRECTION('',(1.E0,0.E0,0.E0));
#224=VECTOR('',#223,1.14E0);
#225=CARTESIAN_POINT('',(-2.67E0,-2.475E0,-1.18E1));
#226=LINE('',#225,#224);
#227=DIRECTION('',(0.E0,-1.E0,0.E0));
#228=VECTOR('',#227,5.5E-1);
#229=CARTESIAN_POINT('',(-1.53E0,-2.475E0,-1.18E1));
#230=LINE('',#229,#228);
#231=DIRECTION('',(-1.E0,0.E0,0.E0));
#232=VECTOR('',#231,1.14E0);
#233=CARTESIAN_POINT('',(-1.53E0,-3.025E0,-1.18E1));
#234=LINE('',#233,#232);
#235=DIRECTION('',(1.E0,0.E0,0.E0));
#236=VECTOR('',#235,1.14E0);
#237=CARTESIAN_POINT('',(-2.67E0,3.025E0,-1.18E1));
#238=LINE('',#237,#236);
#239=DIRECTION('',(0.E0,-1.E0,0.E0));
#240=VECTOR('',#239,5.5E-1);
#241=CARTESIAN_POINT('',(-1.53E0,3.025E0,-1.18E1));
#242=LINE('',#241,#240);
#243=DIRECTION('',(-1.E0,0.E0,0.E0));
#244=VECTOR('',#243,1.14E0);
#245=CARTESIAN_POINT('',(-1.53E0,2.475E0,-1.18E1));
#246=LINE('',#245,#244);
#247=DIRECTION('',(0.E0,1.E0,0.E0));
#248=VECTOR('',#247,5.5E-1);
#249=CARTESIAN_POINT('',(-2.67E0,2.475E0,-1.18E1));
#250=LINE('',#249,#248);
#251=DIRECTION('',(0.E0,1.E0,0.E0));
#252=VECTOR('',#251,5.5E-1);
#253=CARTESIAN_POINT('',(1.53E0,-3.025E0,-1.18E1));
#254=LINE('',#253,#252);
#255=DIRECTION('',(1.E0,0.E0,0.E0));
#256=VECTOR('',#255,1.14E0);
#257=CARTESIAN_POINT('',(1.53E0,-2.475E0,-1.18E1));
#258=LINE('',#257,#256);
#259=DIRECTION('',(0.E0,-1.E0,0.E0));
#260=VECTOR('',#259,5.5E-1);
#261=CARTESIAN_POINT('',(2.67E0,-2.475E0,-1.18E1));
#262=LINE('',#261,#260);
#263=DIRECTION('',(-1.E0,0.E0,0.E0));
#264=VECTOR('',#263,1.14E0);
#265=CARTESIAN_POINT('',(2.67E0,-3.025E0,-1.18E1));
#266=LINE('',#265,#264);
#267=DIRECTION('',(1.E0,0.E0,0.E0));
#268=VECTOR('',#267,1.14E0);
#269=CARTESIAN_POINT('',(1.53E0,3.025E0,-1.18E1));
#270=LINE('',#269,#268);
#271=DIRECTION('',(0.E0,-1.E0,0.E0));
#272=VECTOR('',#271,5.5E-1);
#273=CARTESIAN_POINT('',(2.67E0,3.025E0,-1.18E1));
#274=LINE('',#273,#272);
#275=DIRECTION('',(-1.E0,0.E0,0.E0));
#276=VECTOR('',#275,1.14E0);
#277=CARTESIAN_POINT('',(2.67E0,2.475E0,-1.18E1));
#278=LINE('',#277,#276);
#279=DIRECTION('',(0.E0,1.E0,0.E0));
#280=VECTOR('',#279,5.5E-1);
#281=CARTESIAN_POINT('',(1.53E0,2.475E0,-1.18E1));
#282=LINE('',#281,#280);
#283=DIRECTION('',(0.E0,0.E0,-1.E0));
#284=VECTOR('',#283,1.E0);
#285=CARTESIAN_POINT('',(1.1E0,-3.975E0,-1.18E1));
#286=LINE('',#285,#284);
#287=DIRECTION('',(0.E0,0.E0,-1.E0));
#288=VECTOR('',#287,3.2E0);
#289=CARTESIAN_POINT('',(-1.7E0,-4.8E0,0.E0));
#290=LINE('',#289,#288);
#291=DIRECTION('',(1.E0,0.E0,0.E0));
#292=VECTOR('',#291,3.4E0);
#293=CARTESIAN_POINT('',(-1.7E0,-4.8E0,-3.2E0));
#294=LINE('',#293,#292);
#295=DIRECTION('',(0.E0,0.E0,-1.E0));
#296=VECTOR('',#295,3.2E0);
#297=CARTESIAN_POINT('',(1.7E0,-4.8E0,0.E0));
#298=LINE('',#297,#296);
#299=DIRECTION('',(0.E0,0.E0,1.E0));
#300=VECTOR('',#299,1.E0);
#301=CARTESIAN_POINT('',(3.1E0,-4.8E0,-1.28E1));
#302=LINE('',#301,#300);
#303=DIRECTION('',(1.E0,0.E0,0.E0));
#304=VECTOR('',#303,2.E0);
#305=CARTESIAN_POINT('',(1.1E0,-4.8E0,-1.18E1));
#306=LINE('',#305,#304);
#307=DIRECTION('',(0.E0,0.E0,1.E0));
#308=VECTOR('',#307,1.E0);
#309=CARTESIAN_POINT('',(1.1E0,-4.8E0,-1.28E1));
#310=LINE('',#309,#308);
#311=DIRECTION('',(0.E0,0.E0,1.E0));
#312=VECTOR('',#311,1.E0);
#313=CARTESIAN_POINT('',(-1.1E0,-4.8E0,-1.28E1));
#314=LINE('',#313,#312);
#315=DIRECTION('',(1.E0,0.E0,0.E0));
#316=VECTOR('',#315,2.E0);
#317=CARTESIAN_POINT('',(-3.1E0,-4.8E0,-1.18E1));
#318=LINE('',#317,#316);
#319=DIRECTION('',(0.E0,0.E0,1.E0));
#320=VECTOR('',#319,1.E0);
#321=CARTESIAN_POINT('',(-3.1E0,-4.8E0,-1.28E1));
#322=LINE('',#321,#320);
#323=DIRECTION('',(0.E0,0.E0,1.E0));
#324=VECTOR('',#323,1.28E1);
#325=CARTESIAN_POINT('',(-4.75E0,-4.8E0,-1.28E1));
#326=LINE('',#325,#324);
#327=DIRECTION('',(0.E0,-4.687158068994E-1,-8.833490206949E-1));
#328=VECTOR('',#327,2.773535649672E0);
#329=CARTESIAN_POINT('',(-1.7E0,-4.8E0,0.E0));
#330=LINE('',#329,#328);
#331=DIRECTION('',(0.E0,0.E0,-1.E0));
#332=VECTOR('',#331,7.5E-1);
#333=CARTESIAN_POINT('',(-1.7E0,-6.1E0,-2.45E0));
#334=LINE('',#333,#332);
#335=DIRECTION('',(0.E0,1.E0,0.E0));
#336=VECTOR('',#335,1.3E0);
#337=CARTESIAN_POINT('',(-1.7E0,-6.1E0,-3.2E0));
#338=LINE('',#337,#336);
#339=DIRECTION('',(0.E0,-1.E0,0.E0));
#340=VECTOR('',#339,3.75E0);
#341=CARTESIAN_POINT('',(-4.E0,3.975E0,0.E0));
#342=LINE('',#341,#340);
#343=DIRECTION('',(1.E0,0.E0,0.E0));
#344=VECTOR('',#343,3.8E0);
#345=CARTESIAN_POINT('',(-4.E0,2.25E-1,0.E0));
#346=LINE('',#345,#344);
#347=DIRECTION('',(0.E0,1.E0,0.E0));
#348=VECTOR('',#347,3.75E0);
#349=CARTESIAN_POINT('',(-2.E-1,2.25E-1,0.E0));
#350=LINE('',#349,#348);
#351=DIRECTION('',(-1.E0,0.E0,0.E0));
#352=VECTOR('',#351,3.8E0);
#353=CARTESIAN_POINT('',(-2.E-1,3.975E0,0.E0));
#354=LINE('',#353,#352);
#355=DIRECTION('',(1.E0,0.E0,0.E0));
#356=VECTOR('',#355,3.8E0);
#357=CARTESIAN_POINT('',(2.E-1,-3.975E0,0.E0));
#358=LINE('',#357,#356);
#359=DIRECTION('',(0.E0,1.E0,0.E0));
#360=VECTOR('',#359,3.75E0);
#361=CARTESIAN_POINT('',(4.E0,-3.975E0,0.E0));
#362=LINE('',#361,#360);
#363=DIRECTION('',(-1.E0,0.E0,0.E0));
#364=VECTOR('',#363,3.8E0);
#365=CARTESIAN_POINT('',(4.E0,-2.25E-1,0.E0));
#366=LINE('',#365,#364);
#367=DIRECTION('',(0.E0,-1.E0,0.E0));
#368=VECTOR('',#367,3.75E0);
#369=CARTESIAN_POINT('',(2.E-1,-2.25E-1,0.E0));
#370=LINE('',#369,#368);
#371=DIRECTION('',(-1.E0,0.E0,0.E0));
#372=VECTOR('',#371,1.8E0);
#373=CARTESIAN_POINT('',(-1.2E0,-2.25E-1,0.E0));
#374=LINE('',#373,#372);
#375=DIRECTION('',(0.E0,-1.E0,0.E0));
#376=VECTOR('',#375,2.75E0);
#377=CARTESIAN_POINT('',(-4.E0,-1.225E0,0.E0));
#378=LINE('',#377,#376);
#379=DIRECTION('',(1.E0,0.E0,0.E0));
#380=VECTOR('',#379,3.8E0);
#381=CARTESIAN_POINT('',(-4.E0,-3.975E0,0.E0));
#382=LINE('',#381,#380);
#383=DIRECTION('',(0.E0,1.E0,0.E0));
#384=VECTOR('',#383,2.75E0);
#385=CARTESIAN_POINT('',(-2.E-1,-3.975E0,0.E0));
#386=LINE('',#385,#384);
#387=DIRECTION('',(0.E0,1.E0,0.E0));
#388=VECTOR('',#387,2.75E0);
#389=CARTESIAN_POINT('',(4.E0,2.25E-1,0.E0));
#390=LINE('',#389,#388);
#391=DIRECTION('',(-1.E0,0.E0,0.E0));
#392=VECTOR('',#391,1.8E0);
#393=CARTESIAN_POINT('',(3.E0,3.975E0,0.E0));
#394=LINE('',#393,#392);
#395=DIRECTION('',(0.E0,-1.E0,0.E0));
#396=VECTOR('',#395,2.75E0);
#397=CARTESIAN_POINT('',(2.E-1,2.975E0,0.E0));
#398=LINE('',#397,#396);
#399=DIRECTION('',(1.E0,0.E0,0.E0));
#400=VECTOR('',#399,3.8E0);
#401=CARTESIAN_POINT('',(2.E-1,2.25E-1,0.E0));
#402=LINE('',#401,#400);
#403=DIRECTION('',(0.E0,-1.E0,0.E0));
#404=VECTOR('',#403,6.9E0);
#405=CARTESIAN_POINT('',(-4.75E0,2.1E0,0.E0));
#406=LINE('',#405,#404);
#407=CARTESIAN_POINT('',(-4.75E0,2.45E0,0.E0));
#408=DIRECTION('',(0.E0,0.E0,1.E0));
#409=DIRECTION('',(0.E0,1.E0,0.E0));
#410=AXIS2_PLACEMENT_3D('',#407,#408,#409);
#412=DIRECTION('',(0.E0,-1.E0,0.E0));
#413=VECTOR('',#412,2.E0);
#414=CARTESIAN_POINT('',(-4.75E0,4.8E0,0.E0));
#415=LINE('',#414,#413);
#416=DIRECTION('',(-1.E0,0.E0,0.E0));
#417=VECTOR('',#416,9.5E0);
#418=CARTESIAN_POINT('',(4.75E0,4.8E0,0.E0));
#419=LINE('',#418,#417);
#420=DIRECTION('',(0.E0,1.E0,0.E0));
#421=VECTOR('',#420,9.6E0);
#422=CARTESIAN_POINT('',(4.75E0,-4.8E0,0.E0));
#423=LINE('',#422,#421);
#424=DIRECTION('',(1.E0,0.E0,0.E0));
#425=VECTOR('',#424,3.05E0);
#426=CARTESIAN_POINT('',(1.7E0,-4.8E0,0.E0));
#427=LINE('',#426,#425);
#428=DIRECTION('',(1.E0,0.E0,0.E0));
#429=VECTOR('',#428,3.4E0);
#430=CARTESIAN_POINT('',(-1.7E0,-4.8E0,0.E0));
#431=LINE('',#430,#429);
#432=DIRECTION('',(1.E0,0.E0,0.E0));
#433=VECTOR('',#432,3.05E0);
#434=CARTESIAN_POINT('',(-4.75E0,-4.8E0,0.E0));
#435=LINE('',#434,#433);
#436=DIRECTION('',(0.E0,0.E0,-1.E0));
#437=VECTOR('',#436,9.05E0);
#438=CARTESIAN_POINT('',(-4.E0,3.975E0,0.E0));
#439=LINE('',#438,#437);
#440=DIRECTION('',(0.E0,0.E0,-1.E0));
#441=VECTOR('',#440,9.05E0);
#442=CARTESIAN_POINT('',(-2.E-1,3.975E0,0.E0));
#443=LINE('',#442,#441);
#444=DIRECTION('',(0.E0,0.E0,-1.E0));
#445=VECTOR('',#444,9.05E0);
#446=CARTESIAN_POINT('',(-2.E-1,2.25E-1,0.E0));
#447=LINE('',#446,#445);
#448=DIRECTION('',(0.E0,0.E0,-1.E0));
#449=VECTOR('',#448,9.05E0);
#450=CARTESIAN_POINT('',(-4.E0,2.25E-1,0.E0));
#451=LINE('',#450,#449);
#452=DIRECTION('',(0.E0,-1.E0,0.E0));
#453=VECTOR('',#452,3.75E0);
#454=CARTESIAN_POINT('',(-4.E0,3.975E0,-9.05E0));
#455=LINE('',#454,#453);
#456=DIRECTION('',(-1.E0,0.E0,0.E0));
#457=VECTOR('',#456,3.8E0);
#458=CARTESIAN_POINT('',(-2.E-1,3.975E0,-9.05E0));
#459=LINE('',#458,#457);
#460=DIRECTION('',(0.E0,1.E0,0.E0));
#461=VECTOR('',#460,3.75E0);
#462=CARTESIAN_POINT('',(-2.E-1,2.25E-1,-9.05E0));
#463=LINE('',#462,#461);
#464=DIRECTION('',(1.E0,0.E0,0.E0));
#465=VECTOR('',#464,3.8E0);
#466=CARTESIAN_POINT('',(-4.E0,2.25E-1,-9.05E0));
#467=LINE('',#466,#465);
#468=DIRECTION('',(0.E0,-1.E0,0.E0));
#469=VECTOR('',#468,1.E0);
#470=CARTESIAN_POINT('',(-2.6E0,2.6E0,-9.05E0));
#471=LINE('',#470,#469);
#472=DIRECTION('',(1.E0,0.E0,0.E0));
#473=VECTOR('',#472,1.E0);
#474=CARTESIAN_POINT('',(-2.6E0,1.6E0,-9.05E0));
#475=LINE('',#474,#473);
#476=DIRECTION('',(0.E0,1.E0,0.E0));
#477=VECTOR('',#476,1.E0);
#478=CARTESIAN_POINT('',(-1.6E0,1.6E0,-9.05E0));
#479=LINE('',#478,#477);
#480=DIRECTION('',(-1.E0,0.E0,0.E0));
#481=VECTOR('',#480,1.E0);
#482=CARTESIAN_POINT('',(-1.6E0,2.6E0,-9.05E0));
#483=LINE('',#482,#481);
#484=DIRECTION('',(1.E0,0.E0,0.E0));
#485=VECTOR('',#484,1.E0);
#486=CARTESIAN_POINT('',(-2.6E0,-2.6E0,-9.05E0));
#487=LINE('',#486,#485);
#488=DIRECTION('',(0.E0,1.E0,0.E0));
#489=VECTOR('',#488,1.E0);
#490=CARTESIAN_POINT('',(-1.6E0,-2.6E0,-9.05E0));
#491=LINE('',#490,#489);
#492=DIRECTION('',(-1.E0,0.E0,0.E0));
#493=VECTOR('',#492,1.E0);
#494=CARTESIAN_POINT('',(-1.6E0,-1.6E0,-9.05E0));
#495=LINE('',#494,#493);
#496=DIRECTION('',(0.E0,-1.E0,0.E0));
#497=VECTOR('',#496,1.E0);
#498=CARTESIAN_POINT('',(-2.6E0,-1.6E0,-9.05E0));
#499=LINE('',#498,#497);
#500=DIRECTION('',(-7.071067811865E-1,7.071067811865E-1,0.E0));
#501=VECTOR('',#500,1.414213562373E0);
#502=CARTESIAN_POINT('',(-2.E-1,-1.225E0,-9.05E0));
#503=LINE('',#502,#501);
#504=DIRECTION('',(0.E0,1.E0,0.E0));
#505=VECTOR('',#504,2.75E0);
#506=CARTESIAN_POINT('',(-2.E-1,-3.975E0,-9.05E0));
#507=LINE('',#506,#505);
#508=DIRECTION('',(1.E0,0.E0,0.E0));
#509=VECTOR('',#508,3.8E0);
#510=CARTESIAN_POINT('',(-4.E0,-3.975E0,-9.05E0));
#511=LINE('',#510,#509);
#512=DIRECTION('',(0.E0,-1.E0,0.E0));
#513=VECTOR('',#512,2.75E0);
#514=CARTESIAN_POINT('',(-4.E0,-1.225E0,-9.05E0));
#515=LINE('',#514,#513);
#516=DIRECTION('',(-7.071067811865E-1,-7.071067811865E-1,0.E0));
#517=VECTOR('',#516,1.414213562373E0);
#518=CARTESIAN_POINT('',(-3.E0,-2.25E-1,-9.05E0));
#519=LINE('',#518,#517);
#520=DIRECTION('',(-1.E0,0.E0,0.E0));
#521=VECTOR('',#520,1.8E0);
#522=CARTESIAN_POINT('',(-1.2E0,-2.25E-1,-9.05E0));
#523=LINE('',#522,#521);
#524=DIRECTION('',(0.E0,0.E0,1.E0));
#525=VECTOR('',#524,5.7E0);
#526=CARTESIAN_POINT('',(-2.6E0,2.6E0,-9.05E0));
#527=LINE('',#526,#525);
#528=DIRECTION('',(0.E0,0.E0,1.E0));
#529=VECTOR('',#528,5.7E0);
#530=CARTESIAN_POINT('',(-1.6E0,2.6E0,-9.05E0));
#531=LINE('',#530,#529);
#532=DIRECTION('',(0.E0,0.E0,1.E0));
#533=VECTOR('',#532,5.7E0);
#534=CARTESIAN_POINT('',(-1.6E0,1.6E0,-9.05E0));
#535=LINE('',#534,#533);
#536=DIRECTION('',(0.E0,0.E0,1.E0));
#537=VECTOR('',#536,5.7E0);
#538=CARTESIAN_POINT('',(-2.6E0,1.6E0,-9.05E0));
#539=LINE('',#538,#537);
#540=DIRECTION('',(0.E0,-1.E0,0.E0));
#541=VECTOR('',#540,1.E0);
#542=CARTESIAN_POINT('',(-2.6E0,2.6E0,-3.35E0));
#543=LINE('',#542,#541);
#544=DIRECTION('',(-1.E0,0.E0,0.E0));
#545=VECTOR('',#544,1.E0);
#546=CARTESIAN_POINT('',(-1.6E0,2.6E0,-3.35E0));
#547=LINE('',#546,#545);
#548=DIRECTION('',(0.E0,1.E0,0.E0));
#549=VECTOR('',#548,1.E0);
#550=CARTESIAN_POINT('',(-1.6E0,1.6E0,-3.35E0));
#551=LINE('',#550,#549);
#552=DIRECTION('',(1.E0,0.E0,0.E0));
#553=VECTOR('',#552,1.E0);
#554=CARTESIAN_POINT('',(-2.6E0,1.6E0,-3.35E0));
#555=LINE('',#554,#553);
#556=DIRECTION('',(1.E0,0.E0,0.E0));
#557=VECTOR('',#556,1.E0);
#558=CARTESIAN_POINT('',(-2.6E0,-2.6E0,-3.35E0));
#559=LINE('',#558,#557);
#560=DIRECTION('',(0.E0,-1.E0,0.E0));
#561=VECTOR('',#560,1.E0);
#562=CARTESIAN_POINT('',(-2.6E0,-1.6E0,-3.35E0));
#563=LINE('',#562,#561);
#564=DIRECTION('',(-1.E0,0.E0,0.E0));
#565=VECTOR('',#564,1.E0);
#566=CARTESIAN_POINT('',(-1.6E0,-1.6E0,-3.35E0));
#567=LINE('',#566,#565);
#568=DIRECTION('',(0.E0,1.E0,0.E0));
#569=VECTOR('',#568,1.E0);
#570=CARTESIAN_POINT('',(-1.6E0,-2.6E0,-3.35E0));
#571=LINE('',#570,#569);
#572=DIRECTION('',(0.E0,0.E0,1.E0));
#573=VECTOR('',#572,5.7E0);
#574=CARTESIAN_POINT('',(-2.6E0,-2.6E0,-9.05E0));
#575=LINE('',#574,#573);
#576=DIRECTION('',(0.E0,0.E0,1.E0));
#577=VECTOR('',#576,5.7E0);
#578=CARTESIAN_POINT('',(-2.6E0,-1.6E0,-9.05E0));
#579=LINE('',#578,#577);
#580=DIRECTION('',(0.E0,0.E0,1.E0));
#581=VECTOR('',#580,5.7E0);
#582=CARTESIAN_POINT('',(-1.6E0,-1.6E0,-9.05E0));
#583=LINE('',#582,#581);
#584=DIRECTION('',(0.E0,0.E0,1.E0));
#585=VECTOR('',#584,5.7E0);
#586=CARTESIAN_POINT('',(-1.6E0,-2.6E0,-9.05E0));
#587=LINE('',#586,#585);
#588=DIRECTION('',(7.071067811865E-1,-7.071067811865E-1,0.E0));
#589=VECTOR('',#588,1.414213562373E0);
#590=CARTESIAN_POINT('',(-1.2E0,-2.25E-1,0.E0));
#591=LINE('',#590,#589);
#592=DIRECTION('',(0.E0,0.E0,-1.E0));
#593=VECTOR('',#592,9.05E0);
#594=CARTESIAN_POINT('',(-1.2E0,-2.25E-1,0.E0));
#595=LINE('',#594,#593);
#596=DIRECTION('',(0.E0,0.E0,-1.E0));
#597=VECTOR('',#596,9.05E0);
#598=CARTESIAN_POINT('',(-3.E0,-2.25E-1,0.E0));
#599=LINE('',#598,#597);
#600=DIRECTION('',(7.071067811865E-1,7.071067811865E-1,0.E0));
#601=VECTOR('',#600,1.414213562373E0);
#602=CARTESIAN_POINT('',(-4.E0,-1.225E0,0.E0));
#603=LINE('',#602,#601);
#604=DIRECTION('',(0.E0,0.E0,-1.E0));
#605=VECTOR('',#604,9.05E0);
#606=CARTESIAN_POINT('',(-4.E0,-1.225E0,0.E0));
#607=LINE('',#606,#605);
#608=DIRECTION('',(0.E0,0.E0,-1.E0));
#609=VECTOR('',#608,9.05E0);
#610=CARTESIAN_POINT('',(-4.E0,-3.975E0,0.E0));
#611=LINE('',#610,#609);
#612=DIRECTION('',(0.E0,0.E0,-1.E0));
#613=VECTOR('',#612,9.05E0);
#614=CARTESIAN_POINT('',(-2.E-1,-1.225E0,0.E0));
#615=LINE('',#614,#613);
#616=DIRECTION('',(0.E0,0.E0,-1.E0));
#617=VECTOR('',#616,9.05E0);
#618=CARTESIAN_POINT('',(-2.E-1,-3.975E0,0.E0));
#619=LINE('',#618,#617);
#620=DIRECTION('',(0.E0,0.E0,-1.E0));
#621=VECTOR('',#620,9.05E0);
#622=CARTESIAN_POINT('',(2.E-1,-3.975E0,0.E0));
#623=LINE('',#622,#621);
#624=DIRECTION('',(0.E0,0.E0,-1.E0));
#625=VECTOR('',#624,9.05E0);
#626=CARTESIAN_POINT('',(2.E-1,-2.25E-1,0.E0));
#627=LINE('',#626,#625);
#628=DIRECTION('',(0.E0,0.E0,-1.E0));
#629=VECTOR('',#628,9.05E0);
#630=CARTESIAN_POINT('',(4.E0,-2.25E-1,0.E0));
#631=LINE('',#630,#629);
#632=DIRECTION('',(0.E0,0.E0,-1.E0));
#633=VECTOR('',#632,9.05E0);
#634=CARTESIAN_POINT('',(4.E0,-3.975E0,0.E0));
#635=LINE('',#634,#633);
#636=DIRECTION('',(0.E0,-1.E0,0.E0));
#637=VECTOR('',#636,1.E0);
#638=CARTESIAN_POINT('',(1.6E0,2.6E0,-9.05E0));
#639=LINE('',#638,#637);
#640=DIRECTION('',(1.E0,0.E0,0.E0));
#641=VECTOR('',#640,1.E0);
#642=CARTESIAN_POINT('',(1.6E0,1.6E0,-9.05E0));
#643=LINE('',#642,#641);
#644=DIRECTION('',(0.E0,1.E0,0.E0));
#645=VECTOR('',#644,1.E0);
#646=CARTESIAN_POINT('',(2.6E0,1.6E0,-9.05E0));
#647=LINE('',#646,#645);
#648=DIRECTION('',(-1.E0,0.E0,0.E0));
#649=VECTOR('',#648,1.E0);
#650=CARTESIAN_POINT('',(2.6E0,2.6E0,-9.05E0));
#651=LINE('',#650,#649);
#652=DIRECTION('',(1.E0,0.E0,0.E0));
#653=VECTOR('',#652,3.8E0);
#654=CARTESIAN_POINT('',(2.E-1,-3.975E0,-9.05E0));
#655=LINE('',#654,#653);
#656=DIRECTION('',(0.E0,-1.E0,0.E0));
#657=VECTOR('',#656,3.75E0);
#658=CARTESIAN_POINT('',(2.E-1,-2.25E-1,-9.05E0));
#659=LINE('',#658,#657);
#660=DIRECTION('',(-1.E0,0.E0,0.E0));
#661=VECTOR('',#660,3.8E0);
#662=CARTESIAN_POINT('',(4.E0,-2.25E-1,-9.05E0));
#663=LINE('',#662,#661);
#664=DIRECTION('',(0.E0,1.E0,0.E0));
#665=VECTOR('',#664,3.75E0);
#666=CARTESIAN_POINT('',(4.E0,-3.975E0,-9.05E0));
#667=LINE('',#666,#665);
#668=DIRECTION('',(1.E0,0.E0,0.E0));
#669=VECTOR('',#668,1.E0);
#670=CARTESIAN_POINT('',(1.6E0,-2.6E0,-9.05E0));
#671=LINE('',#670,#669);
#672=DIRECTION('',(0.E0,1.E0,0.E0));
#673=VECTOR('',#672,1.E0);
#674=CARTESIAN_POINT('',(2.6E0,-2.6E0,-9.05E0));
#675=LINE('',#674,#673);
#676=DIRECTION('',(-1.E0,0.E0,0.E0));
#677=VECTOR('',#676,1.E0);
#678=CARTESIAN_POINT('',(2.6E0,-1.6E0,-9.05E0));
#679=LINE('',#678,#677);
#680=DIRECTION('',(0.E0,-1.E0,0.E0));
#681=VECTOR('',#680,1.E0);
#682=CARTESIAN_POINT('',(1.6E0,-1.6E0,-9.05E0));
#683=LINE('',#682,#681);
#684=DIRECTION('',(-7.071067811865E-1,7.071067811865E-1,0.E0));
#685=VECTOR('',#684,1.414213562373E0);
#686=CARTESIAN_POINT('',(4.E0,2.975E0,-9.05E0));
#687=LINE('',#686,#685);
#688=DIRECTION('',(0.E0,1.E0,0.E0));
#689=VECTOR('',#688,2.75E0);
#690=CARTESIAN_POINT('',(4.E0,2.25E-1,-9.05E0));
#691=LINE('',#690,#689);
#692=DIRECTION('',(1.E0,0.E0,0.E0));
#693=VECTOR('',#692,3.8E0);
#694=CARTESIAN_POINT('',(2.E-1,2.25E-1,-9.05E0));
#695=LINE('',#694,#693);
#696=DIRECTION('',(0.E0,-1.E0,0.E0));
#697=VECTOR('',#696,2.75E0);
#698=CARTESIAN_POINT('',(2.E-1,2.975E0,-9.05E0));
#699=LINE('',#698,#697);
#700=DIRECTION('',(-7.071067811865E-1,-7.071067811865E-1,0.E0));
#701=VECTOR('',#700,1.414213562373E0);
#702=CARTESIAN_POINT('',(1.2E0,3.975E0,-9.05E0));
#703=LINE('',#702,#701);
#704=DIRECTION('',(-1.E0,0.E0,0.E0));
#705=VECTOR('',#704,1.8E0);
#706=CARTESIAN_POINT('',(3.E0,3.975E0,-9.05E0));
#707=LINE('',#706,#705);
#708=DIRECTION('',(0.E0,0.E0,1.E0));
#709=VECTOR('',#708,5.7E0);
#710=CARTESIAN_POINT('',(1.6E0,2.6E0,-9.05E0));
#711=LINE('',#710,#709);
#712=DIRECTION('',(0.E0,0.E0,1.E0));
#713=VECTOR('',#712,5.7E0);
#714=CARTESIAN_POINT('',(2.6E0,2.6E0,-9.05E0));
#715=LINE('',#714,#713);
#716=DIRECTION('',(0.E0,0.E0,1.E0));
#717=VECTOR('',#716,5.7E0);
#718=CARTESIAN_POINT('',(2.6E0,1.6E0,-9.05E0));
#719=LINE('',#718,#717);
#720=DIRECTION('',(0.E0,0.E0,1.E0));
#721=VECTOR('',#720,5.7E0);
#722=CARTESIAN_POINT('',(1.6E0,1.6E0,-9.05E0));
#723=LINE('',#722,#721);
#724=DIRECTION('',(0.E0,-1.E0,0.E0));
#725=VECTOR('',#724,1.E0);
#726=CARTESIAN_POINT('',(1.6E0,2.6E0,-3.35E0));
#727=LINE('',#726,#725);
#728=DIRECTION('',(-1.E0,0.E0,0.E0));
#729=VECTOR('',#728,1.E0);
#730=CARTESIAN_POINT('',(2.6E0,2.6E0,-3.35E0));
#731=LINE('',#730,#729);
#732=DIRECTION('',(0.E0,1.E0,0.E0));
#733=VECTOR('',#732,1.E0);
#734=CARTESIAN_POINT('',(2.6E0,1.6E0,-3.35E0));
#735=LINE('',#734,#733);
#736=DIRECTION('',(1.E0,0.E0,0.E0));
#737=VECTOR('',#736,1.E0);
#738=CARTESIAN_POINT('',(1.6E0,1.6E0,-3.35E0));
#739=LINE('',#738,#737);
#740=DIRECTION('',(1.E0,0.E0,0.E0));
#741=VECTOR('',#740,1.E0);
#742=CARTESIAN_POINT('',(1.6E0,-2.6E0,-3.35E0));
#743=LINE('',#742,#741);
#744=DIRECTION('',(0.E0,-1.E0,0.E0));
#745=VECTOR('',#744,1.E0);
#746=CARTESIAN_POINT('',(1.6E0,-1.6E0,-3.35E0));
#747=LINE('',#746,#745);
#748=DIRECTION('',(-1.E0,0.E0,0.E0));
#749=VECTOR('',#748,1.E0);
#750=CARTESIAN_POINT('',(2.6E0,-1.6E0,-3.35E0));
#751=LINE('',#750,#749);
#752=DIRECTION('',(0.E0,1.E0,0.E0));
#753=VECTOR('',#752,1.E0);
#754=CARTESIAN_POINT('',(2.6E0,-2.6E0,-3.35E0));
#755=LINE('',#754,#753);
#756=DIRECTION('',(0.E0,0.E0,1.E0));
#757=VECTOR('',#756,5.7E0);
#758=CARTESIAN_POINT('',(1.6E0,-2.6E0,-9.05E0));
#759=LINE('',#758,#757);
#760=DIRECTION('',(0.E0,0.E0,1.E0));
#761=VECTOR('',#760,5.7E0);
#762=CARTESIAN_POINT('',(1.6E0,-1.6E0,-9.05E0));
#763=LINE('',#762,#761);
#764=DIRECTION('',(0.E0,0.E0,1.E0));
#765=VECTOR('',#764,5.7E0);
#766=CARTESIAN_POINT('',(2.6E0,-1.6E0,-9.05E0));
#767=LINE('',#766,#765);
#768=DIRECTION('',(0.E0,0.E0,1.E0));
#769=VECTOR('',#768,5.7E0);
#770=CARTESIAN_POINT('',(2.6E0,-2.6E0,-9.05E0));
#771=LINE('',#770,#769);
#772=DIRECTION('',(7.071067811865E-1,-7.071067811865E-1,0.E0));
#773=VECTOR('',#772,1.414213562373E0);
#774=CARTESIAN_POINT('',(3.E0,3.975E0,0.E0));
#775=LINE('',#774,#773);
#776=DIRECTION('',(0.E0,0.E0,-1.E0));
#777=VECTOR('',#776,9.05E0);
#778=CARTESIAN_POINT('',(3.E0,3.975E0,0.E0));
#779=LINE('',#778,#777);
#780=DIRECTION('',(0.E0,0.E0,-1.E0));
#781=VECTOR('',#780,9.05E0);
#782=CARTESIAN_POINT('',(1.2E0,3.975E0,0.E0));
#783=LINE('',#782,#781);
#784=DIRECTION('',(7.071067811865E-1,7.071067811865E-1,0.E0));
#785=VECTOR('',#784,1.414213562373E0);
#786=CARTESIAN_POINT('',(2.E-1,2.975E0,0.E0));
#787=LINE('',#786,#785);
#788=DIRECTION('',(0.E0,0.E0,-1.E0));
#789=VECTOR('',#788,9.05E0);
#790=CARTESIAN_POINT('',(2.E-1,2.975E0,0.E0));
#791=LINE('',#790,#789);
#792=DIRECTION('',(0.E0,0.E0,-1.E0));
#793=VECTOR('',#792,9.05E0);
#794=CARTESIAN_POINT('',(2.E-1,2.25E-1,0.E0));
#795=LINE('',#794,#793);
#796=DIRECTION('',(0.E0,0.E0,-1.E0));
#797=VECTOR('',#796,9.05E0);
#798=CARTESIAN_POINT('',(4.E0,2.975E0,0.E0));
#799=LINE('',#798,#797);
#800=DIRECTION('',(0.E0,0.E0,-1.E0));
#801=VECTOR('',#800,9.05E0);
#802=CARTESIAN_POINT('',(4.E0,2.25E-1,0.E0));
#803=LINE('',#802,#801);
#804=DIRECTION('',(0.E0,0.E0,1.E0));
#805=VECTOR('',#804,1.28E1);
#806=CARTESIAN_POINT('',(-4.75E0,2.8E0,-1.28E1));
#807=LINE('',#806,#805);
#808=DIRECTION('',(0.E0,0.E0,1.E0));
#809=VECTOR('',#808,1.28E1);
#810=CARTESIAN_POINT('',(-4.75E0,4.8E0,-1.28E1));
#811=LINE('',#810,#809);
#812=DIRECTION('',(0.E0,0.E0,1.E0));
#813=VECTOR('',#812,1.28E1);
#814=CARTESIAN_POINT('',(-4.75E0,2.1E0,-1.28E1));
#815=LINE('',#814,#813);
#816=DIRECTION('',(0.E0,1.E0,0.E0));
#817=VECTOR('',#816,1.5E0);
#818=CARTESIAN_POINT('',(-4.75E0,-3.04E0,-9.E0));
#819=LINE('',#818,#817);
#820=DIRECTION('',(0.E0,0.E0,1.E0));
#821=VECTOR('',#820,2.8E0);
#822=CARTESIAN_POINT('',(-4.75E0,-1.54E0,-1.18E1));
#823=LINE('',#822,#821);
#824=DIRECTION('',(0.E0,-1.E0,0.E0));
#825=VECTOR('',#824,1.5E0);
#826=CARTESIAN_POINT('',(-4.75E0,-1.54E0,-1.18E1));
#827=LINE('',#826,#825);
#828=DIRECTION('',(0.E0,0.E0,1.E0));
#829=VECTOR('',#828,2.8E0);
#830=CARTESIAN_POINT('',(-4.75E0,-3.04E0,-1.18E1));
#831=LINE('',#830,#829);
#832=DIRECTION('',(1.E0,0.E0,0.E0));
#833=VECTOR('',#832,2.E0);
#834=CARTESIAN_POINT('',(1.1E0,4.8E0,-1.18E1));
#835=LINE('',#834,#833);
#836=DIRECTION('',(0.E0,0.E0,1.E0));
#837=VECTOR('',#836,1.E0);
#838=CARTESIAN_POINT('',(3.1E0,4.8E0,-1.28E1));
#839=LINE('',#838,#837);
#840=DIRECTION('',(0.E0,0.E0,1.E0));
#841=VECTOR('',#840,1.28E1);
#842=CARTESIAN_POINT('',(4.75E0,4.8E0,-1.28E1));
#843=LINE('',#842,#841);
#844=DIRECTION('',(0.E0,0.E0,1.E0));
#845=VECTOR('',#844,1.E0);
#846=CARTESIAN_POINT('',(-3.1E0,4.8E0,-1.28E1));
#847=LINE('',#846,#845);
#848=DIRECTION('',(1.E0,0.E0,0.E0));
#849=VECTOR('',#848,2.E0);
#850=CARTESIAN_POINT('',(-3.1E0,4.8E0,-1.18E1));
#851=LINE('',#850,#849);
#852=DIRECTION('',(0.E0,0.E0,1.E0));
#853=VECTOR('',#852,1.E0);
#854=CARTESIAN_POINT('',(-1.1E0,4.8E0,-1.28E1));
#855=LINE('',#854,#853);
#856=DIRECTION('',(0.E0,0.E0,1.E0));
#857=VECTOR('',#856,1.E0);
#858=CARTESIAN_POINT('',(1.1E0,4.8E0,-1.28E1));
#859=LINE('',#858,#857);
#860=DIRECTION('',(0.E0,0.E0,-1.E0));
#861=VECTOR('',#860,1.E0);
#862=CARTESIAN_POINT('',(3.1E0,3.975E0,-1.18E1));
#863=LINE('',#862,#861);
#864=DIRECTION('',(0.E0,0.E0,1.E0));
#865=VECTOR('',#864,1.E0);
#866=CARTESIAN_POINT('',(-4.E0,3.975E0,-1.28E1));
#867=LINE('',#866,#865);
#868=DIRECTION('',(0.E0,0.E0,1.E0));
#869=VECTOR('',#868,1.E0);
#870=CARTESIAN_POINT('',(-4.E0,2.25E-1,-1.28E1));
#871=LINE('',#870,#869);
#872=DIRECTION('',(0.E0,0.E0,1.E0));
#873=VECTOR('',#872,1.E0);
#874=CARTESIAN_POINT('',(4.E0,2.25E-1,-1.28E1));
#875=LINE('',#874,#873);
#876=DIRECTION('',(0.E0,0.E0,1.E0));
#877=VECTOR('',#876,1.E0);
#878=CARTESIAN_POINT('',(4.E0,3.975E0,-1.28E1));
#879=LINE('',#878,#877);
#880=DIRECTION('',(0.E0,0.E0,-1.E0));
#881=VECTOR('',#880,1.E0);
#882=CARTESIAN_POINT('',(-3.1E0,3.975E0,-1.18E1));
#883=LINE('',#882,#881);
#884=DIRECTION('',(0.E0,0.E0,-1.E0));
#885=VECTOR('',#884,1.E0);
#886=CARTESIAN_POINT('',(-1.1E0,3.975E0,-1.18E1));
#887=LINE('',#886,#885);
#888=DIRECTION('',(0.E0,0.E0,-1.E0));
#889=VECTOR('',#888,1.E0);
#890=CARTESIAN_POINT('',(1.1E0,3.975E0,-1.18E1));
#891=LINE('',#890,#889);
#892=DIRECTION('',(0.E0,0.E0,1.E0));
#893=VECTOR('',#892,1.28E1);
#894=CARTESIAN_POINT('',(4.75E0,-4.8E0,-1.28E1));
#895=LINE('',#894,#893);
#896=DIRECTION('',(0.E0,0.E0,1.E0));
#897=VECTOR('',#896,3.E0);
#898=CARTESIAN_POINT('',(4.75E0,-1.54E0,-1.2E1));
#899=LINE('',#898,#897);
#900=DIRECTION('',(0.E0,-1.E0,0.E0));
#901=VECTOR('',#900,1.5E0);
#902=CARTESIAN_POINT('',(4.75E0,-1.54E0,-9.E0));
#903=LINE('',#902,#901);
#904=DIRECTION('',(0.E0,0.E0,1.E0));
#905=VECTOR('',#904,3.E0);
#906=CARTESIAN_POINT('',(4.75E0,-3.04E0,-1.2E1));
#907=LINE('',#906,#905);
#908=DIRECTION('',(0.E0,-1.E0,0.E0));
#909=VECTOR('',#908,1.5E0);
#910=CARTESIAN_POINT('',(4.75E0,-1.54E0,-1.2E1));
#911=LINE('',#910,#909);
#912=DIRECTION('',(0.E0,0.E0,-1.E0));
#913=VECTOR('',#912,3.E0);
#914=CARTESIAN_POINT('',(5.8E0,-1.54E0,-9.E0));
#915=LINE('',#914,#913);
#916=DIRECTION('',(0.E0,-4.751149440766E-2,-9.988706912805E-1));
#917=VECTOR('',#916,3.003391756499E0);
#918=CARTESIAN_POINT('',(5.8E0,-2.599738984618E0,-1.2E1));
#919=LINE('',#918,#917);
#920=DIRECTION('',(4.372457799328E-7,-5.898829750624E-8,-9.999999999999E-1));
#921=VECTOR('',#920,4.200000024064E-1);
#922=CARTESIAN_POINT('',(5.8E0,-3.602440474841E0,-1.458E1));
#923=LINE('',#922,#921);
#924=DIRECTION('',(-2.135371768552E-7,1.E0,2.798131196345E-9));
#925=VECTOR('',#924,8.600058843548E-1);
#926=CARTESIAN_POINT('',(5.800000183643E0,-3.602440499616E0,-1.500000000241E1));
#927=LINE('',#926,#925);
#928=DIRECTION('',(0.E0,4.751149440767E-2,-9.988706912805E-1));
#929=VECTOR('',#928,3.003391756499E0);
#930=CARTESIAN_POINT('',(5.8E0,-1.980260666333E0,-1.2E1));
#931=LINE('',#930,#929);
#932=DIRECTION('',(-1.174840786296E-8,1.E0,-1.938959939532E-8));
#933=VECTOR('',#932,8.600055237915E-1);
#934=CARTESIAN_POINT('',(5.8E0,-1.837565035690E0,-1.5E1));
#935=LINE('',#934,#933);
#936=DIRECTION('',(0.E0,0.E0,-1.E0));
#937=VECTOR('',#936,5.58E0);
#938=CARTESIAN_POINT('',(5.8E0,-1.459337613708E0,-9.E0));
#939=LINE('',#938,#937);
#940=DIRECTION('',(6.242645962796E-1,-3.711659593924E-2,-7.803307453495E-1));
#941=VECTOR('',#940,1.098744504405E0);
#942=CARTESIAN_POINT('',(5.8E0,-2.742434615261E0,-1.5E1));
#943=LINE('',#942,#941);
#944=CARTESIAN_POINT('',(6.485907294457E0,-3.017724716759E0,-1.585738411807E1));
#945=CARTESIAN_POINT('',(6.465612435248E0,-3.036595937975E0,-1.583201554406E1));
#946=CARTESIAN_POINT('',(6.424911883977E0,-3.073931217561E0,-1.578113985497E1));
#947=CARTESIAN_POINT('',(6.363562300542E0,-3.128965841246E0,-1.570445287568E1));
#948=CARTESIAN_POINT('',(6.302104815141E0,-3.183078149238E0,-1.562763101892E1));
#949=CARTESIAN_POINT('',(6.240375857583E0,-3.236579716665E0,-1.555046982202E1));
#950=CARTESIAN_POINT('',(6.178028026480E0,-3.289890718301E0,-1.547253503295E1));
#951=CARTESIAN_POINT('',(6.115076411825E0,-3.343087111786E0,-1.539384551533E1));
#952=CARTESIAN_POINT('',(6.052010679855E0,-3.395835326998E0,-1.531501334779E1));
#953=CARTESIAN_POINT('',(5.989130312818E0,-3.447960976889E0,-1.523641289859E1));
#954=CARTESIAN_POINT('',(5.926262105687E0,-3.499670555482E0,-1.515782760386E1));
#955=CARTESIAN_POINT('',(5.863291126909E0,-3.551106942144E0,-1.507911401406E1));
#956=CARTESIAN_POINT('',(5.821120961055E0,-3.585341901382E0,-1.502640097417E1));
#957=CARTESIAN_POINT('',(5.800000183643E0,-3.602440499616E0,-1.500000000241E1));
#959=DIRECTION('',(0.E0,1.E0,0.E0));
#960=VECTOR('',#959,2.345084456878E-1);
#961=CARTESIAN_POINT('',(6.485907294457E0,-3.017724716759E0,-1.585738411807E1));
#962=LINE('',#961,#960);
#963=DIRECTION('',(6.242645962796E-1,3.711659593924E-2,-7.803307453495E-1));
#964=VECTOR('',#963,1.098744504405E0);
#965=CARTESIAN_POINT('',(5.8E0,-1.837565035690E0,-1.5E1));
#966=LINE('',#965,#964);
#967=DIRECTION('',(0.E0,1.E0,0.E0));
#968=VECTOR('',#967,2.345084456878E-1);
#969=CARTESIAN_POINT('',(6.485907294457E0,-1.796783379879E0,-1.585738411807E1));
#970=LINE('',#969,#968);
#971=CARTESIAN_POINT('',(6.800000404358E0,-2.289999893876E0,-1.499999987189E1));
#972=DIRECTION('',(0.E0,0.E0,1.E0));
#973=DIRECTION('',(-6.060607301056E-1,-7.954183750856E-1,0.E0));
#974=AXIS2_PLACEMENT_3D('',#971,#972,#973);
#976=CARTESIAN_POINT('',(7.114092705543E0,-3.017725065809E0,-1.585738411807E1));
#977=CARTESIAN_POINT('',(7.134387558877E0,-3.036596295064E0,-1.583201555140E1));
#978=CARTESIAN_POINT('',(7.175088098766E0,-3.073931589590E0,-1.578113987654E1));
#979=CARTESIAN_POINT('',(7.236437665996E0,-3.128966232835E0,-1.570445291750E1));
#980=CARTESIAN_POINT('',(7.297895135836E0,-3.183078557761E0,-1.562763108021E1));
#981=CARTESIAN_POINT('',(7.359624078814E0,-3.236580140621E0,-1.555046990148E1));
#982=CARTESIAN_POINT('',(7.421971896528E0,-3.289891155798E0,-1.547253512936E1));
#983=CARTESIAN_POINT('',(7.484923496330E0,-3.343087562795E0,-1.539384562952E1));
#984=CARTESIAN_POINT('',(7.547989218580E0,-3.395835782716E0,-1.531501347704E1));
#985=CARTESIAN_POINT('',(7.610869557855E0,-3.447961462828E0,-1.523641305171E1));
#986=CARTESIAN_POINT('',(7.673737807086E0,-3.499670971E0,-1.515782774479E1));
#987=CARTESIAN_POINT('',(7.736708569027E0,-3.551107657894E0,-1.507911427512E1));
#988=CARTESIAN_POINT('',(7.778879235416E0,-3.585341892078E0,-1.502640098504E1));
#989=CARTESIAN_POINT('',(7.800000010104E0,-3.602440488102E0,-1.500000001668E1));
#991=CARTESIAN_POINT('',(6.817362557955E0,-2.939766477661E0,-1.6E1));
#992=CARTESIAN_POINT('',(6.840719555145E0,-2.939142364660E0,-1.6E1));
#993=CARTESIAN_POINT('',(6.886659827163E0,-2.939648357013E0,-1.599571990134E1));
#994=CARTESIAN_POINT('',(6.951522725944E0,-2.946047801163E0,-1.597749531270E1));
#995=CARTESIAN_POINT('',(7.009384343360E0,-2.958443942207E0,-1.595010321032E1));
#996=CARTESIAN_POINT('',(7.065809202425E0,-2.980554322667E0,-1.591041687610E1));
#997=CARTESIAN_POINT('',(7.099059920819E0,-3.003746786576E0,-1.587617509898E1));
#998=CARTESIAN_POINT('',(7.114092705543E0,-3.017725065809E0,-1.585738411807E1));
#1000=CARTESIAN_POINT('',(6.800000404358E0,-2.289999893876E0,-1.6E1));
#1001=DIRECTION('',(0.E0,0.E0,-1.E0));
#1002=DIRECTION('',(2.671106692858E-2,-9.996431957971E-1,0.E0));
#1003=AXIS2_PLACEMENT_3D('',#1000,#1001,#1002);
#1005=CARTESIAN_POINT('',(6.485907294457E0,-3.017724716759E0,
-1.585738411807E1));
#1006=CARTESIAN_POINT('',(6.500885874737E0,-3.003796849654E0,
-1.587610734342E1));
#1007=CARTESIAN_POINT('',(6.534002508886E0,-2.980674648718E0,
-1.591023284347E1));
#1008=CARTESIAN_POINT('',(6.590141255892E0,-2.958597374442E0,
-1.594980663323E1));
#1009=CARTESIAN_POINT('',(6.647759618882E0,-2.946156198367E0,
-1.597722400315E1));
#1010=CARTESIAN_POINT('',(6.712780159303E0,-2.939665757317E0,
-1.599563868211E1));
#1011=CARTESIAN_POINT('',(6.759055892262E0,-2.939136313498E0,-1.6E1));
#1012=CARTESIAN_POINT('',(6.782637442045E0,-2.939766456051E0,-1.6E1));
#1014=DIRECTION('',(2.405643842510E-8,-3.157433977175E-8,-1.E0));
#1015=VECTOR('',#1014,4.200000166752E-1);
#1016=CARTESIAN_POINT('',(7.8E0,-3.602440474841E0,-1.458E1));
#1017=LINE('',#1016,#1015);
#1018=DIRECTION('',(0.E0,-4.751149440766E-2,-9.988706912805E-1));
#1019=VECTOR('',#1018,4.266696290927E0);
#1020=CARTESIAN_POINT('',(7.8E0,-2.539717498295E0,-1.073812212640E1));
#1021=LINE('',#1020,#1019);
#1022=DIRECTION('',(1.174840206189E-8,-1.E0,-1.938958946017E-8));
#1023=VECTOR('',#1022,8.600058728409E-1);
#1024=CARTESIAN_POINT('',(7.8E0,-2.742434615261E0,-1.5E1));
#1025=LINE('',#1024,#1023);
#1026=DIRECTION('',(0.E0,0.E0,-1.E0));
#1027=VECTOR('',#1026,5.58E0);
#1028=CARTESIAN_POINT('',(7.8E0,-3.120662386292E0,-9.E0));
#1029=LINE('',#1028,#1027);
#1030=DIRECTION('',(-4.372457587856E-7,5.898827054369E-8,-9.999999999999E-1));
#1031=VECTOR('',#1030,4.200000024064E-1);
#1032=CARTESIAN_POINT('',(7.8E0,-9.775595251593E-1,-1.458E1));
#1033=LINE('',#1032,#1031);
#1034=DIRECTION('',(2.135372593922E-7,-1.E0,2.798130266501E-9));
#1035=VECTOR('',#1034,8.600055353053E-1);
#1036=CARTESIAN_POINT('',(7.799999816357E0,-9.775595003843E-1,
-1.500000000241E1));
#1037=LINE('',#1036,#1035);
#1038=DIRECTION('',(0.E0,4.751149440766E-2,-9.988706912805E-1));
#1039=VECTOR('',#1038,4.266696290927E0);
#1040=CARTESIAN_POINT('',(7.8E0,-2.040282152655E0,-1.073812212640E1));
#1041=LINE('',#1040,#1039);
#1042=CARTESIAN_POINT('',(7.8E0,-2.289999825475E0,-1.075E1));
#1043=DIRECTION('',(1.E0,0.E0,0.E0));
#1044=DIRECTION('',(0.E0,9.988706912805E-1,4.751149440767E-2));
#1045=AXIS2_PLACEMENT_3D('',#1042,#1043,#1044);
#1047=DIRECTION('',(-6.242645962796E-1,-3.711659593924E-2,-7.803307453495E-1));
#1048=VECTOR('',#1047,1.098744504405E0);
#1049=CARTESIAN_POINT('',(7.8E0,-2.742434615261E0,-1.5E1));
#1050=LINE('',#1049,#1048);
#1051=DIRECTION('',(0.E0,-1.E0,0.E0));
#1052=VECTOR('',#1051,2.345087947372E-1);
#1053=CARTESIAN_POINT('',(7.114092705543E0,-2.783216271071E0,
-1.585738411807E1));
#1054=LINE('',#1053,#1052);
#1055=DIRECTION('',(-6.242645962796E-1,3.711659593924E-2,-7.803307453495E-1));
#1056=VECTOR('',#1055,1.098744504405E0);
#1057=CARTESIAN_POINT('',(7.8E0,-1.837565035690E0,-1.5E1));
#1058=LINE('',#1057,#1056);
#1059=CARTESIAN_POINT('',(7.114092705543E0,-1.562275283241E0,
-1.585738411807E1));
#1060=CARTESIAN_POINT('',(7.134387564752E0,-1.543404062025E0,
-1.583201554406E1));
#1061=CARTESIAN_POINT('',(7.175088116023E0,-1.506068782439E0,
-1.578113985497E1));
#1062=CARTESIAN_POINT('',(7.236437699458E0,-1.451034158754E0,
-1.570445287568E1));
#1063=CARTESIAN_POINT('',(7.297895184859E0,-1.396921850762E0,
-1.562763101892E1));
#1064=CARTESIAN_POINT('',(7.359624142417E0,-1.343420283335E0,
-1.555046982202E1));
#1065=CARTESIAN_POINT('',(7.421971973520E0,-1.290109281699E0,
-1.547253503295E1));
#1066=CARTESIAN_POINT('',(7.484923588175E0,-1.236912888214E0,
-1.539384551533E1));
#1067=CARTESIAN_POINT('',(7.547989320145E0,-1.184164673002E0,
-1.531501334779E1));
#1068=CARTESIAN_POINT('',(7.610869687182E0,-1.132039023111E0,
-1.523641289859E1));
#1069=CARTESIAN_POINT('',(7.673737894313E0,-1.080329444518E0,
-1.515782760386E1));
#1070=CARTESIAN_POINT('',(7.736708873091E0,-1.028893057856E0,
-1.507911401406E1));
#1071=CARTESIAN_POINT('',(7.778879038945E0,-9.946580986182E-1,
-1.502640097417E1));
#1072=CARTESIAN_POINT('',(7.799999816357E0,-9.775595003843E-1,
-1.500000000241E1));
#1074=DIRECTION('',(1.136223139967E-14,-1.E0,0.E0));
#1075=VECTOR('',#1074,2.345080966383E-1);
#1076=CARTESIAN_POINT('',(7.114092705543E0,-1.562275283241E0,
-1.585738411807E1));
#1077=LINE('',#1076,#1075);
#1078=CARTESIAN_POINT('',(7.114092705543E0,-2.783216271071E0,
-1.585738411807E1));
#1079=CARTESIAN_POINT('',(7.076074906449E0,-2.785476676829E0,
-1.590490636694E1));
#1080=CARTESIAN_POINT('',(6.986828229181E0,-2.788692446872E0,
-1.597251397403E1));
#1081=CARTESIAN_POINT('',(6.878262694405E0,-2.789999825475E0,-1.6E1));
#1082=CARTESIAN_POINT('',(6.817362557955E0,-2.789999825475E0,-1.6E1));
#1084=CARTESIAN_POINT('',(7.114092705543E0,-1.796783379879E0,
-1.585738411807E1));
#1085=CARTESIAN_POINT('',(7.076074906449E0,-1.794522974122E0,
-1.590490636694E1));
#1086=CARTESIAN_POINT('',(6.986828229181E0,-1.791307204079E0,
-1.597251397403E1));
#1087=CARTESIAN_POINT('',(6.878262694405E0,-1.789999825475E0,-1.6E1));
#1088=CARTESIAN_POINT('',(6.817362557955E0,-1.789999825475E0,-1.6E1));
#1090=DIRECTION('',(1.E0,0.E0,0.E0));
#1091=VECTOR('',#1090,3.472511591024E-2);
#1092=CARTESIAN_POINT('',(6.782637442045E0,-2.789999825475E0,-1.6E1));
#1093=LINE('',#1092,#1091);
#1094=DIRECTION('',(-1.779124794927E-14,1.E0,0.E0));
#1095=VECTOR('',#1094,1.497666305757E-1);
#1096=CARTESIAN_POINT('',(6.782637442045E0,-2.939766456051E0,-1.6E1));
#1097=LINE('',#1096,#1095);
#1098=DIRECTION('',(-1.779124538217E-14,-1.E0,0.E0));
#1099=VECTOR('',#1098,1.497666521856E-1);
#1100=CARTESIAN_POINT('',(6.817362557955E0,-2.789999825475E0,-1.6E1));
#1101=LINE('',#1100,#1099);
#1102=DIRECTION('',(1.E0,0.E0,0.E0));
#1103=VECTOR('',#1102,3.472511591023E-2);
#1104=CARTESIAN_POINT('',(6.782637442045E0,-1.789999825475E0,-1.6E1));
#1105=LINE('',#1104,#1103);
#1106=DIRECTION('',(-1.186085960936E-14,-1.E0,0.E0));
#1107=VECTOR('',#1106,1.497662815263E-1);
#1108=CARTESIAN_POINT('',(6.817362557955E0,-1.640233543949E0,-1.6E1));
#1109=LINE('',#1108,#1107);
#1110=DIRECTION('',(4.151300264283E-14,1.E0,0.E0));
#1111=VECTOR('',#1110,1.497663031362E-1);
#1112=CARTESIAN_POINT('',(6.782637442045E0,-1.789999825475E0,-1.6E1));
#1113=LINE('',#1112,#1111);
#1114=CARTESIAN_POINT('',(6.485907294457E0,-2.783216271071E0,
-1.585738411807E1));
#1115=CARTESIAN_POINT('',(6.523925093551E0,-2.785476676829E0,
-1.590490636694E1));
#1116=CARTESIAN_POINT('',(6.613171770819E0,-2.788692446872E0,
-1.597251397403E1));
#1117=CARTESIAN_POINT('',(6.721737305595E0,-2.789999825475E0,-1.6E1));
#1118=CARTESIAN_POINT('',(6.782637442045E0,-2.789999825475E0,-1.6E1));
#1120=CARTESIAN_POINT('',(6.485907294457E0,-1.796783379879E0,
-1.585738411807E1));
#1121=CARTESIAN_POINT('',(6.523925093551E0,-1.794522974122E0,
-1.590490636694E1));
#1122=CARTESIAN_POINT('',(6.613171770819E0,-1.791307204079E0,
-1.597251397403E1));
#1123=CARTESIAN_POINT('',(6.721737305595E0,-1.789999825475E0,-1.6E1));
#1124=CARTESIAN_POINT('',(6.782637442045E0,-1.789999825475E0,-1.6E1));
#1126=DIRECTION('',(1.E0,0.E0,0.E0));
#1127=VECTOR('',#1126,2.E0);
#1128=CARTESIAN_POINT('',(5.8E0,-2.040282152655E0,-1.073812212640E1));
#1129=LINE('',#1128,#1127);
#1130=DIRECTION('',(-1.124895409454E-14,-4.751149440767E-2,-9.988706912805E-1));
#1131=VECTOR('',#1130,1.263304534428E0);
#1132=CARTESIAN_POINT('',(5.8E0,-2.539717498295E0,-1.073812212640E1));
#1133=LINE('',#1132,#1131);
#1134=CARTESIAN_POINT('',(5.8E0,-2.289999825475E0,-1.075E1));
#1135=DIRECTION('',(1.E0,0.E0,0.E0));
#1136=DIRECTION('',(0.E0,9.988706912805E-1,4.751149440767E-2));
#1137=AXIS2_PLACEMENT_3D('',#1134,#1135,#1136);
#1139=DIRECTION('',(1.124895409454E-14,-4.751149440766E-2,9.988706912805E-1));
#1140=VECTOR('',#1139,1.263304534428E0);
#1141=CARTESIAN_POINT('',(5.8E0,-1.980260666333E0,-1.2E1));
#1142=LINE('',#1141,#1140);
#1143=DIRECTION('',(1.E0,0.E0,0.E0));
#1144=VECTOR('',#1143,2.E0);
#1145=CARTESIAN_POINT('',(5.8E0,-2.539717498295E0,-1.073812212640E1));
#1146=LINE('',#1145,#1144);
#1147=DIRECTION('',(3.227827467210E-14,-1.E0,0.E0));
#1148=VECTOR('',#1147,4.402606663325E-1);
#1149=CARTESIAN_POINT('',(5.8E0,-1.54E0,-1.2E1));
#1150=LINE('',#1149,#1148);
#1151=DIRECTION('',(-1.E0,0.E0,0.E0));
#1152=VECTOR('',#1151,1.05E0);
#1153=CARTESIAN_POINT('',(5.8E0,-1.54E0,-1.2E1));
#1154=LINE('',#1153,#1152);
#1155=DIRECTION('',(1.E0,0.E0,0.E0));
#1156=VECTOR('',#1155,1.05E0);
#1157=CARTESIAN_POINT('',(4.75E0,-3.04E0,-1.2E1));
#1158=LINE('',#1157,#1156);
#1159=DIRECTION('',(-3.227824908111E-14,-1.E0,0.E0));
#1160=VECTOR('',#1159,4.402610153819E-1);
#1161=CARTESIAN_POINT('',(5.8E0,-2.599738984618E0,-1.2E1));
#1162=LINE('',#1161,#1160);
#1163=DIRECTION('',(0.E0,1.E0,0.E0));
#1164=VECTOR('',#1163,6.194783182856E-1);
#1165=CARTESIAN_POINT('',(5.8E0,-2.599738984618E0,-1.2E1));
#1166=LINE('',#1165,#1164);
#1167=DIRECTION('',(0.E0,0.E0,-1.E0));
#1168=VECTOR('',#1167,3.E0);
#1169=CARTESIAN_POINT('',(5.8E0,-3.04E0,-9.E0));
#1170=LINE('',#1169,#1168);
#1171=DIRECTION('',(1.E0,0.E0,0.E0));
#1172=VECTOR('',#1171,1.05E0);
#1173=CARTESIAN_POINT('',(4.75E0,-1.54E0,-9.E0));
#1174=LINE('',#1173,#1172);
#1175=DIRECTION('',(0.E0,-1.E0,0.E0));
#1176=VECTOR('',#1175,8.066238629179E-2);
#1177=CARTESIAN_POINT('',(5.8E0,-1.459337613708E0,-9.E0));
#1178=LINE('',#1177,#1176);
#1179=CARTESIAN_POINT('',(6.8E0,-2.29E0,-9.E0));
#1180=DIRECTION('',(0.E0,0.E0,1.E0));
#1181=DIRECTION('',(7.692307692308E-1,6.389710663783E-1,0.E0));
#1182=AXIS2_PLACEMENT_3D('',#1179,#1180,#1181);
#1184=DIRECTION('',(0.E0,1.E0,0.E0));
#1185=VECTOR('',#1184,1.661324772584E0);
#1186=CARTESIAN_POINT('',(7.8E0,-3.120662386292E0,-9.E0));
#1187=LINE('',#1186,#1185);
#1188=CARTESIAN_POINT('',(6.8E0,-2.29E0,-9.E0));
#1189=DIRECTION('',(0.E0,0.E0,1.E0));
#1190=DIRECTION('',(-7.692307692308E-1,-6.389710663783E-1,0.E0));
#1191=AXIS2_PLACEMENT_3D('',#1188,#1189,#1190);
#1193=DIRECTION('',(0.E0,-1.E0,0.E0));
#1194=VECTOR('',#1193,8.066238629179E-2);
#1195=CARTESIAN_POINT('',(5.8E0,-3.04E0,-9.E0));
#1196=LINE('',#1195,#1194);
#1197=DIRECTION('',(-1.E0,0.E0,0.E0));
#1198=VECTOR('',#1197,1.05E0);
#1199=CARTESIAN_POINT('',(5.8E0,-3.04E0,-9.E0));
#1200=LINE('',#1199,#1198);
#1201=CARTESIAN_POINT('',(6.8E0,-2.29E0,-1.458E1));
#1202=DIRECTION('',(0.E0,0.E0,1.E0));
#1203=DIRECTION('',(7.692307692308E-1,6.389710663783E-1,0.E0));
#1204=AXIS2_PLACEMENT_3D('',#1201,#1202,#1203);
#1206=DIRECTION('',(0.E0,0.E0,-1.E0));
#1207=VECTOR('',#1206,5.58E0);
#1208=CARTESIAN_POINT('',(7.8E0,-1.459337613708E0,-9.E0));
#1209=LINE('',#1208,#1207);
#1210=DIRECTION('',(0.E0,-1.E0,0.E0));
#1211=VECTOR('',#1210,4.817780885489E-1);
#1212=CARTESIAN_POINT('',(7.8E0,-3.120662386292E0,-1.458E1));
#1213=LINE('',#1212,#1211);
#1214=CARTESIAN_POINT('',(6.8E0,-2.29E0,-1.458E1));
#1215=DIRECTION('',(0.E0,0.E0,-1.E0));
#1216=DIRECTION('',(6.060606060606E-1,-7.954184696004E-1,0.E0));
#1217=AXIS2_PLACEMENT_3D('',#1214,#1215,#1216);
#1219=DIRECTION('',(0.E0,1.E0,0.E0));
#1220=VECTOR('',#1219,4.817780885489E-1);
#1221=CARTESIAN_POINT('',(5.8E0,-3.602440474841E0,-1.458E1));
#1222=LINE('',#1221,#1220);
#1223=DIRECTION('',(0.E0,1.E0,0.E0));
#1224=VECTOR('',#1223,4.817780885489E-1);
#1225=CARTESIAN_POINT('',(5.8E0,-1.459337613708E0,-1.458E1));
#1226=LINE('',#1225,#1224);
#1227=CARTESIAN_POINT('',(6.8E0,-2.29E0,-1.458E1));
#1228=DIRECTION('',(0.E0,0.E0,-1.E0));
#1229=DIRECTION('',(-6.060606060606E-1,7.954184696004E-1,0.E0));
#1230=AXIS2_PLACEMENT_3D('',#1227,#1228,#1229);
#1232=DIRECTION('',(0.E0,-1.E0,0.E0));
#1233=VECTOR('',#1232,4.817780885489E-1);
#1234=CARTESIAN_POINT('',(7.8E0,-9.775595251593E-1,-1.458E1));
#1235=LINE('',#1234,#1233);
#1236=CARTESIAN_POINT('',(6.8E0,-2.29E0,-1.458E1));
#1237=DIRECTION('',(0.E0,0.E0,1.E0));
#1238=DIRECTION('',(-7.692307692308E-1,-6.389710663783E-1,0.E0));
#1239=AXIS2_PLACEMENT_3D('',#1236,#1237,#1238);
#1241=DIRECTION('',(0.E0,0.E0,-1.E0));
#1242=VECTOR('',#1241,5.58E0);
#1243=CARTESIAN_POINT('',(5.8E0,-3.120662386292E0,-9.E0));
#1244=LINE('',#1243,#1242);
#1245=DIRECTION('',(-2.405641304858E-8,3.157436567695E-8,-1.E0));
#1246=VECTOR('',#1245,4.200000166752E-1);
#1247=CARTESIAN_POINT('',(5.8E0,-9.775595251593E-1,-1.458E1));
#1248=LINE('',#1247,#1246);
#1249=CARTESIAN_POINT('',(6.485907294457E0,-1.562274934191E0,
-1.585738411807E1));
#1250=CARTESIAN_POINT('',(6.465612441123E0,-1.543403704936E0,
-1.583201555140E1));
#1251=CARTESIAN_POINT('',(6.424911901234E0,-1.506068410410E0,
-1.578113987654E1));
#1252=CARTESIAN_POINT('',(6.363562334004E0,-1.451033767165E0,
-1.570445291750E1));
#1253=CARTESIAN_POINT('',(6.302104864164E0,-1.396921442239E0,
-1.562763108021E1));
#1254=CARTESIAN_POINT('',(6.240375921186E0,-1.343419859379E0,
-1.555046990148E1));
#1255=CARTESIAN_POINT('',(6.178028103473E0,-1.290108844202E0,
-1.547253512936E1));
#1256=CARTESIAN_POINT('',(6.115076503670E0,-1.236912437205E0,
-1.539384562952E1));
#1257=CARTESIAN_POINT('',(6.052010781420E0,-1.184164217284E0,
-1.531501347704E1));
#1258=CARTESIAN_POINT('',(5.989130442145E0,-1.132038537172E0,
-1.523641305171E1));
#1259=CARTESIAN_POINT('',(5.926262192914E0,-1.080329029E0,-1.515782774479E1));
#1260=CARTESIAN_POINT('',(5.863291430973E0,-1.028892342106E0,
-1.507911427512E1));
#1261=CARTESIAN_POINT('',(5.821120764584E0,-9.946581079217E-1,
-1.502640098504E1));
#1262=CARTESIAN_POINT('',(5.799999989896E0,-9.775595118981E-1,
-1.500000001668E1));
#1264=CARTESIAN_POINT('',(6.782637442045E0,-1.640233522339E0,-1.6E1));
#1265=CARTESIAN_POINT('',(6.759159251810E0,-1.640860873691E0,-1.6E1));
#1266=CARTESIAN_POINT('',(6.712904191976E0,-1.640336433368E0,
-1.599566032534E1));
#1267=CARTESIAN_POINT('',(6.647544017807E0,-1.633859749626E0,
-1.597721732491E1));
#1268=CARTESIAN_POINT('',(6.588805822868E0,-1.621011941263E0,
-1.594903143153E1));
#1269=CARTESIAN_POINT('',(6.533728769938E0,-1.599101887855E0,
-1.590990865461E1));
#1270=CARTESIAN_POINT('',(6.500779251246E0,-1.576103667094E0,
-1.587597406406E1));
#1271=CARTESIAN_POINT('',(6.485907294457E0,-1.562274934191E0,
-1.585738411807E1));
#1273=CARTESIAN_POINT('',(6.799999595642E0,-2.290000106124E0,-1.6E1));
#1274=DIRECTION('',(0.E0,0.E0,-1.E0));
#1275=DIRECTION('',(-2.671106692856E-2,9.996431957971E-1,0.E0));
#1276=AXIS2_PLACEMENT_3D('',#1273,#1274,#1275);
#1278=CARTESIAN_POINT('',(7.114092705543E0,-1.562275283241E0,
-1.585738411807E1));
#1279=CARTESIAN_POINT('',(7.099238507751E0,-1.576087493006E0,
-1.587595186531E1));
#1280=CARTESIAN_POINT('',(7.066326376398E0,-1.599069308803E0,
-1.590985726219E1));
#1281=CARTESIAN_POINT('',(7.011281674186E0,-1.620986413462E0,
-1.594898005283E1));
#1282=CARTESIAN_POINT('',(6.952527890499E0,-1.633850460446E0,
-1.597719245323E1));
#1283=CARTESIAN_POINT('',(6.887133211983E0,-1.640335699171E0,
-1.599565569984E1));
#1284=CARTESIAN_POINT('',(6.840853601864E0,-1.640861268018E0,-1.6E1));
#1285=CARTESIAN_POINT('',(6.817362557955E0,-1.640233543949E0,-1.6E1));
#1287=CARTESIAN_POINT('',(6.799999595642E0,-2.290000106124E0,
-1.499999987189E1));
#1288=DIRECTION('',(0.E0,0.E0,1.E0));
#1289=DIRECTION('',(6.060607301057E-1,7.954183750856E-1,0.E0));
#1290=AXIS2_PLACEMENT_3D('',#1287,#1288,#1289);
#1292=DIRECTION('',(-1.E0,0.E0,0.E0));
#1293=VECTOR('',#1292,1.05E0);
#1294=CARTESIAN_POINT('',(-4.75E0,-3.04E0,-9.E0));
#1295=LINE('',#1294,#1293);
#1296=DIRECTION('',(0.E0,-1.E0,0.E0));
#1297=VECTOR('',#1296,8.066238629181E-2);
#1298=CARTESIAN_POINT('',(-5.8E0,-3.04E0,-9.E0));
#1299=LINE('',#1298,#1297);
#1300=CARTESIAN_POINT('',(-6.8E0,-2.29E0,-9.E0));
#1301=DIRECTION('',(0.E0,0.E0,-1.E0));
#1302=DIRECTION('',(7.692307692308E-1,-6.389710663783E-1,0.E0));
#1303=AXIS2_PLACEMENT_3D('',#1300,#1301,#1302);
#1305=DIRECTION('',(0.E0,1.E0,0.E0));
#1306=VECTOR('',#1305,1.661324772584E0);
#1307=CARTESIAN_POINT('',(-7.8E0,-3.120662386292E0,-9.E0));
#1308=LINE('',#1307,#1306);
#1309=CARTESIAN_POINT('',(-6.8E0,-2.29E0,-9.E0));
#1310=DIRECTION('',(0.E0,0.E0,-1.E0));
#1311=DIRECTION('',(-7.692307692308E-1,6.389710663783E-1,0.E0));
#1312=AXIS2_PLACEMENT_3D('',#1309,#1310,#1311);
#1314=DIRECTION('',(0.E0,-1.E0,0.E0));
#1315=VECTOR('',#1314,8.066238629181E-2);
#1316=CARTESIAN_POINT('',(-5.8E0,-1.459337613708E0,-9.E0));
#1317=LINE('',#1316,#1315);
#1318=DIRECTION('',(1.E0,0.E0,0.E0));
#1319=VECTOR('',#1318,1.05E0);
#1320=CARTESIAN_POINT('',(-5.8E0,-1.54E0,-9.E0));
#1321=LINE('',#1320,#1319);
#1322=DIRECTION('',(0.E0,0.E0,-1.E0));
#1323=VECTOR('',#1322,2.8E0);
#1324=CARTESIAN_POINT('',(-5.8E0,-3.04E0,-9.E0));
#1325=LINE('',#1324,#1323);
#1326=DIRECTION('',(0.E0,4.751149440766E-2,9.988706912805E-1));
#1327=VECTOR('',#1326,3.203617873599E0);
#1328=CARTESIAN_POINT('',(-5.8E0,-2.742434789786E0,-1.5E1));
#1329=LINE('',#1328,#1327);
#1330=DIRECTION('',(1.187651920115E-8,-1.E0,-1.960090203080E-8));
#1331=VECTOR('',#1330,8.600056984608E-1);
#1332=CARTESIAN_POINT('',(-5.8E0,-2.742434789786E0,-1.5E1));
#1333=LINE('',#1332,#1331);
#1334=DIRECTION('',(0.E0,-4.751149440767E-2,9.988706912805E-1));
#1335=VECTOR('',#1334,3.203617873599E0);
#1336=CARTESIAN_POINT('',(-5.8E0,-1.837565210214E0,-1.5E1));
#1337=LINE('',#1336,#1335);
#1338=DIRECTION('',(0.E0,0.E0,-1.E0));
#1339=VECTOR('',#1338,5.58E0);
#1340=CARTESIAN_POINT('',(-5.8E0,-1.459337613708E0,-9.E0));
#1341=LINE('',#1340,#1339);
#1342=DIRECTION('',(-4.413913832856E-7,6.150461864470E-8,-9.999999999999E-1));
#1343=VECTOR('',#1342,4.200000014581E-1);
#1344=CARTESIAN_POINT('',(-5.8E0,-9.775595251593E-1,-1.458E1));
#1345=LINE('',#1344,#1343);
#1346=DIRECTION('',(2.155618029935E-7,-1.E0,1.695368495691E-9));
#1347=VECTOR('',#1346,8.600057108869E-1);
#1348=CARTESIAN_POINT('',(-5.800000185384E0,-9.775594993274E-1,
-1.500000000146E1));
#1349=LINE('',#1348,#1347);
#1350=CARTESIAN_POINT('',(-6.817362557955E0,-2.79E0,-1.6E1));
#1351=CARTESIAN_POINT('',(-6.878262694405E0,-2.79E0,-1.6E1));
#1352=CARTESIAN_POINT('',(-6.986828229181E0,-2.788692621397E0,
-1.597251397403E1));
#1353=CARTESIAN_POINT('',(-7.076074906449E0,-2.785476851353E0,
-1.590490636694E1));
#1354=CARTESIAN_POINT('',(-7.114092705543E0,-2.783216445596E0,
-1.585738411807E1));
#1356=CARTESIAN_POINT('',(-6.485907294457E0,-2.783216445596E0,
-1.585738411807E1));
#1357=CARTESIAN_POINT('',(-6.523925093551E0,-2.785476851353E0,
-1.590490636694E1));
#1358=CARTESIAN_POINT('',(-6.613171770819E0,-2.788692621397E0,
-1.597251397403E1));
#1359=CARTESIAN_POINT('',(-6.721737305595E0,-2.79E0,-1.6E1));
#1360=CARTESIAN_POINT('',(-6.782637442045E0,-2.79E0,-1.6E1));
#1362=DIRECTION('',(1.136220662746E-14,1.E0,0.E0));
#1363=VECTOR('',#1362,2.345086079196E-1);
#1364=CARTESIAN_POINT('',(-7.114092705543E0,-1.796783554404E0,
-1.585738411807E1));
#1365=LINE('',#1364,#1363);
#1366=DIRECTION('',(-6.242645962796E-1,-3.711659593924E-2,7.803307453495E-1));
#1367=VECTOR('',#1366,1.098744504405E0);
#1368=CARTESIAN_POINT('',(-7.114092705543E0,-1.796783554404E0,
-1.585738411807E1));
#1369=LINE('',#1368,#1367);
#1370=DIRECTION('',(0.E0,1.E0,0.E0));
#1371=VECTOR('',#1370,2.345082545218E-1);
#1372=CARTESIAN_POINT('',(-7.114092705543E0,-3.017724700118E0,
-1.585738411807E1));
#1373=LINE('',#1372,#1371);
#1374=DIRECTION('',(-6.242645962796E-1,3.711659593924E-2,7.803307453495E-1));
#1375=VECTOR('',#1374,1.098744504405E0);
#1376=CARTESIAN_POINT('',(-7.114092705543E0,-2.783216445596E0,
-1.585738411807E1));
#1377=LINE('',#1376,#1375);
#1378=CARTESIAN_POINT('',(-7.114092705543E0,-3.017724700118E0,
-1.585738411807E1));
#1379=CARTESIAN_POINT('',(-7.148185472415E0,-3.049425937649E0,
-1.581476815948E1));
#1380=CARTESIAN_POINT('',(-7.213138781971E0,-3.108409927843E0,
-1.573357652252E1));
#1381=CARTESIAN_POINT('',(-7.298943940228E0,-3.184094914168E0,
-1.562632007475E1));
#1382=CARTESIAN_POINT('',(-7.376811644302E0,-3.251394279728E0,
-1.552898544447E1));
#1383=CARTESIAN_POINT('',(-7.449148330895E0,-3.312952096378E0,
-1.543856458693E1));
#1384=CARTESIAN_POINT('',(-7.518787397014E0,-3.371491406468E0,
-1.535151575168E1));
#1385=CARTESIAN_POINT('',(-7.588758799677E0,-3.429698639258E0,
-1.526405150808E1));
#1386=CARTESIAN_POINT('',(-7.659138299232E0,-3.487711431604E0,
-1.517607709732E1));
#1387=CARTESIAN_POINT('',(-7.729645495967E0,-3.545367010357E0,
-1.508794323691E1));
#1388=CARTESIAN_POINT('',(-7.776555943190E0,-3.583461211139E0,
-1.502930484074E1));
#1389=CARTESIAN_POINT('',(-7.799999814616E0,-3.602440500673E0,
-1.500000000146E1));
#1391=CARTESIAN_POINT('',(-6.817362557955E0,-1.640233537393E0,-1.6E1));
#1392=CARTESIAN_POINT('',(-6.841505848668E0,-1.640878660458E0,-1.6E1));
#1393=CARTESIAN_POINT('',(-6.888940147725E0,-1.640299107518E0,
-1.599543768857E1));
#1394=CARTESIAN_POINT('',(-6.956033026788E0,-1.633359240009E0,
-1.597592990007E1));
#1395=CARTESIAN_POINT('',(-7.014607716742E0,-1.619928987706E0,
-1.594692834779E1));
#1396=CARTESIAN_POINT('',(-7.067852161057E0,-1.598103153411E0,
-1.590837732195E1));
#1397=CARTESIAN_POINT('',(-7.099716968145E0,-1.575642268585E0,
-1.587535378982E1));
#1398=CARTESIAN_POINT('',(-7.114092705543E0,-1.562274946484E0,
-1.585738411807E1));
#1400=CARTESIAN_POINT('',(-6.800000409396E0,-2.290000105416E0,-1.6E1));
#1401=DIRECTION('',(0.E0,0.E0,-1.E0));
#1402=DIRECTION('',(-2.671105983165E-2,9.996431959868E-1,0.E0));
#1403=AXIS2_PLACEMENT_3D('',#1400,#1401,#1402);
#1405=CARTESIAN_POINT('',(-6.485907294457E0,-1.562275299882E0,
-1.585738411807E1));
#1406=CARTESIAN_POINT('',(-6.500283207483E0,-1.575642775607E0,
-1.587535400935E1));
#1407=CARTESIAN_POINT('',(-6.532147297146E0,-1.598102907987E0,
-1.590837661420E1));
#1408=CARTESIAN_POINT('',(-6.585385232764E0,-1.619926213171E0,
-1.594692293240E1));
#1409=CARTESIAN_POINT('',(-6.643943473206E0,-1.633355684561E0,
-1.597592073674E1));
#1410=CARTESIAN_POINT('',(-6.711050269524E0,-1.640299243582E0,
-1.599543690200E1));
#1411=CARTESIAN_POINT('',(-6.758490350910E0,-1.640878814337E0,-1.6E1));
#1412=CARTESIAN_POINT('',(-6.782637442045E0,-1.640233559272E0,-1.6E1));
#1414=CARTESIAN_POINT('',(-6.800000409396E0,-2.290000105416E0,
-1.499999987040E1));
#1415=DIRECTION('',(0.E0,0.E0,1.E0));
#1416=DIRECTION('',(6.060607322441E-1,7.954183734562E-1,0.E0));
#1417=AXIS2_PLACEMENT_3D('',#1414,#1415,#1416);
#1419=CARTESIAN_POINT('',(-7.114092705543E0,-1.562274946484E0,
-1.585738411807E1));
#1420=CARTESIAN_POINT('',(-7.148185459740E0,-1.530573697775E0,
-1.581476817533E1));
#1421=CARTESIAN_POINT('',(-7.213138746973E0,-1.471589688778E0,
-1.573357656628E1));
#1422=CARTESIAN_POINT('',(-7.298943879061E0,-1.395904681293E0,
-1.562632015117E1));
#1423=CARTESIAN_POINT('',(-7.376811563070E0,-1.328605298572E0,
-1.552898554618E1));
#1424=CARTESIAN_POINT('',(-7.449148232402E0,-1.267047464939E0,
-1.543856470943E1));
#1425=CARTESIAN_POINT('',(-7.518787289271E0,-1.208508146161E0,
-1.535151588868E1));
#1426=CARTESIAN_POINT('',(-7.588758665115E0,-1.150300878643E0,
-1.526405166762E1));
#1427=CARTESIAN_POINT('',(-7.659138208336E0,-1.092288153964E0,
-1.517607724326E1));
#1428=CARTESIAN_POINT('',(-7.729645187101E0,-1.034632267776E0,
-1.508794350238E1));
#1429=CARTESIAN_POINT('',(-7.776556140934E0,-9.965387995429E-1,
-1.502930485346E1));
#1430=CARTESIAN_POINT('',(-7.800000010214E0,-9.775595117535E-1,
-1.500000001686E1));
#1432=DIRECTION('',(-1.186084526854E-14,1.E0,0.E0));
#1433=VECTOR('',#1432,1.497664626072E-1);
#1434=CARTESIAN_POINT('',(-6.817362557955E0,-1.79E0,-1.6E1));
#1435=LINE('',#1434,#1433);
#1436=DIRECTION('',(-1.E0,0.E0,0.E0));
#1437=VECTOR('',#1436,3.472511591020E-2);
#1438=CARTESIAN_POINT('',(-6.782637442045E0,-1.79E0,-1.6E1));
#1439=LINE('',#1438,#1437);
#1440=DIRECTION('',(0.E0,-1.E0,0.E0));
#1441=VECTOR('',#1440,1.497664407281E-1);
#1442=CARTESIAN_POINT('',(-6.782637442045E0,-1.640233559272E0,-1.6E1));
#1443=LINE('',#1442,#1441);
#1444=DIRECTION('',(0.E0,1.E0,0.E0));
#1445=VECTOR('',#1444,1.497664407281E-1);
#1446=CARTESIAN_POINT('',(-6.817362557955E0,-2.939766440728E0,-1.6E1));
#1447=LINE('',#1446,#1445);
#1448=DIRECTION('',(0.E0,-1.E0,0.E0));
#1449=VECTOR('',#1448,1.497664626072E-1);
#1450=CARTESIAN_POINT('',(-6.782637442045E0,-2.79E0,-1.6E1));
#1451=LINE('',#1450,#1449);
#1452=DIRECTION('',(-1.E0,0.E0,0.E0));
#1453=VECTOR('',#1452,3.472511591020E-2);
#1454=CARTESIAN_POINT('',(-6.782637442045E0,-2.79E0,-1.6E1));
#1455=LINE('',#1454,#1453);
#1456=CARTESIAN_POINT('',(-7.114092705543E0,-1.796783554404E0,
-1.585738411807E1));
#1457=CARTESIAN_POINT('',(-7.076074906449E0,-1.794523148647E0,
-1.590490636694E1));
#1458=CARTESIAN_POINT('',(-6.986828229181E0,-1.791307378603E0,
-1.597251397403E1));
#1459=CARTESIAN_POINT('',(-6.878262694405E0,-1.79E0,-1.6E1));
#1460=CARTESIAN_POINT('',(-6.817362557955E0,-1.79E0,-1.6E1));
#1462=DIRECTION('',(1.E0,0.E0,0.E0));
#1463=VECTOR('',#1462,2.E0);
#1464=CARTESIAN_POINT('',(-7.8E0,-2.040282327180E0,-1.073812212640E1));
#1465=LINE('',#1464,#1463);
#1466=CARTESIAN_POINT('',(-6.782637442045E0,-1.79E0,-1.6E1));
#1467=CARTESIAN_POINT('',(-6.721737305595E0,-1.79E0,-1.6E1));
#1468=CARTESIAN_POINT('',(-6.613171770819E0,-1.791307378603E0,
-1.597251397403E1));
#1469=CARTESIAN_POINT('',(-6.523925093551E0,-1.794523148647E0,
-1.590490636694E1));
#1470=CARTESIAN_POINT('',(-6.485907294457E0,-1.796783554404E0,
-1.585738411807E1));
#1472=DIRECTION('',(0.E0,4.751149440766E-2,9.988706912805E-1));
#1473=VECTOR('',#1472,4.266696290927E0);
#1474=CARTESIAN_POINT('',(-7.8E0,-2.742434789786E0,-1.5E1));
#1475=LINE('',#1474,#1473);
#1476=CARTESIAN_POINT('',(-7.8E0,-2.29E0,-1.075E1));
#1477=DIRECTION('',(-1.E0,0.E0,0.E0));
#1478=DIRECTION('',(0.E0,-9.988706912805E-1,4.751149440766E-2));
#1479=AXIS2_PLACEMENT_3D('',#1476,#1477,#1478);
#1481=DIRECTION('',(0.E0,-4.751149440767E-2,9.988706912805E-1));
#1482=VECTOR('',#1481,4.266696290927E0);
#1483=CARTESIAN_POINT('',(-7.8E0,-1.837565210214E0,-1.5E1));
#1484=LINE('',#1483,#1482);
#1485=DIRECTION('',(-1.187652023391E-8,1.E0,-1.960090203080E-8));
#1486=VECTOR('',#1485,8.600056984608E-1);
#1487=CARTESIAN_POINT('',(-7.8E0,-1.837565210214E0,-1.5E1));
#1488=LINE('',#1487,#1486);
#1489=DIRECTION('',(0.E0,0.E0,-1.E0));
#1490=VECTOR('',#1489,5.58E0);
#1491=CARTESIAN_POINT('',(-7.8E0,-3.120662386292E0,-9.E0));
#1492=LINE('',#1491,#1490);
#1493=DIRECTION('',(4.413913832856E-7,-6.150461282924E-8,-9.999999999999E-1));
#1494=VECTOR('',#1493,4.200000014581E-1);
#1495=CARTESIAN_POINT('',(-7.8E0,-3.602440474841E0,-1.458E1));
#1496=LINE('',#1495,#1494);
#1497=DIRECTION('',(-2.155618029935E-7,1.E0,1.695372626726E-9));
#1498=VECTOR('',#1497,8.600057108869E-1);
#1499=CARTESIAN_POINT('',(-7.799999814616E0,-3.602440500673E0,
-1.500000000146E1));
#1500=LINE('',#1499,#1498);
#1501=DIRECTION('',(1.E0,0.E0,0.E0));
#1502=VECTOR('',#1501,2.E0);
#1503=CARTESIAN_POINT('',(-7.8E0,-2.539717672820E0,-1.073812212640E1));
#1504=LINE('',#1503,#1502);
#1505=DIRECTION('',(0.E0,4.751149440767E-2,9.988706912805E-1));
#1506=VECTOR('',#1505,1.063078417328E0);
#1507=CARTESIAN_POINT('',(-5.8E0,-2.590226117100E0,-1.18E1));
#1508=LINE('',#1507,#1506);
#1509=DIRECTION('',(0.E0,4.751149440767E-2,-9.988706912805E-1));
#1510=VECTOR('',#1509,1.063078417328E0);
#1511=CARTESIAN_POINT('',(-5.8E0,-2.040282327180E0,-1.073812212640E1));
#1512=LINE('',#1511,#1510);
#1513=CARTESIAN_POINT('',(-5.8E0,-2.29E0,-1.075E1));
#1514=DIRECTION('',(-1.E0,0.E0,0.E0));
#1515=DIRECTION('',(0.E0,-9.988706912805E-1,4.751149440767E-2));
#1516=AXIS2_PLACEMENT_3D('',#1513,#1514,#1515);
#1518=DIRECTION('',(0.E0,-1.E0,0.E0));
#1519=VECTOR('',#1518,6.004522341998E-1);
#1520=CARTESIAN_POINT('',(-5.8E0,-1.989773882900E0,-1.18E1));
#1521=LINE('',#1520,#1519);
#1522=DIRECTION('',(0.E0,-1.E0,0.E0));
#1523=VECTOR('',#1522,4.497738829001E-1);
#1524=CARTESIAN_POINT('',(-5.8E0,-2.590226117100E0,-1.18E1));
#1525=LINE('',#1524,#1523);
#1526=DIRECTION('',(-1.E0,0.E0,0.E0));
#1527=VECTOR('',#1526,1.05E0);
#1528=CARTESIAN_POINT('',(-4.75E0,-3.04E0,-1.18E1));
#1529=LINE('',#1528,#1527);
#1530=DIRECTION('',(1.E0,0.E0,0.E0));
#1531=VECTOR('',#1530,1.05E0);
#1532=CARTESIAN_POINT('',(-5.8E0,-1.54E0,-1.18E1));
#1533=LINE('',#1532,#1531);
#1534=DIRECTION('',(0.E0,-1.E0,0.E0));
#1535=VECTOR('',#1534,4.497738829001E-1);
#1536=CARTESIAN_POINT('',(-5.8E0,-1.54E0,-1.18E1));
#1537=LINE('',#1536,#1535);
#1538=DIRECTION('',(0.E0,0.E0,-1.E0));
#1539=VECTOR('',#1538,2.8E0);
#1540=CARTESIAN_POINT('',(-5.8E0,-1.54E0,-9.E0));
#1541=LINE('',#1540,#1539);
#1542=DIRECTION('',(-2.431874921216E-8,3.191863206379E-8,-1.E0));
#1543=VECTOR('',#1542,4.200000168569E-1);
#1544=CARTESIAN_POINT('',(-7.8E0,-9.775595251593E-1,-1.458E1));
#1545=LINE('',#1544,#1543);
#1546=DIRECTION('',(0.E0,-1.E0,0.E0));
#1547=VECTOR('',#1546,4.817780885489E-1);
#1548=CARTESIAN_POINT('',(-5.8E0,-3.120662386292E0,-1.458E1));
#1549=LINE('',#1548,#1547);
#1550=CARTESIAN_POINT('',(-6.8E0,-2.29E0,-1.458E1));
#1551=DIRECTION('',(0.E0,0.E0,-1.E0));
#1552=DIRECTION('',(6.060606060606E-1,-7.954184696004E-1,0.E0));
#1553=AXIS2_PLACEMENT_3D('',#1550,#1551,#1552);
#1555=DIRECTION('',(0.E0,1.E0,0.E0));
#1556=VECTOR('',#1555,4.817780885489E-1);
#1557=CARTESIAN_POINT('',(-7.8E0,-3.602440474841E0,-1.458E1));
#1558=LINE('',#1557,#1556);
#1559=DIRECTION('',(0.E0,1.E0,0.E0));
#1560=VECTOR('',#1559,4.817780885489E-1);
#1561=CARTESIAN_POINT('',(-7.8E0,-1.459337613708E0,-1.458E1));
#1562=LINE('',#1561,#1560);
#1563=CARTESIAN_POINT('',(-6.8E0,-2.29E0,-1.458E1));
#1564=DIRECTION('',(0.E0,0.E0,-1.E0));
#1565=DIRECTION('',(-6.060606060606E-1,7.954184696004E-1,0.E0));
#1566=AXIS2_PLACEMENT_3D('',#1563,#1564,#1565);
#1568=DIRECTION('',(0.E0,-1.E0,0.E0));
#1569=VECTOR('',#1568,4.817780885489E-1);
#1570=CARTESIAN_POINT('',(-5.8E0,-9.775595251593E-1,-1.458E1));
#1571=LINE('',#1570,#1569);
#1572=CARTESIAN_POINT('',(-6.8E0,-2.29E0,-1.458E1));
#1573=DIRECTION('',(0.E0,0.E0,-1.E0));
#1574=DIRECTION('',(7.692307692308E-1,-6.389710663783E-1,0.E0));
#1575=AXIS2_PLACEMENT_3D('',#1572,#1573,#1574);
#1577=DIRECTION('',(0.E0,0.E0,-1.E0));
#1578=VECTOR('',#1577,5.58E0);
#1579=CARTESIAN_POINT('',(-5.8E0,-3.120662386292E0,-9.E0));
#1580=LINE('',#1579,#1578);
#1581=DIRECTION('',(2.431874498274E-8,-3.191863153512E-8,-1.E0));
#1582=VECTOR('',#1581,4.200000168569E-1);
#1583=CARTESIAN_POINT('',(-5.8E0,-3.602440474841E0,-1.458E1));
#1584=LINE('',#1583,#1582);
#1585=CARTESIAN_POINT('',(-7.114092705543E0,-3.017724700118E0,
-1.585738411807E1));
#1586=CARTESIAN_POINT('',(-7.099716792517E0,-3.004357224393E0,
-1.587535400935E1));
#1587=CARTESIAN_POINT('',(-7.067852702854E0,-2.981897092013E0,
-1.590837661420E1));
#1588=CARTESIAN_POINT('',(-7.014614767236E0,-2.960073786829E0,
-1.594692293240E1));
#1589=CARTESIAN_POINT('',(-6.956056526794E0,-2.946644315439E0,
-1.597592073674E1));
#1590=CARTESIAN_POINT('',(-6.888949730476E0,-2.939700756418E0,
-1.599543690200E1));
#1591=CARTESIAN_POINT('',(-6.841509649090E0,-2.939121185663E0,-1.6E1));
#1592=CARTESIAN_POINT('',(-6.817362557955E0,-2.939766440728E0,-1.6E1));
#1594=CARTESIAN_POINT('',(-6.799999590604E0,-2.289999894584E0,
-1.499999987040E1));
#1595=DIRECTION('',(0.E0,0.E0,1.E0));
#1596=DIRECTION('',(-6.060607322441E-1,-7.954183734562E-1,0.E0));
#1597=AXIS2_PLACEMENT_3D('',#1594,#1595,#1596);
#1599=CARTESIAN_POINT('',(-6.485907294457E0,-3.017725053516E0,
-1.585738411807E1));
#1600=CARTESIAN_POINT('',(-6.451814540260E0,-3.049426302225E0,
-1.581476817533E1));
#1601=CARTESIAN_POINT('',(-6.386861253027E0,-3.108410311222E0,
-1.573357656628E1));
#1602=CARTESIAN_POINT('',(-6.301056120939E0,-3.184095318707E0,
-1.562632015117E1));
#1603=CARTESIAN_POINT('',(-6.223188436930E0,-3.251394701428E0,
-1.552898554618E1));
#1604=CARTESIAN_POINT('',(-6.150851767598E0,-3.312952535061E0,
-1.543856470943E1));
#1605=CARTESIAN_POINT('',(-6.081212710729E0,-3.371491853839E0,
-1.535151588868E1));
#1606=CARTESIAN_POINT('',(-6.011241334885E0,-3.429699121357E0,
-1.526405166762E1));
#1607=CARTESIAN_POINT('',(-5.940861791664E0,-3.487711846036E0,
-1.517607724326E1));
#1608=CARTESIAN_POINT('',(-5.870354812899E0,-3.545367732224E0,
-1.508794350238E1));
#1609=CARTESIAN_POINT('',(-5.823443859066E0,-3.583461200457E0,
-1.502930485346E1));
#1610=CARTESIAN_POINT('',(-5.799999989786E0,-3.602440488246E0,
-1.500000001686E1));
#1612=CARTESIAN_POINT('',(-6.782637442045E0,-2.939766462607E0,-1.6E1));
#1613=CARTESIAN_POINT('',(-6.758494151332E0,-2.939121339542E0,-1.6E1));
#1614=CARTESIAN_POINT('',(-6.711059852275E0,-2.939700892482E0,
-1.599543768857E1));
#1615=CARTESIAN_POINT('',(-6.643966973212E0,-2.946640759991E0,
-1.597592990007E1));
#1616=CARTESIAN_POINT('',(-6.585392283258E0,-2.960071012294E0,
-1.594692834779E1));
#1617=CARTESIAN_POINT('',(-6.532147838943E0,-2.981896846589E0,
-1.590837732195E1));
#1618=CARTESIAN_POINT('',(-6.500283031855E0,-3.004357731415E0,
-1.587535378982E1));
#1619=CARTESIAN_POINT('',(-6.485907294457E0,-3.017725053516E0,
-1.585738411807E1));
#1621=CARTESIAN_POINT('',(-6.799999590604E0,-2.289999894584E0,-1.6E1));
#1622=DIRECTION('',(0.E0,0.E0,-1.E0));
#1623=DIRECTION('',(2.671105983165E-2,-9.996431959868E-1,0.E0));
#1624=AXIS2_PLACEMENT_3D('',#1621,#1622,#1623);
#1626=DIRECTION('',(0.E0,-1.E0,0.E0));
#1627=VECTOR('',#1626,2.345082545218E-1);
#1628=CARTESIAN_POINT('',(-6.485907294457E0,-1.562275299882E0,
-1.585738411807E1));
#1629=LINE('',#1628,#1627);
#1630=DIRECTION('',(6.242645962796E-1,-3.711659593924E-2,7.803307453495E-1));
#1631=VECTOR('',#1630,1.098744504405E0);
#1632=CARTESIAN_POINT('',(-6.485907294457E0,-1.796783554404E0,
-1.585738411807E1));
#1633=LINE('',#1632,#1631);
#1634=CARTESIAN_POINT('',(-6.485907294457E0,-1.562275299882E0,
-1.585738411807E1));
#1635=CARTESIAN_POINT('',(-6.451814527585E0,-1.530574062351E0,
-1.581476815948E1));
#1636=CARTESIAN_POINT('',(-6.386861218029E0,-1.471590072157E0,
-1.573357652252E1));
#1637=CARTESIAN_POINT('',(-6.301056059772E0,-1.395905085832E0,
-1.562632007475E1));
#1638=CARTESIAN_POINT('',(-6.223188355698E0,-1.328605720272E0,
-1.552898544447E1));
#1639=CARTESIAN_POINT('',(-6.150851669105E0,-1.267047903622E0,
-1.543856458693E1));
#1640=CARTESIAN_POINT('',(-6.081212602986E0,-1.208508593532E0,
-1.535151575168E1));
#1641=CARTESIAN_POINT('',(-6.011241200323E0,-1.150301360742E0,
-1.526405150808E1));
#1642=CARTESIAN_POINT('',(-5.940861700768E0,-1.092288568396E0,
-1.517607709732E1));
#1643=CARTESIAN_POINT('',(-5.870354504033E0,-1.034632989643E0,
-1.508794323691E1));
#1644=CARTESIAN_POINT('',(-5.823444056810E0,-9.965387888606E-1,
-1.502930484074E1));
#1645=CARTESIAN_POINT('',(-5.800000185384E0,-9.775594993274E-1,
-1.500000000146E1));
#1647=DIRECTION('',(0.E0,-1.E0,0.E0));
#1648=VECTOR('',#1647,2.345086079196E-1);
#1649=CARTESIAN_POINT('',(-6.485907294457E0,-2.783216445596E0,
-1.585738411807E1));
#1650=LINE('',#1649,#1648);
#1651=DIRECTION('',(6.242645962796E-1,3.711659593924E-2,7.803307453495E-1));
#1652=VECTOR('',#1651,1.098744504405E0);
#1653=CARTESIAN_POINT('',(-6.485907294457E0,-2.783216445596E0,
-1.585738411807E1));
#1654=LINE('',#1653,#1652);
#1655=CARTESIAN_POINT('',(-6.8E0,-2.29E0,-1.458E1));
#1656=DIRECTION('',(0.E0,0.E0,-1.E0));
#1657=DIRECTION('',(-7.692307692308E-1,6.389710663783E-1,0.E0));
#1658=AXIS2_PLACEMENT_3D('',#1655,#1656,#1657);
#1660=DIRECTION('',(0.E0,0.E0,-1.E0));
#1661=VECTOR('',#1660,5.58E0);
#1662=CARTESIAN_POINT('',(-7.8E0,-1.459337613708E0,-9.E0));
#1663=LINE('',#1662,#1661);
#1664=DIRECTION('',(0.E0,1.E0,0.E0));
#1665=VECTOR('',#1664,1.3E0);
#1666=CARTESIAN_POINT('',(1.7E0,-6.1E0,-3.2E0));
#1667=LINE('',#1666,#1665);
#1668=DIRECTION('',(0.E0,0.E0,-1.E0));
#1669=VECTOR('',#1668,7.5E-1);
#1670=CARTESIAN_POINT('',(1.7E0,-6.1E0,-2.45E0));
#1671=LINE('',#1670,#1669);
#1672=DIRECTION('',(0.E0,-4.687158068994E-1,-8.833490206949E-1));
#1673=VECTOR('',#1672,2.773535649672E0);
#1674=CARTESIAN_POINT('',(1.7E0,-4.8E0,0.E0));
#1675=LINE('',#1674,#1673);
#1676=DIRECTION('',(1.E0,0.E0,0.E0));
#1677=VECTOR('',#1676,3.4E0);
#1678=CARTESIAN_POINT('',(-1.7E0,-6.1E0,-3.2E0));
#1679=LINE('',#1678,#1677);
#1680=DIRECTION('',(1.E0,0.E0,0.E0));
#1681=VECTOR('',#1680,3.4E0);
#1682=CARTESIAN_POINT('',(-1.7E0,-6.1E0,-2.45E0));
#1683=LINE('',#1682,#1681);
#1684=DIRECTION('',(0.E0,0.E0,-1.E0));
#1685=VECTOR('',#1684,1.E0);
#1686=CARTESIAN_POINT('',(3.1E0,-3.975E0,-1.18E1));
#1687=LINE('',#1686,#1685);
#1688=DIRECTION('',(0.E0,0.E0,-1.E0));
#1689=VECTOR('',#1688,1.E0);
#1690=CARTESIAN_POINT('',(-1.1E0,-3.975E0,-1.18E1));
#1691=LINE('',#1690,#1689);
#1692=DIRECTION('',(0.E0,0.E0,-1.E0));
#1693=VECTOR('',#1692,1.E0);
#1694=CARTESIAN_POINT('',(-3.1E0,-3.975E0,-1.18E1));
#1695=LINE('',#1694,#1693);
#1696=DIRECTION('',(0.E0,0.E0,-1.E0));
#1697=VECTOR('',#1696,4.2E0);
#1698=CARTESIAN_POINT('',(-2.67E0,-3.025E0,-1.18E1));
#1699=LINE('',#1698,#1697);
#1700=DIRECTION('',(0.E0,0.E0,-1.E0));
#1701=VECTOR('',#1700,4.2E0);
#1702=CARTESIAN_POINT('',(-1.53E0,-3.025E0,-1.18E1));
#1703=LINE('',#1702,#1701);
#1704=DIRECTION('',(0.E0,0.E0,-1.E0));
#1705=VECTOR('',#1704,4.2E0);
#1706=CARTESIAN_POINT('',(-1.53E0,-2.475E0,-1.18E1));
#1707=LINE('',#1706,#1705);
#1708=DIRECTION('',(0.E0,0.E0,-1.E0));
#1709=VECTOR('',#1708,4.2E0);
#1710=CARTESIAN_POINT('',(-2.67E0,-2.475E0,-1.18E1));
#1711=LINE('',#1710,#1709);
#1712=DIRECTION('',(0.E0,1.E0,0.E0));
#1713=VECTOR('',#1712,5.5E-1);
#1714=CARTESIAN_POINT('',(-2.67E0,-3.025E0,-1.6E1));
#1715=LINE('',#1714,#1713);
#1716=DIRECTION('',(-1.E0,0.E0,0.E0));
#1717=VECTOR('',#1716,1.14E0);
#1718=CARTESIAN_POINT('',(-1.53E0,-3.025E0,-1.6E1));
#1719=LINE('',#1718,#1717);
#1720=DIRECTION('',(0.E0,-1.E0,0.E0));
#1721=VECTOR('',#1720,5.5E-1);
#1722=CARTESIAN_POINT('',(-1.53E0,-2.475E0,-1.6E1));
#1723=LINE('',#1722,#1721);
#1724=DIRECTION('',(1.E0,0.E0,0.E0));
#1725=VECTOR('',#1724,1.14E0);
#1726=CARTESIAN_POINT('',(-2.67E0,-2.475E0,-1.6E1));
#1727=LINE('',#1726,#1725);
#1728=DIRECTION('',(1.E0,0.E0,0.E0));
#1729=VECTOR('',#1728,1.14E0);
#1730=CARTESIAN_POINT('',(-2.67E0,3.025E0,-1.6E1));
#1731=LINE('',#1730,#1729);
#1732=DIRECTION('',(0.E0,1.E0,0.E0));
#1733=VECTOR('',#1732,5.5E-1);
#1734=CARTESIAN_POINT('',(-2.67E0,2.475E0,-1.6E1));
#1735=LINE('',#1734,#1733);
#1736=DIRECTION('',(-1.E0,0.E0,0.E0));
#1737=VECTOR('',#1736,1.14E0);
#1738=CARTESIAN_POINT('',(-1.53E0,2.475E0,-1.6E1));
#1739=LINE('',#1738,#1737);
#1740=DIRECTION('',(0.E0,-1.E0,0.E0));
#1741=VECTOR('',#1740,5.5E-1);
#1742=CARTESIAN_POINT('',(-1.53E0,3.025E0,-1.6E1));
#1743=LINE('',#1742,#1741);
#1744=DIRECTION('',(0.E0,0.E0,-1.E0));
#1745=VECTOR('',#1744,4.2E0);
#1746=CARTESIAN_POINT('',(-2.67E0,3.025E0,-1.18E1));
#1747=LINE('',#1746,#1745);
#1748=DIRECTION('',(0.E0,0.E0,-1.E0));
#1749=VECTOR('',#1748,4.2E0);
#1750=CARTESIAN_POINT('',(-2.67E0,2.475E0,-1.18E1));
#1751=LINE('',#1750,#1749);
#1752=DIRECTION('',(0.E0,0.E0,-1.E0));
#1753=VECTOR('',#1752,4.2E0);
#1754=CARTESIAN_POINT('',(-1.53E0,2.475E0,-1.18E1));
#1755=LINE('',#1754,#1753);
#1756=DIRECTION('',(0.E0,0.E0,-1.E0));
#1757=VECTOR('',#1756,4.2E0);
#1758=CARTESIAN_POINT('',(-1.53E0,3.025E0,-1.18E1));
#1759=LINE('',#1758,#1757);
#1760=DIRECTION('',(0.E0,0.E0,-1.E0));
#1761=VECTOR('',#1760,4.2E0);
#1762=CARTESIAN_POINT('',(1.53E0,-3.025E0,-1.18E1));
#1763=LINE('',#1762,#1761);
#1764=DIRECTION('',(0.E0,0.E0,-1.E0));
#1765=VECTOR('',#1764,4.2E0);
#1766=CARTESIAN_POINT('',(2.67E0,-3.025E0,-1.18E1));
#1767=LINE('',#1766,#1765);
#1768=DIRECTION('',(0.E0,0.E0,-1.E0));
#1769=VECTOR('',#1768,4.2E0);
#1770=CARTESIAN_POINT('',(2.67E0,-2.475E0,-1.18E1));
#1771=LINE('',#1770,#1769);
#1772=DIRECTION('',(0.E0,0.E0,-1.E0));
#1773=VECTOR('',#1772,4.2E0);
#1774=CARTESIAN_POINT('',(1.53E0,-2.475E0,-1.18E1));
#1775=LINE('',#1774,#1773);
#1776=DIRECTION('',(0.E0,1.E0,0.E0));
#1777=VECTOR('',#1776,5.5E-1);
#1778=CARTESIAN_POINT('',(1.53E0,-3.025E0,-1.6E1));
#1779=LINE('',#1778,#1777);
#1780=DIRECTION('',(-1.E0,0.E0,0.E0));
#1781=VECTOR('',#1780,1.14E0);
#1782=CARTESIAN_POINT('',(2.67E0,-3.025E0,-1.6E1));
#1783=LINE('',#1782,#1781);
#1784=DIRECTION('',(0.E0,-1.E0,0.E0));
#1785=VECTOR('',#1784,5.5E-1);
#1786=CARTESIAN_POINT('',(2.67E0,-2.475E0,-1.6E1));
#1787=LINE('',#1786,#1785);
#1788=DIRECTION('',(1.E0,0.E0,0.E0));
#1789=VECTOR('',#1788,1.14E0);
#1790=CARTESIAN_POINT('',(1.53E0,-2.475E0,-1.6E1));
#1791=LINE('',#1790,#1789);
#1792=DIRECTION('',(1.E0,0.E0,0.E0));
#1793=VECTOR('',#1792,1.14E0);
#1794=CARTESIAN_POINT('',(1.53E0,3.025E0,-1.6E1));
#1795=LINE('',#1794,#1793);
#1796=DIRECTION('',(0.E0,1.E0,0.E0));
#1797=VECTOR('',#1796,5.5E-1);
#1798=CARTESIAN_POINT('',(1.53E0,2.475E0,-1.6E1));
#1799=LINE('',#1798,#1797);
#1800=DIRECTION('',(-1.E0,0.E0,0.E0));
#1801=VECTOR('',#1800,1.14E0);
#1802=CARTESIAN_POINT('',(2.67E0,2.475E0,-1.6E1));
#1803=LINE('',#1802,#1801);
#1804=DIRECTION('',(0.E0,-1.E0,0.E0));
#1805=VECTOR('',#1804,5.5E-1);
#1806=CARTESIAN_POINT('',(2.67E0,3.025E0,-1.6E1));
#1807=LINE('',#1806,#1805);
#1808=DIRECTION('',(0.E0,0.E0,-1.E0));
#1809=VECTOR('',#1808,4.2E0);
#1810=CARTESIAN_POINT('',(1.53E0,3.025E0,-1.18E1));
#1811=LINE('',#1810,#1809);
#1812=DIRECTION('',(0.E0,0.E0,-1.E0));
#1813=VECTOR('',#1812,4.2E0);
#1814=CARTESIAN_POINT('',(1.53E0,2.475E0,-1.18E1));
#1815=LINE('',#1814,#1813);
#1816=DIRECTION('',(0.E0,0.E0,-1.E0));
#1817=VECTOR('',#1816,4.2E0);
#1818=CARTESIAN_POINT('',(2.67E0,2.475E0,-1.18E1));
#1819=LINE('',#1818,#1817);
#1820=DIRECTION('',(0.E0,0.E0,-1.E0));
#1821=VECTOR('',#1820,4.2E0);
#1822=CARTESIAN_POINT('',(2.67E0,3.025E0,-1.18E1));
#1823=LINE('',#1822,#1821);
#1824=CARTESIAN_POINT('',(4.75E0,-4.8E0,-1.28E1));
#1825=CARTESIAN_POINT('',(4.75E0,4.8E0,-1.28E1));
#1826=VERTEX_POINT('',#1824);
#1827=VERTEX_POINT('',#1825);
#1828=CARTESIAN_POINT('',(4.75E0,-4.8E0,0.E0));
#1829=CARTESIAN_POINT('',(4.75E0,4.8E0,0.E0));
#1830=VERTEX_POINT('',#1828);
#1831=VERTEX_POINT('',#1829);
#1832=CARTESIAN_POINT('',(-4.75E0,4.8E0,0.E0));
#1833=VERTEX_POINT('',#1832);
#1834=CARTESIAN_POINT('',(-4.75E0,4.8E0,-1.28E1));
#1835=VERTEX_POINT('',#1834);
#1836=CARTESIAN_POINT('',(-4.75E0,-4.8E0,-1.28E1));
#1837=CARTESIAN_POINT('',(-4.75E0,-4.8E0,0.E0));
#1838=VERTEX_POINT('',#1836);
#1839=VERTEX_POINT('',#1837);
#1840=CARTESIAN_POINT('',(-4.E0,3.975E0,-9.05E0));
#1841=CARTESIAN_POINT('',(-4.E0,2.25E-1,-9.05E0));
#1842=VERTEX_POINT('',#1840);
#1843=VERTEX_POINT('',#1841);
#1844=CARTESIAN_POINT('',(-2.E-1,2.25E-1,-9.05E0));
#1845=VERTEX_POINT('',#1844);
#1846=CARTESIAN_POINT('',(-2.E-1,3.975E0,-9.05E0));
#1847=VERTEX_POINT('',#1846);
#1848=CARTESIAN_POINT('',(-4.E0,-3.975E0,-9.05E0));
#1849=CARTESIAN_POINT('',(-2.E-1,-3.975E0,-9.05E0));
#1850=VERTEX_POINT('',#1848);
#1851=VERTEX_POINT('',#1849);
#1852=CARTESIAN_POINT('',(-4.E0,3.975E0,0.E0));
#1853=CARTESIAN_POINT('',(-4.E0,2.25E-1,0.E0));
#1854=VERTEX_POINT('',#1852);
#1855=VERTEX_POINT('',#1853);
#1856=CARTESIAN_POINT('',(-2.E-1,2.25E-1,0.E0));
#1857=VERTEX_POINT('',#1856);
#1858=CARTESIAN_POINT('',(-2.E-1,3.975E0,0.E0));
#1859=VERTEX_POINT('',#1858);
#1860=CARTESIAN_POINT('',(-4.E0,-3.975E0,0.E0));
#1861=CARTESIAN_POINT('',(-2.E-1,-3.975E0,0.E0));
#1862=VERTEX_POINT('',#1860);
#1863=VERTEX_POINT('',#1861);
#1864=CARTESIAN_POINT('',(-2.6E0,2.6E0,-3.35E0));
#1865=CARTESIAN_POINT('',(-2.6E0,1.6E0,-3.35E0));
#1866=VERTEX_POINT('',#1864);
#1867=VERTEX_POINT('',#1865);
#1868=CARTESIAN_POINT('',(-1.6E0,1.6E0,-3.35E0));
#1869=VERTEX_POINT('',#1868);
#1870=CARTESIAN_POINT('',(-1.6E0,2.6E0,-3.35E0));
#1871=VERTEX_POINT('',#1870);
#1872=CARTESIAN_POINT('',(-2.6E0,-2.6E0,-3.35E0));
#1873=CARTESIAN_POINT('',(-1.6E0,-2.6E0,-3.35E0));
#1874=VERTEX_POINT('',#1872);
#1875=VERTEX_POINT('',#1873);
#1876=CARTESIAN_POINT('',(-1.6E0,-1.6E0,-3.35E0));
#1877=VERTEX_POINT('',#1876);
#1878=CARTESIAN_POINT('',(-2.6E0,-1.6E0,-3.35E0));
#1879=VERTEX_POINT('',#1878);
#1880=CARTESIAN_POINT('',(-2.6E0,2.6E0,-9.05E0));
#1881=CARTESIAN_POINT('',(-2.6E0,1.6E0,-9.05E0));
#1882=VERTEX_POINT('',#1880);
#1883=VERTEX_POINT('',#1881);
#1884=CARTESIAN_POINT('',(-1.6E0,1.6E0,-9.05E0));
#1885=VERTEX_POINT('',#1884);
#1886=CARTESIAN_POINT('',(-1.6E0,2.6E0,-9.05E0));
#1887=VERTEX_POINT('',#1886);
#1888=CARTESIAN_POINT('',(-2.6E0,-2.6E0,-9.05E0));
#1889=CARTESIAN_POINT('',(-1.6E0,-2.6E0,-9.05E0));
#1890=VERTEX_POINT('',#1888);
#1891=VERTEX_POINT('',#1889);
#1892=CARTESIAN_POINT('',(-1.6E0,-1.6E0,-9.05E0));
#1893=VERTEX_POINT('',#1892);
#1894=CARTESIAN_POINT('',(-2.6E0,-1.6E0,-9.05E0));
#1895=VERTEX_POINT('',#1894);
#1896=CARTESIAN_POINT('',(-2.67E0,-3.025E0,-1.6E1));
#1897=CARTESIAN_POINT('',(-2.67E0,-2.475E0,-1.6E1));
#1898=VERTEX_POINT('',#1896);
#1899=VERTEX_POINT('',#1897);
#1900=CARTESIAN_POINT('',(-1.53E0,-2.475E0,-1.6E1));
#1901=VERTEX_POINT('',#1900);
#1902=CARTESIAN_POINT('',(-1.53E0,-3.025E0,-1.6E1));
#1903=VERTEX_POINT('',#1902);
#1904=CARTESIAN_POINT('',(-2.67E0,3.025E0,-1.6E1));
#1905=CARTESIAN_POINT('',(-1.53E0,3.025E0,-1.6E1));
#1906=VERTEX_POINT('',#1904);
#1907=VERTEX_POINT('',#1905);
#1908=CARTESIAN_POINT('',(-1.53E0,2.475E0,-1.6E1));
#1909=VERTEX_POINT('',#1908);
#1910=CARTESIAN_POINT('',(-2.67E0,2.475E0,-1.6E1));
#1911=VERTEX_POINT('',#1910);
#1912=CARTESIAN_POINT('',(-2.67E0,-3.025E0,-1.18E1));
#1913=VERTEX_POINT('',#1912);
#1914=CARTESIAN_POINT('',(-2.67E0,-2.475E0,-1.18E1));
#1915=VERTEX_POINT('',#1914);
#1916=CARTESIAN_POINT('',(-1.53E0,-2.475E0,-1.18E1));
#1917=VERTEX_POINT('',#1916);
#1918=CARTESIAN_POINT('',(-1.53E0,-3.025E0,-1.18E1));
#1919=VERTEX_POINT('',#1918);
#1920=CARTESIAN_POINT('',(-2.67E0,3.025E0,-1.18E1));
#1921=VERTEX_POINT('',#1920);
#1922=CARTESIAN_POINT('',(-1.53E0,3.025E0,-1.18E1));
#1923=VERTEX_POINT('',#1922);
#1924=CARTESIAN_POINT('',(-1.53E0,2.475E0,-1.18E1));
#1925=VERTEX_POINT('',#1924);
#1926=CARTESIAN_POINT('',(-2.67E0,2.475E0,-1.18E1));
#1927=VERTEX_POINT('',#1926);
#1928=CARTESIAN_POINT('',(-3.1E0,-4.8E0,-1.18E1));
#1929=CARTESIAN_POINT('',(-1.1E0,-4.8E0,-1.18E1));
#1930=VERTEX_POINT('',#1928);
#1931=VERTEX_POINT('',#1929);
#1932=CARTESIAN_POINT('',(-3.1E0,-4.8E0,-1.28E1));
#1933=VERTEX_POINT('',#1932);
#1934=CARTESIAN_POINT('',(-1.1E0,-4.8E0,-1.28E1));
#1935=VERTEX_POINT('',#1934);
#1936=CARTESIAN_POINT('',(-3.1E0,4.8E0,-1.18E1));
#1937=CARTESIAN_POINT('',(-1.1E0,4.8E0,-1.18E1));
#1938=VERTEX_POINT('',#1936);
#1939=VERTEX_POINT('',#1937);
#1940=CARTESIAN_POINT('',(-1.1E0,4.8E0,-1.28E1));
#1941=VERTEX_POINT('',#1940);
#1942=CARTESIAN_POINT('',(-3.1E0,4.8E0,-1.28E1));
#1943=VERTEX_POINT('',#1942);
#1944=CARTESIAN_POINT('',(4.E0,-2.25E-1,-1.18E1));
#1945=CARTESIAN_POINT('',(4.E0,-3.975E0,-1.18E1));
#1946=VERTEX_POINT('',#1944);
#1947=VERTEX_POINT('',#1945);
#1948=CARTESIAN_POINT('',(-4.E0,-3.975E0,-1.18E1));
#1949=CARTESIAN_POINT('',(-4.E0,-2.25E-1,-1.18E1));
#1950=VERTEX_POINT('',#1948);
#1951=VERTEX_POINT('',#1949);
#1952=CARTESIAN_POINT('',(4.E0,-3.975E0,-1.28E1));
#1953=CARTESIAN_POINT('',(3.1E0,-3.975E0,-1.28E1));
#1954=VERTEX_POINT('',#1952);
#1955=VERTEX_POINT('',#1953);
#1956=CARTESIAN_POINT('',(1.1E0,-3.975E0,-1.28E1));
#1957=CARTESIAN_POINT('',(-1.1E0,-3.975E0,-1.28E1));
#1958=VERTEX_POINT('',#1956);
#1959=VERTEX_POINT('',#1957);
#1960=CARTESIAN_POINT('',(4.E0,-2.25E-1,-1.28E1));
#1961=VERTEX_POINT('',#1960);
#1962=CARTESIAN_POINT('',(-4.E0,-3.975E0,-1.28E1));
#1963=CARTESIAN_POINT('',(-4.E0,-2.25E-1,-1.28E1));
#1964=VERTEX_POINT('',#1962);
#1965=VERTEX_POINT('',#1963);
#1966=CARTESIAN_POINT('',(-3.1E0,-3.975E0,-1.18E1));
#1967=CARTESIAN_POINT('',(-3.1E0,-3.975E0,-1.28E1));
#1968=VERTEX_POINT('',#1966);
#1969=VERTEX_POINT('',#1967);
#1970=CARTESIAN_POINT('',(-1.1E0,-3.975E0,-1.18E1));
#1971=VERTEX_POINT('',#1970);
#1972=CARTESIAN_POINT('',(-1.1E0,3.975E0,-1.28E1));
#1973=VERTEX_POINT('',#1972);
#1974=CARTESIAN_POINT('',(-3.1E0,3.975E0,-1.28E1));
#1975=VERTEX_POINT('',#1974);
#1976=CARTESIAN_POINT('',(-1.1E0,3.975E0,-1.18E1));
#1977=VERTEX_POINT('',#1976);
#1978=CARTESIAN_POINT('',(-3.1E0,3.975E0,-1.18E1));
#1979=VERTEX_POINT('',#1978);
#1980=CARTESIAN_POINT('',(3.1E0,-3.975E0,-1.18E1));
#1981=VERTEX_POINT('',#1980);
#1982=CARTESIAN_POINT('',(1.1E0,-3.975E0,-1.18E1));
#1983=VERTEX_POINT('',#1982);
#1984=CARTESIAN_POINT('',(-4.E0,2.25E-1,-1.18E1));
#1985=CARTESIAN_POINT('',(-4.E0,3.975E0,-1.18E1));
#1986=VERTEX_POINT('',#1984);
#1987=VERTEX_POINT('',#1985);
#1988=CARTESIAN_POINT('',(4.E0,2.25E-1,-1.18E1));
#1989=VERTEX_POINT('',#1988);
#1990=CARTESIAN_POINT('',(4.E0,3.975E0,-1.18E1));
#1991=VERTEX_POINT('',#1990);
#1992=CARTESIAN_POINT('',(-4.E0,2.25E-1,-1.28E1));
#1993=CARTESIAN_POINT('',(-4.E0,3.975E0,-1.28E1));
#1994=VERTEX_POINT('',#1992);
#1995=VERTEX_POINT('',#1993);
#1996=CARTESIAN_POINT('',(4.E0,2.25E-1,-1.28E1));
#1997=VERTEX_POINT('',#1996);
#1998=CARTESIAN_POINT('',(4.E0,3.975E0,-1.28E1));
#1999=VERTEX_POINT('',#1998);
#2000=CARTESIAN_POINT('',(1.1E0,3.975E0,-1.28E1));
#2001=VERTEX_POINT('',#2000);
#2002=CARTESIAN_POINT('',(1.1E0,3.975E0,-1.18E1));
#2003=VERTEX_POINT('',#2002);
#2004=CARTESIAN_POINT('',(-1.7E0,-6.1E0,-2.45E0));
#2005=CARTESIAN_POINT('',(-1.7E0,-6.1E0,-3.2E0));
#2006=VERTEX_POINT('',#2004);
#2007=VERTEX_POINT('',#2005);
#2008=CARTESIAN_POINT('',(1.7E0,-6.1E0,-2.45E0));
#2009=CARTESIAN_POINT('',(1.7E0,-6.1E0,-3.2E0));
#2010=VERTEX_POINT('',#2008);
#2011=VERTEX_POINT('',#2009);
#2012=CARTESIAN_POINT('',(-1.7E0,-4.8E0,0.E0));
#2013=CARTESIAN_POINT('',(1.7E0,-4.8E0,0.E0));
#2014=VERTEX_POINT('',#2012);
#2015=VERTEX_POINT('',#2013);
#2016=CARTESIAN_POINT('',(-1.7E0,-4.8E0,-3.2E0));
#2017=VERTEX_POINT('',#2016);
#2018=CARTESIAN_POINT('',(1.7E0,-4.8E0,-3.2E0));
#2019=VERTEX_POINT('',#2018);
#2020=CARTESIAN_POINT('',(2.E-1,2.25E-1,-9.05E0));
#2021=CARTESIAN_POINT('',(4.E0,2.25E-1,-9.05E0));
#2022=VERTEX_POINT('',#2020);
#2023=VERTEX_POINT('',#2021);
#2024=CARTESIAN_POINT('',(2.E-1,-3.975E0,-9.05E0));
#2025=CARTESIAN_POINT('',(4.E0,-3.975E0,-9.05E0));
#2026=VERTEX_POINT('',#2024);
#2027=VERTEX_POINT('',#2025);
#2028=CARTESIAN_POINT('',(4.E0,-2.25E-1,-9.05E0));
#2029=VERTEX_POINT('',#2028);
#2030=CARTESIAN_POINT('',(2.E-1,-2.25E-1,-9.05E0));
#2031=VERTEX_POINT('',#2030);
#2032=CARTESIAN_POINT('',(2.E-1,2.25E-1,0.E0));
#2033=VERTEX_POINT('',#2032);
#2034=CARTESIAN_POINT('',(4.E0,2.25E-1,0.E0));
#2035=VERTEX_POINT('',#2034);
#2036=CARTESIAN_POINT('',(2.E-1,-3.975E0,0.E0));
#2037=VERTEX_POINT('',#2036);
#2038=CARTESIAN_POINT('',(4.E0,-3.975E0,0.E0));
#2039=VERTEX_POINT('',#2038);
#2040=CARTESIAN_POINT('',(4.E0,-2.25E-1,0.E0));
#2041=VERTEX_POINT('',#2040);
#2042=CARTESIAN_POINT('',(2.E-1,-2.25E-1,0.E0));
#2043=VERTEX_POINT('',#2042);
#2044=CARTESIAN_POINT('',(1.6E0,2.6E0,-3.35E0));
#2045=CARTESIAN_POINT('',(1.6E0,1.6E0,-3.35E0));
#2046=VERTEX_POINT('',#2044);
#2047=VERTEX_POINT('',#2045);
#2048=CARTESIAN_POINT('',(2.6E0,1.6E0,-3.35E0));
#2049=VERTEX_POINT('',#2048);
#2050=CARTESIAN_POINT('',(2.6E0,2.6E0,-3.35E0));
#2051=VERTEX_POINT('',#2050);
#2052=CARTESIAN_POINT('',(1.6E0,-2.6E0,-3.35E0));
#2053=CARTESIAN_POINT('',(2.6E0,-2.6E0,-3.35E0));
#2054=VERTEX_POINT('',#2052);
#2055=VERTEX_POINT('',#2053);
#2056=CARTESIAN_POINT('',(2.6E0,-1.6E0,-3.35E0));
#2057=VERTEX_POINT('',#2056);
#2058=CARTESIAN_POINT('',(1.6E0,-1.6E0,-3.35E0));
#2059=VERTEX_POINT('',#2058);
#2060=CARTESIAN_POINT('',(1.6E0,2.6E0,-9.05E0));
#2061=VERTEX_POINT('',#2060);
#2062=CARTESIAN_POINT('',(1.6E0,1.6E0,-9.05E0));
#2063=VERTEX_POINT('',#2062);
#2064=CARTESIAN_POINT('',(2.6E0,1.6E0,-9.05E0));
#2065=VERTEX_POINT('',#2064);
#2066=CARTESIAN_POINT('',(2.6E0,2.6E0,-9.05E0));
#2067=VERTEX_POINT('',#2066);
#2068=CARTESIAN_POINT('',(1.6E0,-2.6E0,-9.05E0));
#2069=VERTEX_POINT('',#2068);
#2070=CARTESIAN_POINT('',(2.6E0,-2.6E0,-9.05E0));
#2071=VERTEX_POINT('',#2070);
#2072=CARTESIAN_POINT('',(2.6E0,-1.6E0,-9.05E0));
#2073=VERTEX_POINT('',#2072);
#2074=CARTESIAN_POINT('',(1.6E0,-1.6E0,-9.05E0));
#2075=VERTEX_POINT('',#2074);
#2076=CARTESIAN_POINT('',(1.1E0,-4.8E0,-1.18E1));
#2077=CARTESIAN_POINT('',(3.1E0,-4.8E0,-1.18E1));
#2078=VERTEX_POINT('',#2076);
#2079=VERTEX_POINT('',#2077);
#2080=CARTESIAN_POINT('',(1.1E0,-4.8E0,-1.28E1));
#2081=VERTEX_POINT('',#2080);
#2082=CARTESIAN_POINT('',(3.1E0,-4.8E0,-1.28E1));
#2083=VERTEX_POINT('',#2082);
#2084=CARTESIAN_POINT('',(1.1E0,4.8E0,-1.18E1));
#2085=CARTESIAN_POINT('',(3.1E0,4.8E0,-1.18E1));
#2086=VERTEX_POINT('',#2084);
#2087=VERTEX_POINT('',#2085);
#2088=CARTESIAN_POINT('',(3.1E0,4.8E0,-1.28E1));
#2089=VERTEX_POINT('',#2088);
#2090=CARTESIAN_POINT('',(1.1E0,4.8E0,-1.28E1));
#2091=VERTEX_POINT('',#2090);
#2092=CARTESIAN_POINT('',(3.1E0,3.975E0,-1.28E1));
#2093=VERTEX_POINT('',#2092);
#2094=CARTESIAN_POINT('',(3.1E0,3.975E0,-1.18E1));
#2095=VERTEX_POINT('',#2094);
#2096=CARTESIAN_POINT('',(-2.E-1,-1.225E0,-9.05E0));
#2097=CARTESIAN_POINT('',(-1.2E0,-2.25E-1,-9.05E0));
#2098=VERTEX_POINT('',#2096);
#2099=VERTEX_POINT('',#2097);
#2100=CARTESIAN_POINT('',(-1.2E0,-2.25E-1,0.E0));
#2101=VERTEX_POINT('',#2100);
#2102=CARTESIAN_POINT('',(-2.E-1,-1.225E0,0.E0));
#2103=VERTEX_POINT('',#2102);
#2104=CARTESIAN_POINT('',(-3.E0,-2.25E-1,-9.05E0));
#2105=CARTESIAN_POINT('',(-4.E0,-1.225E0,-9.05E0));
#2106=VERTEX_POINT('',#2104);
#2107=VERTEX_POINT('',#2105);
#2108=CARTESIAN_POINT('',(-4.E0,-1.225E0,0.E0));
#2109=VERTEX_POINT('',#2108);
#2110=CARTESIAN_POINT('',(-3.E0,-2.25E-1,0.E0));
#2111=VERTEX_POINT('',#2110);
#2112=CARTESIAN_POINT('',(4.E0,2.975E0,-9.05E0));
#2113=CARTESIAN_POINT('',(3.E0,3.975E0,-9.05E0));
#2114=VERTEX_POINT('',#2112);
#2115=VERTEX_POINT('',#2113);
#2116=CARTESIAN_POINT('',(3.E0,3.975E0,0.E0));
#2117=VERTEX_POINT('',#2116);
#2118=CARTESIAN_POINT('',(4.E0,2.975E0,0.E0));
#2119=VERTEX_POINT('',#2118);
#2120=CARTESIAN_POINT('',(1.2E0,3.975E0,-9.05E0));
#2121=CARTESIAN_POINT('',(2.E-1,2.975E0,-9.05E0));
#2122=VERTEX_POINT('',#2120);
#2123=VERTEX_POINT('',#2121);
#2124=CARTESIAN_POINT('',(2.E-1,2.975E0,0.E0));
#2125=VERTEX_POINT('',#2124);
#2126=CARTESIAN_POINT('',(1.2E0,3.975E0,0.E0));
#2127=VERTEX_POINT('',#2126);
#2128=CARTESIAN_POINT('',(1.53E0,-3.025E0,-1.6E1));
#2129=CARTESIAN_POINT('',(1.53E0,-2.475E0,-1.6E1));
#2130=VERTEX_POINT('',#2128);
#2131=VERTEX_POINT('',#2129);
#2132=CARTESIAN_POINT('',(2.67E0,-2.475E0,-1.6E1));
#2133=VERTEX_POINT('',#2132);
#2134=CARTESIAN_POINT('',(2.67E0,-3.025E0,-1.6E1));
#2135=VERTEX_POINT('',#2134);
#2136=CARTESIAN_POINT('',(1.53E0,3.025E0,-1.6E1));
#2137=CARTESIAN_POINT('',(2.67E0,3.025E0,-1.6E1));
#2138=VERTEX_POINT('',#2136);
#2139=VERTEX_POINT('',#2137);
#2140=CARTESIAN_POINT('',(2.67E0,2.475E0,-1.6E1));
#2141=VERTEX_POINT('',#2140);
#2142=CARTESIAN_POINT('',(1.53E0,2.475E0,-1.6E1));
#2143=VERTEX_POINT('',#2142);
#2144=CARTESIAN_POINT('',(1.53E0,-3.025E0,-1.18E1));
#2145=CARTESIAN_POINT('',(1.53E0,-2.475E0,-1.18E1));
#2146=VERTEX_POINT('',#2144);
#2147=VERTEX_POINT('',#2145);
#2148=CARTESIAN_POINT('',(2.67E0,-2.475E0,-1.18E1));
#2149=VERTEX_POINT('',#2148);
#2150=CARTESIAN_POINT('',(2.67E0,-3.025E0,-1.18E1));
#2151=VERTEX_POINT('',#2150);
#2152=CARTESIAN_POINT('',(1.53E0,3.025E0,-1.18E1));
#2153=CARTESIAN_POINT('',(2.67E0,3.025E0,-1.18E1));
#2154=VERTEX_POINT('',#2152);
#2155=VERTEX_POINT('',#2153);
#2156=CARTESIAN_POINT('',(2.67E0,2.475E0,-1.18E1));
#2157=VERTEX_POINT('',#2156);
#2158=CARTESIAN_POINT('',(1.53E0,2.475E0,-1.18E1));
#2159=VERTEX_POINT('',#2158);
#2160=CARTESIAN_POINT('',(4.75E0,-1.54E0,-1.2E1));
#2161=CARTESIAN_POINT('',(4.75E0,-1.54E0,-9.E0));
#2162=VERTEX_POINT('',#2160);
#2163=VERTEX_POINT('',#2161);
#2164=CARTESIAN_POINT('',(4.75E0,-3.04E0,-1.2E1));
#2165=CARTESIAN_POINT('',(4.75E0,-3.04E0,-9.E0));
#2166=VERTEX_POINT('',#2164);
#2167=VERTEX_POINT('',#2165);
#2168=CARTESIAN_POINT('',(5.8E0,-3.120662386292E0,-9.E0));
#2169=CARTESIAN_POINT('',(7.8E0,-3.120662386292E0,-9.E0));
#2170=VERTEX_POINT('',#2168);
#2171=VERTEX_POINT('',#2169);
#2172=CARTESIAN_POINT('',(7.8E0,-1.459337613708E0,-9.E0));
#2173=VERTEX_POINT('',#2172);
#2174=CARTESIAN_POINT('',(5.8E0,-1.459337613708E0,-9.E0));
#2175=VERTEX_POINT('',#2174);
#2176=CARTESIAN_POINT('',(5.8E0,-1.54E0,-9.E0));
#2177=CARTESIAN_POINT('',(5.8E0,-1.54E0,-1.2E1));
#2178=VERTEX_POINT('',#2176);
#2179=VERTEX_POINT('',#2177);
#2180=CARTESIAN_POINT('',(5.8E0,-3.04E0,-9.E0));
#2181=CARTESIAN_POINT('',(5.8E0,-3.04E0,-1.2E1));
#2182=VERTEX_POINT('',#2180);
#2183=VERTEX_POINT('',#2181);
#2184=CARTESIAN_POINT('',(7.8E0,-3.602440474841E0,-1.458E1));
#2185=CARTESIAN_POINT('',(5.8E0,-3.602440474841E0,-1.458E1));
#2186=VERTEX_POINT('',#2184);
#2187=VERTEX_POINT('',#2185);
#2188=CARTESIAN_POINT('',(5.8E0,-9.775595251593E-1,-1.458E1));
#2189=CARTESIAN_POINT('',(7.8E0,-9.775595251593E-1,-1.458E1));
#2190=VERTEX_POINT('',#2188);
#2191=VERTEX_POINT('',#2189);
#2192=CARTESIAN_POINT('',(5.8E0,-3.120662386292E0,-1.458E1));
#2193=CARTESIAN_POINT('',(7.8E0,-3.120662386292E0,-1.458E1));
#2194=VERTEX_POINT('',#2192);
#2195=VERTEX_POINT('',#2193);
#2196=CARTESIAN_POINT('',(7.8E0,-1.459337613708E0,-1.458E1));
#2197=CARTESIAN_POINT('',(5.8E0,-1.459337613708E0,-1.458E1));
#2198=VERTEX_POINT('',#2196);
#2199=VERTEX_POINT('',#2197);
#2200=CARTESIAN_POINT('',(7.800000010104E0,-3.602440488102E0,
-1.500000001668E1));
#2201=VERTEX_POINT('',#2200);
#2202=CARTESIAN_POINT('',(5.800000183643E0,-3.602440499616E0,
-1.500000000241E1));
#2203=VERTEX_POINT('',#2202);
#2204=CARTESIAN_POINT('',(5.799999989896E0,-9.775595118981E-1,
-1.500000001668E1));
#2205=VERTEX_POINT('',#2204);
#2206=CARTESIAN_POINT('',(7.799999816357E0,-9.775595003843E-1,
-1.500000000241E1));
#2207=VERTEX_POINT('',#2206);
#2208=VERTEX_POINT('',#944);
#2209=VERTEX_POINT('',#1249);
#2210=VERTEX_POINT('',#976);
#2211=VERTEX_POINT('',#1059);
#2212=CARTESIAN_POINT('',(5.8E0,-2.040282152655E0,-1.073812212640E1));
#2213=CARTESIAN_POINT('',(5.8E0,-2.539717498295E0,-1.073812212640E1));
#2214=VERTEX_POINT('',#2212);
#2215=VERTEX_POINT('',#2213);
#2216=CARTESIAN_POINT('',(5.8E0,-2.599738984618E0,-1.2E1));
#2217=CARTESIAN_POINT('',(5.8E0,-2.742434615261E0,-1.5E1));
#2218=VERTEX_POINT('',#2216);
#2219=VERTEX_POINT('',#2217);
#2220=CARTESIAN_POINT('',(5.8E0,-1.980260666333E0,-1.2E1));
#2221=CARTESIAN_POINT('',(5.8E0,-1.837565035690E0,-1.5E1));
#2222=VERTEX_POINT('',#2220);
#2223=VERTEX_POINT('',#2221);
#2224=CARTESIAN_POINT('',(7.8E0,-2.539717498295E0,-1.073812212640E1));
#2225=CARTESIAN_POINT('',(7.8E0,-2.742434615261E0,-1.5E1));
#2226=VERTEX_POINT('',#2224);
#2227=VERTEX_POINT('',#2225);
#2228=CARTESIAN_POINT('',(7.8E0,-2.040282152655E0,-1.073812212640E1));
#2229=VERTEX_POINT('',#2228);
#2230=CARTESIAN_POINT('',(7.8E0,-1.837565035690E0,-1.5E1));
#2231=VERTEX_POINT('',#2230);
#2232=CARTESIAN_POINT('',(-4.75E0,-3.04E0,-9.E0));
#2233=CARTESIAN_POINT('',(-4.75E0,-1.54E0,-9.E0));
#2234=VERTEX_POINT('',#2232);
#2235=VERTEX_POINT('',#2233);
#2236=CARTESIAN_POINT('',(-4.75E0,-3.04E0,-1.18E1));
#2237=VERTEX_POINT('',#2236);
#2238=CARTESIAN_POINT('',(-4.75E0,-1.54E0,-1.18E1));
#2239=VERTEX_POINT('',#2238);
#2240=CARTESIAN_POINT('',(-5.8E0,-3.120662386292E0,-9.E0));
#2241=CARTESIAN_POINT('',(-7.8E0,-3.120662386292E0,-9.E0));
#2242=VERTEX_POINT('',#2240);
#2243=VERTEX_POINT('',#2241);
#2244=CARTESIAN_POINT('',(-7.8E0,-1.459337613708E0,-9.E0));
#2245=VERTEX_POINT('',#2244);
#2246=CARTESIAN_POINT('',(-5.8E0,-1.459337613708E0,-9.E0));
#2247=VERTEX_POINT('',#2246);
#2248=CARTESIAN_POINT('',(-5.8E0,-3.04E0,-9.E0));
#2249=CARTESIAN_POINT('',(-5.8E0,-3.04E0,-1.18E1));
#2250=VERTEX_POINT('',#2248);
#2251=VERTEX_POINT('',#2249);
#2252=CARTESIAN_POINT('',(-5.8E0,-1.54E0,-9.E0));
#2253=CARTESIAN_POINT('',(-5.8E0,-1.54E0,-1.18E1));
#2254=VERTEX_POINT('',#2252);
#2255=VERTEX_POINT('',#2253);
#2256=VERTEX_POINT('',#991);
#2257=VERTEX_POINT('',#1285);
#2258=VERTEX_POINT('',#1264);
#2259=VERTEX_POINT('',#1012);
#2260=CARTESIAN_POINT('',(6.782637442045E0,-2.789999825475E0,-1.6E1));
#2261=CARTESIAN_POINT('',(6.817362557955E0,-2.789999825475E0,-1.6E1));
#2262=VERTEX_POINT('',#2260);
#2263=VERTEX_POINT('',#2261);
#2264=CARTESIAN_POINT('',(6.782637442045E0,-1.789999825475E0,-1.6E1));
#2265=CARTESIAN_POINT('',(6.817362557955E0,-1.789999825475E0,-1.6E1));
#2266=VERTEX_POINT('',#2264);
#2267=VERTEX_POINT('',#2265);
#2268=CARTESIAN_POINT('',(7.114092705543E0,-2.783216271071E0,
-1.585738411807E1));
#2269=VERTEX_POINT('',#2268);
#2270=CARTESIAN_POINT('',(7.114092705543E0,-1.796783379879E0,
-1.585738411807E1));
#2271=VERTEX_POINT('',#2270);
#2272=CARTESIAN_POINT('',(6.485907294457E0,-2.783216271071E0,
-1.585738411807E1));
#2273=VERTEX_POINT('',#2272);
#2274=CARTESIAN_POINT('',(6.485907294457E0,-1.796783379879E0,
-1.585738411807E1));
#2275=VERTEX_POINT('',#2274);
#2276=CARTESIAN_POINT('',(-5.8E0,-3.602440474841E0,-1.458E1));
#2277=CARTESIAN_POINT('',(-7.8E0,-3.602440474841E0,-1.458E1));
#2278=VERTEX_POINT('',#2276);
#2279=VERTEX_POINT('',#2277);
#2280=CARTESIAN_POINT('',(-7.8E0,-9.775595251593E-1,-1.458E1));
#2281=CARTESIAN_POINT('',(-5.8E0,-9.775595251593E-1,-1.458E1));
#2282=VERTEX_POINT('',#2280);
#2283=VERTEX_POINT('',#2281);
#2284=CARTESIAN_POINT('',(-5.8E0,-3.120662386292E0,-1.458E1));
#2285=CARTESIAN_POINT('',(-7.8E0,-3.120662386292E0,-1.458E1));
#2286=VERTEX_POINT('',#2284);
#2287=VERTEX_POINT('',#2285);
#2288=CARTESIAN_POINT('',(-7.8E0,-1.459337613708E0,-1.458E1));
#2289=CARTESIAN_POINT('',(-5.8E0,-1.459337613708E0,-1.458E1));
#2290=VERTEX_POINT('',#2288);
#2291=VERTEX_POINT('',#2289);
#2292=CARTESIAN_POINT('',(-5.799999989786E0,-3.602440488246E0,
-1.500000001686E1));
#2293=VERTEX_POINT('',#2292);
#2294=CARTESIAN_POINT('',(-7.799999814616E0,-3.602440500673E0,
-1.500000000146E1));
#2295=VERTEX_POINT('',#2294);
#2296=CARTESIAN_POINT('',(-7.800000010214E0,-9.775595117535E-1,
-1.500000001686E1));
#2297=VERTEX_POINT('',#2296);
#2298=CARTESIAN_POINT('',(-5.800000185384E0,-9.775594993274E-1,
-1.500000000146E1));
#2299=VERTEX_POINT('',#2298);
#2300=CARTESIAN_POINT('',(-5.8E0,-2.539717672820E0,-1.073812212640E1));
#2301=CARTESIAN_POINT('',(-5.8E0,-2.040282327180E0,-1.073812212640E1));
#2302=VERTEX_POINT('',#2300);
#2303=VERTEX_POINT('',#2301);
#2304=CARTESIAN_POINT('',(-7.8E0,-2.742434789786E0,-1.5E1));
#2305=CARTESIAN_POINT('',(-7.8E0,-2.539717672820E0,-1.073812212640E1));
#2306=VERTEX_POINT('',#2304);
#2307=VERTEX_POINT('',#2305);
#2308=CARTESIAN_POINT('',(-7.8E0,-2.040282327180E0,-1.073812212640E1));
#2309=VERTEX_POINT('',#2308);
#2310=CARTESIAN_POINT('',(-7.8E0,-1.837565210214E0,-1.5E1));
#2311=VERTEX_POINT('',#2310);
#2312=CARTESIAN_POINT('',(-5.8E0,-2.742434789786E0,-1.5E1));
#2313=CARTESIAN_POINT('',(-5.8E0,-2.590226117100E0,-1.18E1));
#2314=VERTEX_POINT('',#2312);
#2315=VERTEX_POINT('',#2313);
#2316=CARTESIAN_POINT('',(-5.8E0,-1.837565210214E0,-1.5E1));
#2317=CARTESIAN_POINT('',(-5.8E0,-1.989773882900E0,-1.18E1));
#2318=VERTEX_POINT('',#2316);
#2319=VERTEX_POINT('',#2317);
#2320=VERTEX_POINT('',#1391);
#2321=VERTEX_POINT('',#1398);
#2322=CARTESIAN_POINT('',(-7.114092705543E0,-1.796783554404E0,
-1.585738411807E1));
#2323=VERTEX_POINT('',#2322);
#2324=VERTEX_POINT('',#1460);
#2325=VERTEX_POINT('',#1466);
#2326=VERTEX_POINT('',#1470);
#2327=CARTESIAN_POINT('',(-6.485907294457E0,-1.562275299882E0,
-1.585738411807E1));
#2328=VERTEX_POINT('',#2327);
#2329=VERTEX_POINT('',#1412);
#2330=VERTEX_POINT('',#1350);
#2331=VERTEX_POINT('',#1354);
#2332=CARTESIAN_POINT('',(-7.114092705543E0,-3.017724700118E0,
-1.585738411807E1));
#2333=VERTEX_POINT('',#2332);
#2334=VERTEX_POINT('',#1592);
#2335=VERTEX_POINT('',#1612);
#2336=VERTEX_POINT('',#1619);
#2337=CARTESIAN_POINT('',(-6.485907294457E0,-2.783216445596E0,
-1.585738411807E1));
#2338=VERTEX_POINT('',#2337);
#2339=VERTEX_POINT('',#1360);
#2340=CARTESIAN_POINT('',(-4.75E0,2.8E0,-1.28E1));
#2341=CARTESIAN_POINT('',(-4.75E0,2.8E0,0.E0));
#2342=VERTEX_POINT('',#2340);
#2343=VERTEX_POINT('',#2341);
#2344=CARTESIAN_POINT('',(-4.75E0,2.1E0,-1.28E1));
#2345=CARTESIAN_POINT('',(-4.75E0,2.1E0,0.E0));
#2346=VERTEX_POINT('',#2344);
#2347=VERTEX_POINT('',#2345);
#2348=CARTESIAN_POINT('',(0.E0,0.E0,-1.28E1));
#2349=DIRECTION('',(0.E0,0.E0,1.E0));
#2350=DIRECTION('',(1.E0,0.E0,0.E0));
#2351=AXIS2_PLACEMENT_3D('',#2348,#2349,#2350);
#2352=PLANE('',#2351);
#2354=ORIENTED_EDGE('',*,*,#2353,.T.);
#2356=ORIENTED_EDGE('',*,*,#2355,.F.);
#2358=ORIENTED_EDGE('',*,*,#2357,.T.);
#2360=ORIENTED_EDGE('',*,*,#2359,.T.);
#2361=EDGE_LOOP('',(#2354,#2356,#2358,#2360));
#2362=FACE_OUTER_BOUND('',#2361,.F.);
#2364=CARTESIAN_POINT('',(0.E0,0.E0,-1.28E1));
#2365=DIRECTION('',(0.E0,0.E0,1.E0));
#2366=DIRECTION('',(1.E0,0.E0,0.E0));
#2367=AXIS2_PLACEMENT_3D('',#2364,#2365,#2366);
#2368=PLANE('',#2367);
#2370=ORIENTED_EDGE('',*,*,#2369,.T.);
#2372=ORIENTED_EDGE('',*,*,#2371,.T.);
#2374=ORIENTED_EDGE('',*,*,#2373,.F.);
#2376=ORIENTED_EDGE('',*,*,#2375,.T.);
#2377=EDGE_LOOP('',(#2370,#2372,#2374,#2376));
#2378=FACE_OUTER_BOUND('',#2377,.F.);
#2380=CARTESIAN_POINT('',(0.E0,0.E0,-1.28E1));
#2381=DIRECTION('',(0.E0,0.E0,1.E0));
#2382=DIRECTION('',(1.E0,0.E0,0.E0));
#2383=AXIS2_PLACEMENT_3D('',#2380,#2381,#2382);
#2384=PLANE('',#2383);
#2386=ORIENTED_EDGE('',*,*,#2385,.T.);
#2388=ORIENTED_EDGE('',*,*,#2387,.T.);
#2390=ORIENTED_EDGE('',*,*,#2389,.T.);
#2392=ORIENTED_EDGE('',*,*,#2391,.T.);
#2394=ORIENTED_EDGE('',*,*,#2393,.T.);
#2396=ORIENTED_EDGE('',*,*,#2395,.T.);
#2398=ORIENTED_EDGE('',*,*,#2397,.T.);
#2400=ORIENTED_EDGE('',*,*,#2399,.T.);
#2402=ORIENTED_EDGE('',*,*,#2401,.T.);
#2404=ORIENTED_EDGE('',*,*,#2403,.T.);
#2406=ORIENTED_EDGE('',*,*,#2405,.F.);
#2408=ORIENTED_EDGE('',*,*,#2407,.T.);
#2410=ORIENTED_EDGE('',*,*,#2409,.T.);
#2412=ORIENTED_EDGE('',*,*,#2411,.T.);
#2414=ORIENTED_EDGE('',*,*,#2413,.T.);
#2416=ORIENTED_EDGE('',*,*,#2415,.T.);
#2418=ORIENTED_EDGE('',*,*,#2417,.T.);
#2420=ORIENTED_EDGE('',*,*,#2419,.T.);
#2422=ORIENTED_EDGE('',*,*,#2421,.T.);
#2424=ORIENTED_EDGE('',*,*,#2423,.T.);
#2426=ORIENTED_EDGE('',*,*,#2425,.F.);
#2428=ORIENTED_EDGE('',*,*,#2427,.T.);
#2429=EDGE_LOOP('',(#2386,#2388,#2390,#2392,#2394,#2396,#2398,#2400,#2402,#2404,
#2406,#2408,#2410,#2412,#2414,#2416,#2418,#2420,#2422,#2424,#2426,#2428));
#2430=FACE_OUTER_BOUND('',#2429,.F.);
#2432=CARTESIAN_POINT('',(4.E0,-3.975E0,-1.28E1));
#2433=DIRECTION('',(0.E0,-1.E0,0.E0));
#2434=DIRECTION('',(-1.E0,0.E0,0.E0));
#2435=AXIS2_PLACEMENT_3D('',#2432,#2433,#2434);
#2436=PLANE('',#2435);
#2437=ORIENTED_EDGE('',*,*,#2403,.F.);
#2439=ORIENTED_EDGE('',*,*,#2438,.T.);
#2441=ORIENTED_EDGE('',*,*,#2440,.T.);
#2443=ORIENTED_EDGE('',*,*,#2442,.T.);
#2444=EDGE_LOOP('',(#2437,#2439,#2441,#2443));
#2445=FACE_OUTER_BOUND('',#2444,.F.);
#2447=CARTESIAN_POINT('',(4.E0,-3.975E0,-1.28E1));
#2448=DIRECTION('',(0.E0,-1.E0,0.E0));
#2449=DIRECTION('',(-1.E0,0.E0,0.E0));
#2450=AXIS2_PLACEMENT_3D('',#2447,#2448,#2449);
#2451=PLANE('',#2450);
#2452=ORIENTED_EDGE('',*,*,#2353,.F.);
#2454=ORIENTED_EDGE('',*,*,#2453,.F.);
#2456=ORIENTED_EDGE('',*,*,#2455,.T.);
#2458=ORIENTED_EDGE('',*,*,#2457,.T.);
#2459=EDGE_LOOP('',(#2452,#2454,#2456,#2458));
#2460=FACE_OUTER_BOUND('',#2459,.F.);
#2462=CARTESIAN_POINT('',(4.E0,-3.975E0,-1.28E1));
#2463=DIRECTION('',(0.E0,-1.E0,0.E0));
#2464=DIRECTION('',(-1.E0,0.E0,0.E0));
#2465=AXIS2_PLACEMENT_3D('',#2462,#2463,#2464);
#2466=PLANE('',#2465);
#2468=ORIENTED_EDGE('',*,*,#2467,.F.);
#2470=ORIENTED_EDGE('',*,*,#2469,.T.);
#2472=ORIENTED_EDGE('',*,*,#2471,.F.);
#2473=ORIENTED_EDGE('',*,*,#2395,.F.);
#2474=EDGE_LOOP('',(#2468,#2470,#2472,#2473));
#2475=FACE_OUTER_BOUND('',#2474,.F.);
#2477=CARTESIAN_POINT('',(4.E0,-2.25E-1,-1.28E1));
#2478=DIRECTION('',(1.E0,0.E0,0.E0));
#2479=DIRECTION('',(0.E0,-1.E0,0.E0));
#2480=AXIS2_PLACEMENT_3D('',#2477,#2478,#2479);
#2481=PLANE('',#2480);
#2482=ORIENTED_EDGE('',*,*,#2401,.F.);
#2484=ORIENTED_EDGE('',*,*,#2483,.T.);
#2486=ORIENTED_EDGE('',*,*,#2485,.T.);
#2487=ORIENTED_EDGE('',*,*,#2438,.F.);
#2488=EDGE_LOOP('',(#2482,#2484,#2486,#2487));
#2489=FACE_OUTER_BOUND('',#2488,.F.);
#2491=CARTESIAN_POINT('',(-4.E0,-2.25E-1,-1.28E1));
#2492=DIRECTION('',(0.E0,1.E0,0.E0));
#2493=DIRECTION('',(1.E0,0.E0,0.E0));
#2494=AXIS2_PLACEMENT_3D('',#2491,#2492,#2493);
#2495=PLANE('',#2494);
#2496=ORIENTED_EDGE('',*,*,#2399,.F.);
#2498=ORIENTED_EDGE('',*,*,#2497,.T.);
#2500=ORIENTED_EDGE('',*,*,#2499,.T.);
#2501=ORIENTED_EDGE('',*,*,#2483,.F.);
#2502=EDGE_LOOP('',(#2496,#2498,#2500,#2501));
#2503=FACE_OUTER_BOUND('',#2502,.F.);
#2505=CARTESIAN_POINT('',(-4.E0,-3.975E0,-1.28E1));
#2506=DIRECTION('',(-1.E0,0.E0,0.E0));
#2507=DIRECTION('',(0.E0,1.E0,0.E0));
#2508=AXIS2_PLACEMENT_3D('',#2505,#2506,#2507);
#2509=PLANE('',#2508);
#2510=ORIENTED_EDGE('',*,*,#2397,.F.);
#2511=ORIENTED_EDGE('',*,*,#2471,.T.);
#2513=ORIENTED_EDGE('',*,*,#2512,.T.);
#2514=ORIENTED_EDGE('',*,*,#2497,.F.);
#2515=EDGE_LOOP('',(#2510,#2511,#2513,#2514));
#2516=FACE_OUTER_BOUND('',#2515,.F.);
#2518=CARTESIAN_POINT('',(0.E0,0.E0,-1.18E1));
#2519=DIRECTION('',(0.E0,0.E0,-1.E0));
#2520=DIRECTION('',(1.E0,0.E0,0.E0));
#2521=AXIS2_PLACEMENT_3D('',#2518,#2519,#2520);
#2522=PLANE('',#2521);
#2523=ORIENTED_EDGE('',*,*,#2455,.F.);
#2525=ORIENTED_EDGE('',*,*,#2524,.F.);
#2527=ORIENTED_EDGE('',*,*,#2526,.T.);
#2529=ORIENTED_EDGE('',*,*,#2528,.F.);
#2530=ORIENTED_EDGE('',*,*,#2440,.F.);
#2531=ORIENTED_EDGE('',*,*,#2485,.F.);
#2532=ORIENTED_EDGE('',*,*,#2499,.F.);
#2533=ORIENTED_EDGE('',*,*,#2512,.F.);
#2534=ORIENTED_EDGE('',*,*,#2469,.F.);
#2536=ORIENTED_EDGE('',*,*,#2535,.F.);
#2538=ORIENTED_EDGE('',*,*,#2537,.T.);
#2540=ORIENTED_EDGE('',*,*,#2539,.F.);
#2541=EDGE_LOOP('',(#2523,#2525,#2527,#2529,#2530,#2531,#2532,#2533,#2534,#2536,
#2538,#2540));
#2542=FACE_OUTER_BOUND('',#2541,.F.);
#2544=ORIENTED_EDGE('',*,*,#2543,.T.);
#2546=ORIENTED_EDGE('',*,*,#2545,.T.);
#2548=ORIENTED_EDGE('',*,*,#2547,.T.);
#2550=ORIENTED_EDGE('',*,*,#2549,.T.);
#2551=EDGE_LOOP('',(#2544,#2546,#2548,#2550));
#2552=FACE_BOUND('',#2551,.F.);
#2554=ORIENTED_EDGE('',*,*,#2553,.T.);
#2556=ORIENTED_EDGE('',*,*,#2555,.T.);
#2558=ORIENTED_EDGE('',*,*,#2557,.T.);
#2560=ORIENTED_EDGE('',*,*,#2559,.T.);
#2561=EDGE_LOOP('',(#2554,#2556,#2558,#2560));
#2562=FACE_BOUND('',#2561,.F.);
#2564=CARTESIAN_POINT('',(0.E0,0.E0,-1.18E1));
#2565=DIRECTION('',(0.E0,0.E0,-1.E0));
#2566=DIRECTION('',(1.E0,0.E0,0.E0));
#2567=AXIS2_PLACEMENT_3D('',#2564,#2565,#2566);
#2568=PLANE('',#2567);
#2570=ORIENTED_EDGE('',*,*,#2569,.F.);
#2572=ORIENTED_EDGE('',*,*,#2571,.F.);
#2574=ORIENTED_EDGE('',*,*,#2573,.F.);
#2576=ORIENTED_EDGE('',*,*,#2575,.F.);
#2578=ORIENTED_EDGE('',*,*,#2577,.F.);
#2580=ORIENTED_EDGE('',*,*,#2579,.F.);
#2582=ORIENTED_EDGE('',*,*,#2581,.F.);
#2584=ORIENTED_EDGE('',*,*,#2583,.F.);
#2586=ORIENTED_EDGE('',*,*,#2585,.F.);
#2588=ORIENTED_EDGE('',*,*,#2587,.F.);
#2590=ORIENTED_EDGE('',*,*,#2589,.F.);
#2592=ORIENTED_EDGE('',*,*,#2591,.F.);
#2593=EDGE_LOOP('',(#2570,#2572,#2574,#2576,#2578,#2580,#2582,#2584,#2586,#2588,
#2590,#2592));
#2594=FACE_OUTER_BOUND('',#2593,.F.);
#2596=ORIENTED_EDGE('',*,*,#2595,.T.);
#2598=ORIENTED_EDGE('',*,*,#2597,.T.);
#2600=ORIENTED_EDGE('',*,*,#2599,.T.);
#2602=ORIENTED_EDGE('',*,*,#2601,.T.);
#2603=EDGE_LOOP('',(#2596,#2598,#2600,#2602));
#2604=FACE_BOUND('',#2603,.F.);
#2606=ORIENTED_EDGE('',*,*,#2605,.T.);
#2608=ORIENTED_EDGE('',*,*,#2607,.T.);
#2610=ORIENTED_EDGE('',*,*,#2609,.T.);
#2612=ORIENTED_EDGE('',*,*,#2611,.T.);
#2613=EDGE_LOOP('',(#2606,#2608,#2610,#2612));
#2614=FACE_BOUND('',#2613,.F.);
#2616=CARTESIAN_POINT('',(1.1E0,-4.8E0,-1.28E1));
#2617=DIRECTION('',(-1.E0,0.E0,0.E0));
#2618=DIRECTION('',(0.E0,1.E0,0.E0));
#2619=AXIS2_PLACEMENT_3D('',#2616,#2617,#2618);
#2620=PLANE('',#2619);
#2621=ORIENTED_EDGE('',*,*,#2453,.T.);
#2622=ORIENTED_EDGE('',*,*,#2359,.F.);
#2624=ORIENTED_EDGE('',*,*,#2623,.T.);
#2625=ORIENTED_EDGE('',*,*,#2524,.T.);
#2626=EDGE_LOOP('',(#2621,#2622,#2624,#2625));
#2627=FACE_OUTER_BOUND('',#2626,.F.);
#2629=CARTESIAN_POINT('',(-4.75E0,-4.8E0,-1.28E1));
#2630=DIRECTION('',(0.E0,-1.E0,0.E0));
#2631=DIRECTION('',(1.E0,0.E0,0.E0));
#2632=AXIS2_PLACEMENT_3D('',#2629,#2630,#2631);
#2633=PLANE('',#2632);
#2635=ORIENTED_EDGE('',*,*,#2634,.T.);
#2637=ORIENTED_EDGE('',*,*,#2636,.T.);
#2639=ORIENTED_EDGE('',*,*,#2638,.F.);
#2641=ORIENTED_EDGE('',*,*,#2640,.T.);
#2643=ORIENTED_EDGE('',*,*,#2642,.F.);
#2644=ORIENTED_EDGE('',*,*,#2407,.F.);
#2646=ORIENTED_EDGE('',*,*,#2645,.T.);
#2647=ORIENTED_EDGE('',*,*,#2526,.F.);
#2648=ORIENTED_EDGE('',*,*,#2623,.F.);
#2649=ORIENTED_EDGE('',*,*,#2357,.F.);
#2651=ORIENTED_EDGE('',*,*,#2650,.T.);
#2652=ORIENTED_EDGE('',*,*,#2537,.F.);
#2654=ORIENTED_EDGE('',*,*,#2653,.F.);
#2655=ORIENTED_EDGE('',*,*,#2391,.F.);
#2657=ORIENTED_EDGE('',*,*,#2656,.T.);
#2659=ORIENTED_EDGE('',*,*,#2658,.T.);
#2660=EDGE_LOOP('',(#2635,#2637,#2639,#2641,#2643,#2644,#2646,#2647,#2648,#2649,
#2651,#2652,#2654,#2655,#2657,#2659));
#2661=FACE_OUTER_BOUND('',#2660,.F.);
#2663=CARTESIAN_POINT('',(-1.7E0,0.E0,0.E0));
#2664=DIRECTION('',(1.E0,0.E0,0.E0));
#2665=DIRECTION('',(0.E0,1.E0,0.E0));
#2666=AXIS2_PLACEMENT_3D('',#2663,#2664,#2665);
#2667=PLANE('',#2666);
#2668=ORIENTED_EDGE('',*,*,#2634,.F.);
#2670=ORIENTED_EDGE('',*,*,#2669,.T.);
#2672=ORIENTED_EDGE('',*,*,#2671,.T.);
#2674=ORIENTED_EDGE('',*,*,#2673,.T.);
#2675=EDGE_LOOP('',(#2668,#2670,#2672,#2674));
#2676=FACE_OUTER_BOUND('',#2675,.F.);
#2678=CARTESIAN_POINT('',(-1.7E0,-4.8E0,0.E0));
#2679=DIRECTION('',(0.E0,-8.833490206949E-1,4.687158068994E-1));
#2680=DIRECTION('',(0.E0,-4.687158068994E-1,-8.833490206949E-1));
#2681=AXIS2_PLACEMENT_3D('',#2678,#2679,#2680);
#2682=PLANE('',#2681);
#2684=ORIENTED_EDGE('',*,*,#2683,.T.);
#2686=ORIENTED_EDGE('',*,*,#2685,.T.);
#2688=ORIENTED_EDGE('',*,*,#2687,.F.);
#2689=ORIENTED_EDGE('',*,*,#2669,.F.);
#2690=EDGE_LOOP('',(#2684,#2686,#2688,#2689));
#2691=FACE_OUTER_BOUND('',#2690,.F.);
#2693=CARTESIAN_POINT('',(0.E0,0.E0,0.E0));
#2694=DIRECTION('',(0.E0,0.E0,1.E0));
#2695=DIRECTION('',(1.E0,0.E0,0.E0));
#2696=AXIS2_PLACEMENT_3D('',#2693,#2694,#2695);
#2697=PLANE('',#2696);
#2699=ORIENTED_EDGE('',*,*,#2698,.F.);
#2701=ORIENTED_EDGE('',*,*,#2700,.F.);
#2703=ORIENTED_EDGE('',*,*,#2702,.F.);
#2705=ORIENTED_EDGE('',*,*,#2704,.F.);
#2707=ORIENTED_EDGE('',*,*,#2706,.F.);
#2708=ORIENTED_EDGE('',*,*,#2640,.F.);
#2709=ORIENTED_EDGE('',*,*,#2683,.F.);
#2710=ORIENTED_EDGE('',*,*,#2658,.F.);
#2711=EDGE_LOOP('',(#2699,#2701,#2703,#2705,#2707,#2708,#2709,#2710));
#2712=FACE_OUTER_BOUND('',#2711,.F.);
#2714=ORIENTED_EDGE('',*,*,#2713,.T.);
#2716=ORIENTED_EDGE('',*,*,#2715,.T.);
#2718=ORIENTED_EDGE('',*,*,#2717,.T.);
#2720=ORIENTED_EDGE('',*,*,#2719,.T.);
#2721=EDGE_LOOP('',(#2714,#2716,#2718,#2720));
#2722=FACE_BOUND('',#2721,.F.);
#2724=ORIENTED_EDGE('',*,*,#2723,.T.);
#2726=ORIENTED_EDGE('',*,*,#2725,.F.);
#2728=ORIENTED_EDGE('',*,*,#2727,.T.);
#2730=ORIENTED_EDGE('',*,*,#2729,.T.);
#2732=ORIENTED_EDGE('',*,*,#2731,.T.);
#2734=ORIENTED_EDGE('',*,*,#2733,.F.);
#2735=EDGE_LOOP('',(#2724,#2726,#2728,#2730,#2732,#2734));
#2736=FACE_BOUND('',#2735,.F.);
#2738=ORIENTED_EDGE('',*,*,#2737,.T.);
#2740=ORIENTED_EDGE('',*,*,#2739,.F.);
#2742=ORIENTED_EDGE('',*,*,#2741,.T.);
#2744=ORIENTED_EDGE('',*,*,#2743,.F.);
#2746=ORIENTED_EDGE('',*,*,#2745,.T.);
#2748=ORIENTED_EDGE('',*,*,#2747,.T.);
#2749=EDGE_LOOP('',(#2738,#2740,#2742,#2744,#2746,#2748));
#2750=FACE_BOUND('',#2749,.F.);
#2752=ORIENTED_EDGE('',*,*,#2751,.T.);
#2754=ORIENTED_EDGE('',*,*,#2753,.T.);
#2756=ORIENTED_EDGE('',*,*,#2755,.T.);
#2758=ORIENTED_EDGE('',*,*,#2757,.T.);
#2759=EDGE_LOOP('',(#2752,#2754,#2756,#2758));
#2760=FACE_BOUND('',#2759,.F.);
#2762=CARTESIAN_POINT('',(-4.E0,3.975E0,0.E0));
#2763=DIRECTION('',(-1.E0,0.E0,0.E0));
#2764=DIRECTION('',(0.E0,-1.E0,0.E0));
#2765=AXIS2_PLACEMENT_3D('',#2762,#2763,#2764);
#2766=PLANE('',#2765);
#2767=ORIENTED_EDGE('',*,*,#2751,.F.);
#2769=ORIENTED_EDGE('',*,*,#2768,.T.);
#2771=ORIENTED_EDGE('',*,*,#2770,.T.);
#2773=ORIENTED_EDGE('',*,*,#2772,.F.);
#2774=EDGE_LOOP('',(#2767,#2769,#2771,#2773));
#2775=FACE_OUTER_BOUND('',#2774,.F.);
#2777=CARTESIAN_POINT('',(-2.E-1,3.975E0,0.E0));
#2778=DIRECTION('',(0.E0,1.E0,0.E0));
#2779=DIRECTION('',(-1.E0,0.E0,0.E0));
#2780=AXIS2_PLACEMENT_3D('',#2777,#2778,#2779);
#2781=PLANE('',#2780);
#2782=ORIENTED_EDGE('',*,*,#2757,.F.);
#2784=ORIENTED_EDGE('',*,*,#2783,.T.);
#2786=ORIENTED_EDGE('',*,*,#2785,.T.);
#2787=ORIENTED_EDGE('',*,*,#2768,.F.);
#2788=EDGE_LOOP('',(#2782,#2784,#2786,#2787));
#2789=FACE_OUTER_BOUND('',#2788,.F.);
#2791=CARTESIAN_POINT('',(-2.E-1,2.25E-1,0.E0));
#2792=DIRECTION('',(1.E0,0.E0,0.E0));
#2793=DIRECTION('',(0.E0,1.E0,0.E0));
#2794=AXIS2_PLACEMENT_3D('',#2791,#2792,#2793);
#2795=PLANE('',#2794);
#2796=ORIENTED_EDGE('',*,*,#2755,.F.);
#2798=ORIENTED_EDGE('',*,*,#2797,.T.);
#2800=ORIENTED_EDGE('',*,*,#2799,.T.);
#2801=ORIENTED_EDGE('',*,*,#2783,.F.);
#2802=EDGE_LOOP('',(#2796,#2798,#2800,#2801));
#2803=FACE_OUTER_BOUND('',#2802,.F.);
#2805=CARTESIAN_POINT('',(-4.E0,2.25E-1,0.E0));
#2806=DIRECTION('',(0.E0,-1.E0,0.E0));
#2807=DIRECTION('',(1.E0,0.E0,0.E0));
#2808=AXIS2_PLACEMENT_3D('',#2805,#2806,#2807);
#2809=PLANE('',#2808);
#2810=ORIENTED_EDGE('',*,*,#2753,.F.);
#2811=ORIENTED_EDGE('',*,*,#2772,.T.);
#2813=ORIENTED_EDGE('',*,*,#2812,.T.);
#2814=ORIENTED_EDGE('',*,*,#2797,.F.);
#2815=EDGE_LOOP('',(#2810,#2811,#2813,#2814));
#2816=FACE_OUTER_BOUND('',#2815,.F.);
#2818=CARTESIAN_POINT('',(0.E0,0.E0,-9.05E0));
#2819=DIRECTION('',(0.E0,0.E0,1.E0));
#2820=DIRECTION('',(1.E0,0.E0,0.E0));
#2821=AXIS2_PLACEMENT_3D('',#2818,#2819,#2820);
#2822=PLANE('',#2821);
#2823=ORIENTED_EDGE('',*,*,#2770,.F.);
#2824=ORIENTED_EDGE('',*,*,#2785,.F.);
#2825=ORIENTED_EDGE('',*,*,#2799,.F.);
#2826=ORIENTED_EDGE('',*,*,#2812,.F.);
#2827=EDGE_LOOP('',(#2823,#2824,#2825,#2826));
#2828=FACE_OUTER_BOUND('',#2827,.F.);
#2830=ORIENTED_EDGE('',*,*,#2829,.T.);
#2832=ORIENTED_EDGE('',*,*,#2831,.T.);
#2834=ORIENTED_EDGE('',*,*,#2833,.T.);
#2836=ORIENTED_EDGE('',*,*,#2835,.T.);
#2837=EDGE_LOOP('',(#2830,#2832,#2834,#2836));
#2838=FACE_BOUND('',#2837,.F.);
#2840=CARTESIAN_POINT('',(0.E0,0.E0,-9.05E0));
#2841=DIRECTION('',(0.E0,0.E0,1.E0));
#2842=DIRECTION('',(1.E0,0.E0,0.E0));
#2843=AXIS2_PLACEMENT_3D('',#2840,#2841,#2842);
#2844=PLANE('',#2843);
#2846=ORIENTED_EDGE('',*,*,#2845,.F.);
#2848=ORIENTED_EDGE('',*,*,#2847,.F.);
#2850=ORIENTED_EDGE('',*,*,#2849,.F.);
#2852=ORIENTED_EDGE('',*,*,#2851,.F.);
#2854=ORIENTED_EDGE('',*,*,#2853,.F.);
#2856=ORIENTED_EDGE('',*,*,#2855,.F.);
#2857=EDGE_LOOP('',(#2846,#2848,#2850,#2852,#2854,#2856));
#2858=FACE_OUTER_BOUND('',#2857,.F.);
#2860=ORIENTED_EDGE('',*,*,#2859,.T.);
#2862=ORIENTED_EDGE('',*,*,#2861,.T.);
#2864=ORIENTED_EDGE('',*,*,#2863,.T.);
#2866=ORIENTED_EDGE('',*,*,#2865,.T.);
#2867=EDGE_LOOP('',(#2860,#2862,#2864,#2866));
#2868=FACE_BOUND('',#2867,.F.);
#2870=CARTESIAN_POINT('',(-2.6E0,2.6E0,-9.05E0));
#2871=DIRECTION('',(-1.E0,0.E0,0.E0));
#2872=DIRECTION('',(0.E0,-1.E0,0.E0));
#2873=AXIS2_PLACEMENT_3D('',#2870,#2871,#2872);
#2874=PLANE('',#2873);
#2875=ORIENTED_EDGE('',*,*,#2829,.F.);
#2877=ORIENTED_EDGE('',*,*,#2876,.T.);
#2879=ORIENTED_EDGE('',*,*,#2878,.T.);
#2881=ORIENTED_EDGE('',*,*,#2880,.F.);
#2882=EDGE_LOOP('',(#2875,#2877,#2879,#2881));
#2883=FACE_OUTER_BOUND('',#2882,.F.);
#2885=CARTESIAN_POINT('',(-1.6E0,2.6E0,-9.05E0));
#2886=DIRECTION('',(0.E0,1.E0,0.E0));
#2887=DIRECTION('',(-1.E0,0.E0,0.E0));
#2888=AXIS2_PLACEMENT_3D('',#2885,#2886,#2887);
#2889=PLANE('',#2888);
#2890=ORIENTED_EDGE('',*,*,#2835,.F.);
#2892=ORIENTED_EDGE('',*,*,#2891,.T.);
#2894=ORIENTED_EDGE('',*,*,#2893,.T.);
#2895=ORIENTED_EDGE('',*,*,#2876,.F.);
#2896=EDGE_LOOP('',(#2890,#2892,#2894,#2895));
#2897=FACE_OUTER_BOUND('',#2896,.F.);
#2899=CARTESIAN_POINT('',(-1.6E0,1.6E0,-9.05E0));
#2900=DIRECTION('',(1.E0,0.E0,0.E0));
#2901=DIRECTION('',(0.E0,1.E0,0.E0));
#2902=AXIS2_PLACEMENT_3D('',#2899,#2900,#2901);
#2903=PLANE('',#2902);
#2904=ORIENTED_EDGE('',*,*,#2833,.F.);
#2906=ORIENTED_EDGE('',*,*,#2905,.T.);
#2908=ORIENTED_EDGE('',*,*,#2907,.T.);
#2909=ORIENTED_EDGE('',*,*,#2891,.F.);
#2910=EDGE_LOOP('',(#2904,#2906,#2908,#2909));
#2911=FACE_OUTER_BOUND('',#2910,.F.);
#2913=CARTESIAN_POINT('',(-2.6E0,1.6E0,-9.05E0));
#2914=DIRECTION('',(0.E0,-1.E0,0.E0));
#2915=DIRECTION('',(1.E0,0.E0,0.E0));
#2916=AXIS2_PLACEMENT_3D('',#2913,#2914,#2915);
#2917=PLANE('',#2916);
#2918=ORIENTED_EDGE('',*,*,#2831,.F.);
#2919=ORIENTED_EDGE('',*,*,#2880,.T.);
#2921=ORIENTED_EDGE('',*,*,#2920,.T.);
#2922=ORIENTED_EDGE('',*,*,#2905,.F.);
#2923=EDGE_LOOP('',(#2918,#2919,#2921,#2922));
#2924=FACE_OUTER_BOUND('',#2923,.F.);
#2926=CARTESIAN_POINT('',(0.E0,0.E0,-3.35E0));
#2927=DIRECTION('',(0.E0,0.E0,1.E0));
#2928=DIRECTION('',(1.E0,0.E0,0.E0));
#2929=AXIS2_PLACEMENT_3D('',#2926,#2927,#2928);
#2930=PLANE('',#2929);
#2931=ORIENTED_EDGE('',*,*,#2878,.F.);
#2932=ORIENTED_EDGE('',*,*,#2893,.F.);
#2933=ORIENTED_EDGE('',*,*,#2907,.F.);
#2934=ORIENTED_EDGE('',*,*,#2920,.F.);
#2935=EDGE_LOOP('',(#2931,#2932,#2933,#2934));
#2936=FACE_OUTER_BOUND('',#2935,.F.);
#2938=CARTESIAN_POINT('',(0.E0,0.E0,-3.35E0));
#2939=DIRECTION('',(0.E0,0.E0,1.E0));
#2940=DIRECTION('',(1.E0,0.E0,0.E0));
#2941=AXIS2_PLACEMENT_3D('',#2938,#2939,#2940);
#2942=PLANE('',#2941);
#2944=ORIENTED_EDGE('',*,*,#2943,.F.);
#2946=ORIENTED_EDGE('',*,*,#2945,.F.);
#2948=ORIENTED_EDGE('',*,*,#2947,.F.);
#2950=ORIENTED_EDGE('',*,*,#2949,.F.);
#2951=EDGE_LOOP('',(#2944,#2946,#2948,#2950));
#2952=FACE_OUTER_BOUND('',#2951,.F.);
#2954=CARTESIAN_POINT('',(-2.6E0,-2.6E0,-9.05E0));
#2955=DIRECTION('',(0.E0,-1.E0,0.E0));
#2956=DIRECTION('',(1.E0,0.E0,0.E0));
#2957=AXIS2_PLACEMENT_3D('',#2954,#2955,#2956);
#2958=PLANE('',#2957);
#2959=ORIENTED_EDGE('',*,*,#2859,.F.);
#2961=ORIENTED_EDGE('',*,*,#2960,.T.);
#2962=ORIENTED_EDGE('',*,*,#2943,.T.);
#2964=ORIENTED_EDGE('',*,*,#2963,.F.);
#2965=EDGE_LOOP('',(#2959,#2961,#2962,#2964));
#2966=FACE_OUTER_BOUND('',#2965,.F.);
#2968=CARTESIAN_POINT('',(-2.6E0,-1.6E0,-9.05E0));
#2969=DIRECTION('',(-1.E0,0.E0,0.E0));
#2970=DIRECTION('',(0.E0,-1.E0,0.E0));
#2971=AXIS2_PLACEMENT_3D('',#2968,#2969,#2970);
#2972=PLANE('',#2971);
#2973=ORIENTED_EDGE('',*,*,#2865,.F.);
#2975=ORIENTED_EDGE('',*,*,#2974,.T.);
#2976=ORIENTED_EDGE('',*,*,#2945,.T.);
#2977=ORIENTED_EDGE('',*,*,#2960,.F.);
#2978=EDGE_LOOP('',(#2973,#2975,#2976,#2977));
#2979=FACE_OUTER_BOUND('',#2978,.F.);
#2981=CARTESIAN_POINT('',(-1.6E0,-1.6E0,-9.05E0));
#2982=DIRECTION('',(0.E0,1.E0,0.E0));
#2983=DIRECTION('',(-1.E0,0.E0,0.E0));
#2984=AXIS2_PLACEMENT_3D('',#2981,#2982,#2983);
#2985=PLANE('',#2984);
#2986=ORIENTED_EDGE('',*,*,#2863,.F.);
#2988=ORIENTED_EDGE('',*,*,#2987,.T.);
#2989=ORIENTED_EDGE('',*,*,#2947,.T.);
#2990=ORIENTED_EDGE('',*,*,#2974,.F.);
#2991=EDGE_LOOP('',(#2986,#2988,#2989,#2990));
#2992=FACE_OUTER_BOUND('',#2991,.F.);
#2994=CARTESIAN_POINT('',(-1.6E0,-2.6E0,-9.05E0));
#2995=DIRECTION('',(1.E0,0.E0,0.E0));
#2996=DIRECTION('',(0.E0,1.E0,0.E0));
#2997=AXIS2_PLACEMENT_3D('',#2994,#2995,#2996);
#2998=PLANE('',#2997);
#2999=ORIENTED_EDGE('',*,*,#2861,.F.);
#3000=ORIENTED_EDGE('',*,*,#2963,.T.);
#3001=ORIENTED_EDGE('',*,*,#2949,.T.);
#3002=ORIENTED_EDGE('',*,*,#2987,.F.);
#3003=EDGE_LOOP('',(#2999,#3000,#3001,#3002));
#3004=FACE_OUTER_BOUND('',#3003,.F.);
#3006=CARTESIAN_POINT('',(-7.E-1,-7.25E-1,-4.525E0));
#3007=DIRECTION('',(-7.071067811865E-1,-7.071067811865E-1,0.E0));
#3008=DIRECTION('',(-7.071067811865E-1,7.071067811865E-1,0.E0));
#3009=AXIS2_PLACEMENT_3D('',#3006,#3007,#3008);
#3010=PLANE('',#3009);
#3011=ORIENTED_EDGE('',*,*,#2845,.T.);
#3013=ORIENTED_EDGE('',*,*,#3012,.F.);
#3014=ORIENTED_EDGE('',*,*,#2733,.T.);
#3016=ORIENTED_EDGE('',*,*,#3015,.T.);
#3017=EDGE_LOOP('',(#3011,#3013,#3014,#3016));
#3018=FACE_OUTER_BOUND('',#3017,.F.);
#3020=CARTESIAN_POINT('',(-2.E-1,-2.25E-1,0.E0));
#3021=DIRECTION('',(0.E0,1.E0,0.E0));
#3022=DIRECTION('',(-1.E0,0.E0,0.E0));
#3023=AXIS2_PLACEMENT_3D('',#3020,#3021,#3022);
#3024=PLANE('',#3023);
#3025=ORIENTED_EDGE('',*,*,#3012,.T.);
#3026=ORIENTED_EDGE('',*,*,#2855,.T.);
#3028=ORIENTED_EDGE('',*,*,#3027,.F.);
#3029=ORIENTED_EDGE('',*,*,#2723,.F.);
#3030=EDGE_LOOP('',(#3025,#3026,#3028,#3029));
#3031=FACE_OUTER_BOUND('',#3030,.F.);
#3033=CARTESIAN_POINT('',(-3.5E0,-7.25E-1,-4.525E0));
#3034=DIRECTION('',(7.071067811865E-1,-7.071067811865E-1,0.E0));
#3035=DIRECTION('',(-7.071067811865E-1,-7.071067811865E-1,0.E0));
#3036=AXIS2_PLACEMENT_3D('',#3033,#3034,#3035);
#3037=PLANE('',#3036);
#3038=ORIENTED_EDGE('',*,*,#2853,.T.);
#3040=ORIENTED_EDGE('',*,*,#3039,.F.);
#3041=ORIENTED_EDGE('',*,*,#2725,.T.);
#3042=ORIENTED_EDGE('',*,*,#3027,.T.);
#3043=EDGE_LOOP('',(#3038,#3040,#3041,#3042));
#3044=FACE_OUTER_BOUND('',#3043,.F.);
#3046=CARTESIAN_POINT('',(-4.E0,-2.25E-1,0.E0));
#3047=DIRECTION('',(-1.E0,0.E0,0.E0));
#3048=DIRECTION('',(0.E0,-1.E0,0.E0));
#3049=AXIS2_PLACEMENT_3D('',#3046,#3047,#3048);
#3050=PLANE('',#3049);
#3051=ORIENTED_EDGE('',*,*,#3039,.T.);
#3052=ORIENTED_EDGE('',*,*,#2851,.T.);
#3054=ORIENTED_EDGE('',*,*,#3053,.F.);
#3055=ORIENTED_EDGE('',*,*,#2727,.F.);
#3056=EDGE_LOOP('',(#3051,#3052,#3054,#3055));
#3057=FACE_OUTER_BOUND('',#3056,.F.);
#3059=CARTESIAN_POINT('',(-4.E0,-3.975E0,0.E0));
#3060=DIRECTION('',(0.E0,-1.E0,0.E0));
#3061=DIRECTION('',(1.E0,0.E0,0.E0));
#3062=AXIS2_PLACEMENT_3D('',#3059,#3060,#3061);
#3063=PLANE('',#3062);
#3064=ORIENTED_EDGE('',*,*,#2729,.F.);
#3065=ORIENTED_EDGE('',*,*,#3053,.T.);
#3066=ORIENTED_EDGE('',*,*,#2849,.T.);
#3068=ORIENTED_EDGE('',*,*,#3067,.F.);
#3069=EDGE_LOOP('',(#3064,#3065,#3066,#3068));
#3070=FACE_OUTER_BOUND('',#3069,.F.);
#3072=CARTESIAN_POINT('',(-2.E-1,-3.975E0,0.E0));
#3073=DIRECTION('',(1.E0,0.E0,0.E0));
#3074=DIRECTION('',(0.E0,1.E0,0.E0));
#3075=AXIS2_PLACEMENT_3D('',#3072,#3073,#3074);
#3076=PLANE('',#3075);
#3077=ORIENTED_EDGE('',*,*,#3015,.F.);
#3078=ORIENTED_EDGE('',*,*,#2731,.F.);
#3079=ORIENTED_EDGE('',*,*,#3067,.T.);
#3080=ORIENTED_EDGE('',*,*,#2847,.T.);
#3081=EDGE_LOOP('',(#3077,#3078,#3079,#3080));
#3082=FACE_OUTER_BOUND('',#3081,.F.);
#3084=CARTESIAN_POINT('',(2.E-1,-3.975E0,0.E0));
#3085=DIRECTION('',(0.E0,-1.E0,0.E0));
#3086=DIRECTION('',(1.E0,0.E0,0.E0));
#3087=AXIS2_PLACEMENT_3D('',#3084,#3085,#3086);
#3088=PLANE('',#3087);
#3090=ORIENTED_EDGE('',*,*,#3089,.T.);
#3092=ORIENTED_EDGE('',*,*,#3091,.T.);
#3094=ORIENTED_EDGE('',*,*,#3093,.F.);
#3095=ORIENTED_EDGE('',*,*,#2713,.F.);
#3096=EDGE_LOOP('',(#3090,#3092,#3094,#3095));
#3097=FACE_OUTER_BOUND('',#3096,.F.);
#3099=CARTESIAN_POINT('',(2.E-1,-2.25E-1,0.E0));
#3100=DIRECTION('',(-1.E0,0.E0,0.E0));
#3101=DIRECTION('',(0.E0,-1.E0,0.E0));
#3102=AXIS2_PLACEMENT_3D('',#3099,#3100,#3101);
#3103=PLANE('',#3102);
#3104=ORIENTED_EDGE('',*,*,#3089,.F.);
#3105=ORIENTED_EDGE('',*,*,#2719,.F.);
#3107=ORIENTED_EDGE('',*,*,#3106,.T.);
#3109=ORIENTED_EDGE('',*,*,#3108,.T.);
#3110=EDGE_LOOP('',(#3104,#3105,#3107,#3109));
#3111=FACE_OUTER_BOUND('',#3110,.F.);
#3113=CARTESIAN_POINT('',(4.E0,-2.25E-1,0.E0));
#3114=DIRECTION('',(0.E0,1.E0,0.E0));
#3115=DIRECTION('',(-1.E0,0.E0,0.E0));
#3116=AXIS2_PLACEMENT_3D('',#3113,#3114,#3115);
#3117=PLANE('',#3116);
#3119=ORIENTED_EDGE('',*,*,#3118,.T.);
#3121=ORIENTED_EDGE('',*,*,#3120,.T.);
#3122=ORIENTED_EDGE('',*,*,#3106,.F.);
#3123=ORIENTED_EDGE('',*,*,#2717,.F.);
#3124=EDGE_LOOP('',(#3119,#3121,#3122,#3123));
#3125=FACE_OUTER_BOUND('',#3124,.F.);
#3127=CARTESIAN_POINT('',(4.E0,-3.975E0,0.E0));
#3128=DIRECTION('',(1.E0,0.E0,0.E0));
#3129=DIRECTION('',(0.E0,1.E0,0.E0));
#3130=AXIS2_PLACEMENT_3D('',#3127,#3128,#3129);
#3131=PLANE('',#3130);
#3132=ORIENTED_EDGE('',*,*,#3093,.T.);
#3134=ORIENTED_EDGE('',*,*,#3133,.T.);
#3135=ORIENTED_EDGE('',*,*,#3118,.F.);
#3136=ORIENTED_EDGE('',*,*,#2715,.F.);
#3137=EDGE_LOOP('',(#3132,#3134,#3135,#3136));
#3138=FACE_OUTER_BOUND('',#3137,.F.);
#3140=CARTESIAN_POINT('',(4.2E0,0.E0,-9.05E0));
#3141=DIRECTION('',(0.E0,0.E0,1.E0));
#3142=DIRECTION('',(1.E0,0.E0,0.E0));
#3143=AXIS2_PLACEMENT_3D('',#3140,#3141,#3142);
#3144=PLANE('',#3143);
#3145=ORIENTED_EDGE('',*,*,#3091,.F.);
#3146=ORIENTED_EDGE('',*,*,#3108,.F.);
#3147=ORIENTED_EDGE('',*,*,#3120,.F.);
#3148=ORIENTED_EDGE('',*,*,#3133,.F.);
#3149=EDGE_LOOP('',(#3145,#3146,#3147,#3148));
#3150=FACE_OUTER_BOUND('',#3149,.F.);
#3152=ORIENTED_EDGE('',*,*,#3151,.T.);
#3154=ORIENTED_EDGE('',*,*,#3153,.T.);
#3156=ORIENTED_EDGE('',*,*,#3155,.T.);
#3158=ORIENTED_EDGE('',*,*,#3157,.T.);
#3159=EDGE_LOOP('',(#3152,#3154,#3156,#3158));
#3160=FACE_BOUND('',#3159,.F.);
#3162=CARTESIAN_POINT('',(4.2E0,0.E0,-9.05E0));
#3163=DIRECTION('',(0.E0,0.E0,1.E0));
#3164=DIRECTION('',(1.E0,0.E0,0.E0));
#3165=AXIS2_PLACEMENT_3D('',#3162,#3163,#3164);
#3166=PLANE('',#3165);
#3168=ORIENTED_EDGE('',*,*,#3167,.F.);
#3170=ORIENTED_EDGE('',*,*,#3169,.F.);
#3172=ORIENTED_EDGE('',*,*,#3171,.F.);
#3174=ORIENTED_EDGE('',*,*,#3173,.F.);
#3176=ORIENTED_EDGE('',*,*,#3175,.F.);
#3178=ORIENTED_EDGE('',*,*,#3177,.F.);
#3179=EDGE_LOOP('',(#3168,#3170,#3172,#3174,#3176,#3178));
#3180=FACE_OUTER_BOUND('',#3179,.F.);
#3182=ORIENTED_EDGE('',*,*,#3181,.T.);
#3184=ORIENTED_EDGE('',*,*,#3183,.T.);
#3186=ORIENTED_EDGE('',*,*,#3185,.T.);
#3188=ORIENTED_EDGE('',*,*,#3187,.T.);
#3189=EDGE_LOOP('',(#3182,#3184,#3186,#3188));
#3190=FACE_BOUND('',#3189,.F.);
#3192=CARTESIAN_POINT('',(1.6E0,2.6E0,-9.05E0));
#3193=DIRECTION('',(-1.E0,0.E0,0.E0));
#3194=DIRECTION('',(0.E0,-1.E0,0.E0));
#3195=AXIS2_PLACEMENT_3D('',#3192,#3193,#3194);
#3196=PLANE('',#3195);
#3198=ORIENTED_EDGE('',*,*,#3197,.T.);
#3200=ORIENTED_EDGE('',*,*,#3199,.T.);
#3202=ORIENTED_EDGE('',*,*,#3201,.F.);
#3203=ORIENTED_EDGE('',*,*,#3181,.F.);
#3204=EDGE_LOOP('',(#3198,#3200,#3202,#3203));
#3205=FACE_OUTER_BOUND('',#3204,.F.);
#3207=CARTESIAN_POINT('',(2.6E0,2.6E0,-9.05E0));
#3208=DIRECTION('',(0.E0,1.E0,0.E0));
#3209=DIRECTION('',(-1.E0,0.E0,0.E0));
#3210=AXIS2_PLACEMENT_3D('',#3207,#3208,#3209);
#3211=PLANE('',#3210);
#3212=ORIENTED_EDGE('',*,*,#3197,.F.);
#3213=ORIENTED_EDGE('',*,*,#3187,.F.);
#3215=ORIENTED_EDGE('',*,*,#3214,.T.);
#3217=ORIENTED_EDGE('',*,*,#3216,.T.);
#3218=EDGE_LOOP('',(#3212,#3213,#3215,#3217));
#3219=FACE_OUTER_BOUND('',#3218,.F.);
#3221=CARTESIAN_POINT('',(2.6E0,1.6E0,-9.05E0));
#3222=DIRECTION('',(1.E0,0.E0,0.E0));
#3223=DIRECTION('',(0.E0,1.E0,0.E0));
#3224=AXIS2_PLACEMENT_3D('',#3221,#3222,#3223);
#3225=PLANE('',#3224);
#3227=ORIENTED_EDGE('',*,*,#3226,.T.);
#3229=ORIENTED_EDGE('',*,*,#3228,.T.);
#3230=ORIENTED_EDGE('',*,*,#3214,.F.);
#3231=ORIENTED_EDGE('',*,*,#3185,.F.);
#3232=EDGE_LOOP('',(#3227,#3229,#3230,#3231));
#3233=FACE_OUTER_BOUND('',#3232,.F.);
#3235=CARTESIAN_POINT('',(1.6E0,1.6E0,-9.05E0));
#3236=DIRECTION('',(0.E0,-1.E0,0.E0));
#3237=DIRECTION('',(1.E0,0.E0,0.E0));
#3238=AXIS2_PLACEMENT_3D('',#3235,#3236,#3237);
#3239=PLANE('',#3238);
#3240=ORIENTED_EDGE('',*,*,#3201,.T.);
#3242=ORIENTED_EDGE('',*,*,#3241,.T.);
#3243=ORIENTED_EDGE('',*,*,#3226,.F.);
#3244=ORIENTED_EDGE('',*,*,#3183,.F.);
#3245=EDGE_LOOP('',(#3240,#3242,#3243,#3244));
#3246=FACE_OUTER_BOUND('',#3245,.F.);
#3248=CARTESIAN_POINT('',(4.2E0,0.E0,-3.35E0));
#3249=DIRECTION('',(0.E0,0.E0,1.E0));
#3250=DIRECTION('',(1.E0,0.E0,0.E0));
#3251=AXIS2_PLACEMENT_3D('',#3248,#3249,#3250);
#3252=PLANE('',#3251);
#3253=ORIENTED_EDGE('',*,*,#3199,.F.);
#3254=ORIENTED_EDGE('',*,*,#3216,.F.);
#3255=ORIENTED_EDGE('',*,*,#3228,.F.);
#3256=ORIENTED_EDGE('',*,*,#3241,.F.);
#3257=EDGE_LOOP('',(#3253,#3254,#3255,#3256));
#3258=FACE_OUTER_BOUND('',#3257,.F.);
#3260=CARTESIAN_POINT('',(4.2E0,0.E0,-3.35E0));
#3261=DIRECTION('',(0.E0,0.E0,1.E0));
#3262=DIRECTION('',(1.E0,0.E0,0.E0));
#3263=AXIS2_PLACEMENT_3D('',#3260,#3261,#3262);
#3264=PLANE('',#3263);
#3266=ORIENTED_EDGE('',*,*,#3265,.F.);
#3268=ORIENTED_EDGE('',*,*,#3267,.F.);
#3270=ORIENTED_EDGE('',*,*,#3269,.F.);
#3272=ORIENTED_EDGE('',*,*,#3271,.F.);
#3273=EDGE_LOOP('',(#3266,#3268,#3270,#3272));
#3274=FACE_OUTER_BOUND('',#3273,.F.);
#3276=CARTESIAN_POINT('',(1.6E0,-2.6E0,-9.05E0));
#3277=DIRECTION('',(0.E0,-1.E0,0.E0));
#3278=DIRECTION('',(1.E0,0.E0,0.E0));
#3279=AXIS2_PLACEMENT_3D('',#3276,#3277,#3278);
#3280=PLANE('',#3279);
#3282=ORIENTED_EDGE('',*,*,#3281,.T.);
#3283=ORIENTED_EDGE('',*,*,#3265,.T.);
#3285=ORIENTED_EDGE('',*,*,#3284,.F.);
#3286=ORIENTED_EDGE('',*,*,#3151,.F.);
#3287=EDGE_LOOP('',(#3282,#3283,#3285,#3286));
#3288=FACE_OUTER_BOUND('',#3287,.F.);
#3290=CARTESIAN_POINT('',(1.6E0,-1.6E0,-9.05E0));
#3291=DIRECTION('',(-1.E0,0.E0,0.E0));
#3292=DIRECTION('',(0.E0,-1.E0,0.E0));
#3293=AXIS2_PLACEMENT_3D('',#3290,#3291,#3292);
#3294=PLANE('',#3293);
#3295=ORIENTED_EDGE('',*,*,#3281,.F.);
#3296=ORIENTED_EDGE('',*,*,#3157,.F.);
#3298=ORIENTED_EDGE('',*,*,#3297,.T.);
#3299=ORIENTED_EDGE('',*,*,#3267,.T.);
#3300=EDGE_LOOP('',(#3295,#3296,#3298,#3299));
#3301=FACE_OUTER_BOUND('',#3300,.F.);
#3303=CARTESIAN_POINT('',(2.6E0,-1.6E0,-9.05E0));
#3304=DIRECTION('',(0.E0,1.E0,0.E0));
#3305=DIRECTION('',(-1.E0,0.E0,0.E0));
#3306=AXIS2_PLACEMENT_3D('',#3303,#3304,#3305);
#3307=PLANE('',#3306);
#3309=ORIENTED_EDGE('',*,*,#3308,.T.);
#3310=ORIENTED_EDGE('',*,*,#3269,.T.);
#3311=ORIENTED_EDGE('',*,*,#3297,.F.);
#3312=ORIENTED_EDGE('',*,*,#3155,.F.);
#3313=EDGE_LOOP('',(#3309,#3310,#3311,#3312));
#3314=FACE_OUTER_BOUND('',#3313,.F.);
#3316=CARTESIAN_POINT('',(2.6E0,-2.6E0,-9.05E0));
#3317=DIRECTION('',(1.E0,0.E0,0.E0));
#3318=DIRECTION('',(0.E0,1.E0,0.E0));
#3319=AXIS2_PLACEMENT_3D('',#3316,#3317,#3318);
#3320=PLANE('',#3319);
#3321=ORIENTED_EDGE('',*,*,#3284,.T.);
#3322=ORIENTED_EDGE('',*,*,#3271,.T.);
#3323=ORIENTED_EDGE('',*,*,#3308,.F.);
#3324=ORIENTED_EDGE('',*,*,#3153,.F.);
#3325=EDGE_LOOP('',(#3321,#3322,#3323,#3324));
#3326=FACE_OUTER_BOUND('',#3325,.F.);
#3328=CARTESIAN_POINT('',(3.5E0,3.475E0,-4.525E0));
#3329=DIRECTION('',(-7.071067811865E-1,-7.071067811865E-1,0.E0));
#3330=DIRECTION('',(-7.071067811865E-1,7.071067811865E-1,0.E0));
#3331=AXIS2_PLACEMENT_3D('',#3328,#3329,#3330);
#3332=PLANE('',#3331);
#3333=ORIENTED_EDGE('',*,*,#3167,.T.);
#3335=ORIENTED_EDGE('',*,*,#3334,.F.);
#3336=ORIENTED_EDGE('',*,*,#2739,.T.);
#3338=ORIENTED_EDGE('',*,*,#3337,.T.);
#3339=EDGE_LOOP('',(#3333,#3335,#3336,#3338));
#3340=FACE_OUTER_BOUND('',#3339,.F.);
#3342=CARTESIAN_POINT('',(4.E0,3.975E0,0.E0));
#3343=DIRECTION('',(0.E0,1.E0,0.E0));
#3344=DIRECTION('',(-1.E0,0.E0,0.E0));
#3345=AXIS2_PLACEMENT_3D('',#3342,#3343,#3344);
#3346=PLANE('',#3345);
#3347=ORIENTED_EDGE('',*,*,#3334,.T.);
#3348=ORIENTED_EDGE('',*,*,#3177,.T.);
#3350=ORIENTED_EDGE('',*,*,#3349,.F.);
#3351=ORIENTED_EDGE('',*,*,#2741,.F.);
#3352=EDGE_LOOP('',(#3347,#3348,#3350,#3351));
#3353=FACE_OUTER_BOUND('',#3352,.F.);
#3355=CARTESIAN_POINT('',(7.E-1,3.475E0,-4.525E0));
#3356=DIRECTION('',(7.071067811865E-1,-7.071067811865E-1,0.E0));
#3357=DIRECTION('',(-7.071067811865E-1,-7.071067811865E-1,0.E0));
#3358=AXIS2_PLACEMENT_3D('',#3355,#3356,#3357);
#3359=PLANE('',#3358);
#3360=ORIENTED_EDGE('',*,*,#3175,.T.);
#3362=ORIENTED_EDGE('',*,*,#3361,.F.);
#3363=ORIENTED_EDGE('',*,*,#2743,.T.);
#3364=ORIENTED_EDGE('',*,*,#3349,.T.);
#3365=EDGE_LOOP('',(#3360,#3362,#3363,#3364));
#3366=FACE_OUTER_BOUND('',#3365,.F.);
#3368=CARTESIAN_POINT('',(2.E-1,3.975E0,0.E0));
#3369=DIRECTION('',(-1.E0,0.E0,0.E0));
#3370=DIRECTION('',(0.E0,-1.E0,0.E0));
#3371=AXIS2_PLACEMENT_3D('',#3368,#3369,#3370);
#3372=PLANE('',#3371);
#3373=ORIENTED_EDGE('',*,*,#3361,.T.);
#3374=ORIENTED_EDGE('',*,*,#3173,.T.);
#3376=ORIENTED_EDGE('',*,*,#3375,.F.);
#3377=ORIENTED_EDGE('',*,*,#2745,.F.);
#3378=EDGE_LOOP('',(#3373,#3374,#3376,#3377));
#3379=FACE_OUTER_BOUND('',#3378,.F.);
#3381=CARTESIAN_POINT('',(2.E-1,2.25E-1,0.E0));
#3382=DIRECTION('',(0.E0,-1.E0,0.E0));
#3383=DIRECTION('',(1.E0,0.E0,0.E0));
#3384=AXIS2_PLACEMENT_3D('',#3381,#3382,#3383);
#3385=PLANE('',#3384);
#3386=ORIENTED_EDGE('',*,*,#3375,.T.);
#3387=ORIENTED_EDGE('',*,*,#3171,.T.);
#3389=ORIENTED_EDGE('',*,*,#3388,.F.);
#3390=ORIENTED_EDGE('',*,*,#2747,.F.);
#3391=EDGE_LOOP('',(#3386,#3387,#3389,#3390));
#3392=FACE_OUTER_BOUND('',#3391,.F.);
#3394=CARTESIAN_POINT('',(4.E0,2.25E-1,0.E0));
#3395=DIRECTION('',(1.E0,0.E0,0.E0));
#3396=DIRECTION('',(0.E0,1.E0,0.E0));
#3397=AXIS2_PLACEMENT_3D('',#3394,#3395,#3396);
#3398=PLANE('',#3397);
#3399=ORIENTED_EDGE('',*,*,#3337,.F.);
#3400=ORIENTED_EDGE('',*,*,#2737,.F.);
#3401=ORIENTED_EDGE('',*,*,#3388,.T.);
#3402=ORIENTED_EDGE('',*,*,#3169,.T.);
#3403=EDGE_LOOP('',(#3399,#3400,#3401,#3402));
#3404=FACE_OUTER_BOUND('',#3403,.F.);
#3406=CARTESIAN_POINT('',(-4.75E0,4.8E0,-1.28E1));
#3407=DIRECTION('',(-1.E0,0.E0,0.E0));
#3408=DIRECTION('',(0.E0,-1.E0,0.E0));
#3409=AXIS2_PLACEMENT_3D('',#3406,#3407,#3408);
#3410=PLANE('',#3409);
#3412=ORIENTED_EDGE('',*,*,#3411,.F.);
#3413=ORIENTED_EDGE('',*,*,#2385,.F.);
#3415=ORIENTED_EDGE('',*,*,#3414,.T.);
#3416=ORIENTED_EDGE('',*,*,#2702,.T.);
#3417=EDGE_LOOP('',(#3412,#3413,#3415,#3416));
#3418=FACE_OUTER_BOUND('',#3417,.F.);
#3420=CARTESIAN_POINT('',(-4.75E0,4.8E0,-1.28E1));
#3421=DIRECTION('',(-1.E0,0.E0,0.E0));
#3422=DIRECTION('',(0.E0,-1.E0,0.E0));
#3423=AXIS2_PLACEMENT_3D('',#3420,#3421,#3422);
#3424=PLANE('',#3423);
#3426=ORIENTED_EDGE('',*,*,#3425,.T.);
#3427=ORIENTED_EDGE('',*,*,#2698,.T.);
#3428=ORIENTED_EDGE('',*,*,#2656,.F.);
#3429=ORIENTED_EDGE('',*,*,#2389,.F.);
#3430=EDGE_LOOP('',(#3426,#3427,#3428,#3429));
#3431=FACE_OUTER_BOUND('',#3430,.F.);
#3433=ORIENTED_EDGE('',*,*,#3432,.T.);
#3435=ORIENTED_EDGE('',*,*,#3434,.F.);
#3437=ORIENTED_EDGE('',*,*,#3436,.T.);
#3439=ORIENTED_EDGE('',*,*,#3438,.T.);
#3440=EDGE_LOOP('',(#3433,#3435,#3437,#3439));
#3441=FACE_BOUND('',#3440,.F.);
#3443=CARTESIAN_POINT('',(-4.75E0,2.45E0,0.E0));
#3444=DIRECTION('',(0.E0,0.E0,1.E0));
#3445=DIRECTION('',(1.E0,0.E0,0.E0));
#3446=AXIS2_PLACEMENT_3D('',#3443,#3444,#3445);
#3447=CYLINDRICAL_SURFACE('',#3446,3.5E-1);
#3448=ORIENTED_EDGE('',*,*,#3411,.T.);
#3449=ORIENTED_EDGE('',*,*,#2700,.T.);
#3450=ORIENTED_EDGE('',*,*,#3425,.F.);
#3451=ORIENTED_EDGE('',*,*,#2387,.F.);
#3452=EDGE_LOOP('',(#3448,#3449,#3450,#3451));
#3453=FACE_OUTER_BOUND('',#3452,.F.);
#3455=CARTESIAN_POINT('',(4.75E0,4.8E0,-1.28E1));
#3456=DIRECTION('',(0.E0,1.E0,0.E0));
#3457=DIRECTION('',(-1.E0,0.E0,0.E0));
#3458=AXIS2_PLACEMENT_3D('',#3455,#3456,#3457);
#3459=PLANE('',#3458);
#3460=ORIENTED_EDGE('',*,*,#2573,.T.);
#3462=ORIENTED_EDGE('',*,*,#3461,.F.);
#3463=ORIENTED_EDGE('',*,*,#2411,.F.);
#3465=ORIENTED_EDGE('',*,*,#3464,.T.);
#3466=ORIENTED_EDGE('',*,*,#2704,.T.);
#3467=ORIENTED_EDGE('',*,*,#3414,.F.);
#3468=ORIENTED_EDGE('',*,*,#2427,.F.);
#3470=ORIENTED_EDGE('',*,*,#3469,.T.);
#3471=ORIENTED_EDGE('',*,*,#2581,.T.);
#3473=ORIENTED_EDGE('',*,*,#3472,.F.);
#3474=ORIENTED_EDGE('',*,*,#2375,.F.);
#3476=ORIENTED_EDGE('',*,*,#3475,.T.);
#3477=EDGE_LOOP('',(#3460,#3462,#3463,#3465,#3466,#3467,#3468,#3470,#3471,#3473,
#3474,#3476));
#3478=FACE_OUTER_BOUND('',#3477,.F.);
#3480=CARTESIAN_POINT('',(3.1E0,4.8E0,-1.28E1));
#3481=DIRECTION('',(1.E0,0.E0,0.E0));
#3482=DIRECTION('',(0.E0,-1.E0,0.E0));
#3483=AXIS2_PLACEMENT_3D('',#3480,#3481,#3482);
#3484=PLANE('',#3483);
#3486=ORIENTED_EDGE('',*,*,#3485,.T.);
#3487=ORIENTED_EDGE('',*,*,#2413,.F.);
#3488=ORIENTED_EDGE('',*,*,#3461,.T.);
#3489=ORIENTED_EDGE('',*,*,#2571,.T.);
#3490=EDGE_LOOP('',(#3486,#3487,#3488,#3489));
#3491=FACE_OUTER_BOUND('',#3490,.F.);
#3493=CARTESIAN_POINT('',(-4.E0,3.975E0,-1.28E1));
#3494=DIRECTION('',(0.E0,1.E0,0.E0));
#3495=DIRECTION('',(1.E0,0.E0,0.E0));
#3496=AXIS2_PLACEMENT_3D('',#3493,#3494,#3495);
#3497=PLANE('',#3496);
#3498=ORIENTED_EDGE('',*,*,#2423,.F.);
#3500=ORIENTED_EDGE('',*,*,#3499,.T.);
#3501=ORIENTED_EDGE('',*,*,#2585,.T.);
#3503=ORIENTED_EDGE('',*,*,#3502,.T.);
#3504=EDGE_LOOP('',(#3498,#3500,#3501,#3503));
#3505=FACE_OUTER_BOUND('',#3504,.F.);
#3507=CARTESIAN_POINT('',(-4.E0,3.975E0,-1.28E1));
#3508=DIRECTION('',(0.E0,1.E0,0.E0));
#3509=DIRECTION('',(1.E0,0.E0,0.E0));
#3510=AXIS2_PLACEMENT_3D('',#3507,#3508,#3509);
#3511=PLANE('',#3510);
#3512=ORIENTED_EDGE('',*,*,#2371,.F.);
#3514=ORIENTED_EDGE('',*,*,#3513,.F.);
#3515=ORIENTED_EDGE('',*,*,#2577,.T.);
#3517=ORIENTED_EDGE('',*,*,#3516,.T.);
#3518=EDGE_LOOP('',(#3512,#3514,#3515,#3517));
#3519=FACE_OUTER_BOUND('',#3518,.F.);
#3521=CARTESIAN_POINT('',(-4.E0,3.975E0,-1.28E1));
#3522=DIRECTION('',(0.E0,1.E0,0.E0));
#3523=DIRECTION('',(1.E0,0.E0,0.E0));
#3524=AXIS2_PLACEMENT_3D('',#3521,#3522,#3523);
#3525=PLANE('',#3524);
#3526=ORIENTED_EDGE('',*,*,#2415,.F.);
#3527=ORIENTED_EDGE('',*,*,#3485,.F.);
#3528=ORIENTED_EDGE('',*,*,#2569,.T.);
#3530=ORIENTED_EDGE('',*,*,#3529,.F.);
#3531=EDGE_LOOP('',(#3526,#3527,#3528,#3530));
#3532=FACE_OUTER_BOUND('',#3531,.F.);
#3534=CARTESIAN_POINT('',(-4.E0,2.25E-1,-1.28E1));
#3535=DIRECTION('',(-1.E0,0.E0,0.E0));
#3536=DIRECTION('',(0.E0,1.E0,0.E0));
#3537=AXIS2_PLACEMENT_3D('',#3534,#3535,#3536);
#3538=PLANE('',#3537);
#3539=ORIENTED_EDGE('',*,*,#2421,.F.);
#3541=ORIENTED_EDGE('',*,*,#3540,.T.);
#3542=ORIENTED_EDGE('',*,*,#2587,.T.);
#3543=ORIENTED_EDGE('',*,*,#3499,.F.);
#3544=EDGE_LOOP('',(#3539,#3541,#3542,#3543));
#3545=FACE_OUTER_BOUND('',#3544,.F.);
#3547=CARTESIAN_POINT('',(4.E0,2.25E-1,-1.28E1));
#3548=DIRECTION('',(0.E0,-1.E0,0.E0));
#3549=DIRECTION('',(-1.E0,0.E0,0.E0));
#3550=AXIS2_PLACEMENT_3D('',#3547,#3548,#3549);
#3551=PLANE('',#3550);
#3552=ORIENTED_EDGE('',*,*,#2419,.F.);
#3554=ORIENTED_EDGE('',*,*,#3553,.T.);
#3555=ORIENTED_EDGE('',*,*,#2589,.T.);
#3556=ORIENTED_EDGE('',*,*,#3540,.F.);
#3557=EDGE_LOOP('',(#3552,#3554,#3555,#3556));
#3558=FACE_OUTER_BOUND('',#3557,.F.);
#3560=CARTESIAN_POINT('',(4.E0,3.975E0,-1.28E1));
#3561=DIRECTION('',(1.E0,0.E0,0.E0));
#3562=DIRECTION('',(0.E0,-1.E0,0.E0));
#3563=AXIS2_PLACEMENT_3D('',#3560,#3561,#3562);
#3564=PLANE('',#3563);
#3565=ORIENTED_EDGE('',*,*,#2417,.F.);
#3566=ORIENTED_EDGE('',*,*,#3529,.T.);
#3567=ORIENTED_EDGE('',*,*,#2591,.T.);
#3568=ORIENTED_EDGE('',*,*,#3553,.F.);
#3569=EDGE_LOOP('',(#3565,#3566,#3567,#3568));
#3570=FACE_OUTER_BOUND('',#3569,.F.);
#3572=CARTESIAN_POINT('',(-3.1E0,3.975E0,-1.28E1));
#3573=DIRECTION('',(-1.E0,0.E0,0.E0));
#3574=DIRECTION('',(0.E0,1.E0,0.E0));
#3575=AXIS2_PLACEMENT_3D('',#3572,#3573,#3574);
#3576=PLANE('',#3575);
#3577=ORIENTED_EDGE('',*,*,#2425,.T.);
#3578=ORIENTED_EDGE('',*,*,#3502,.F.);
#3579=ORIENTED_EDGE('',*,*,#2583,.T.);
#3580=ORIENTED_EDGE('',*,*,#3469,.F.);
#3581=EDGE_LOOP('',(#3577,#3578,#3579,#3580));
#3582=FACE_OUTER_BOUND('',#3581,.F.);
#3584=CARTESIAN_POINT('',(-1.1E0,4.8E0,-1.28E1));
#3585=DIRECTION('',(1.E0,0.E0,0.E0));
#3586=DIRECTION('',(0.E0,-1.E0,0.E0));
#3587=AXIS2_PLACEMENT_3D('',#3584,#3585,#3586);
#3588=PLANE('',#3587);
#3589=ORIENTED_EDGE('',*,*,#2369,.F.);
#3590=ORIENTED_EDGE('',*,*,#3472,.T.);
#3591=ORIENTED_EDGE('',*,*,#2579,.T.);
#3592=ORIENTED_EDGE('',*,*,#3513,.T.);
#3593=EDGE_LOOP('',(#3589,#3590,#3591,#3592));
#3594=FACE_OUTER_BOUND('',#3593,.F.);
#3596=CARTESIAN_POINT('',(1.1E0,3.975E0,-1.28E1));
#3597=DIRECTION('',(-1.E0,0.E0,0.E0));
#3598=DIRECTION('',(0.E0,1.E0,0.E0));
#3599=AXIS2_PLACEMENT_3D('',#3596,#3597,#3598);
#3600=PLANE('',#3599);
#3601=ORIENTED_EDGE('',*,*,#3516,.F.);
#3602=ORIENTED_EDGE('',*,*,#2575,.T.);
#3603=ORIENTED_EDGE('',*,*,#3475,.F.);
#3604=ORIENTED_EDGE('',*,*,#2373,.T.);
#3605=EDGE_LOOP('',(#3601,#3602,#3603,#3604));
#3606=FACE_OUTER_BOUND('',#3605,.F.);
#3608=CARTESIAN_POINT('',(4.75E0,-4.8E0,-1.28E1));
#3609=DIRECTION('',(1.E0,0.E0,0.E0));
#3610=DIRECTION('',(0.E0,1.E0,0.E0));
#3611=AXIS2_PLACEMENT_3D('',#3608,#3609,#3610);
#3612=PLANE('',#3611);
#3613=ORIENTED_EDGE('',*,*,#2409,.F.);
#3614=ORIENTED_EDGE('',*,*,#2642,.T.);
#3615=ORIENTED_EDGE('',*,*,#2706,.T.);
#3616=ORIENTED_EDGE('',*,*,#3464,.F.);
#3617=EDGE_LOOP('',(#3613,#3614,#3615,#3616));
#3618=FACE_OUTER_BOUND('',#3617,.F.);
#3620=ORIENTED_EDGE('',*,*,#3619,.T.);
#3622=ORIENTED_EDGE('',*,*,#3621,.T.);
#3624=ORIENTED_EDGE('',*,*,#3623,.F.);
#3626=ORIENTED_EDGE('',*,*,#3625,.F.);
#3627=EDGE_LOOP('',(#3620,#3622,#3624,#3626));
#3628=FACE_BOUND('',#3627,.F.);
#3630=CARTESIAN_POINT('',(4.75E0,-1.54E0,-9.E0));
#3631=DIRECTION('',(0.E0,1.E0,0.E0));
#3632=DIRECTION('',(1.E0,0.E0,0.E0));
#3633=AXIS2_PLACEMENT_3D('',#3630,#3631,#3632);
#3634=PLANE('',#3633);
#3636=ORIENTED_EDGE('',*,*,#3635,.F.);
#3638=ORIENTED_EDGE('',*,*,#3637,.F.);
#3639=ORIENTED_EDGE('',*,*,#3619,.F.);
#3641=ORIENTED_EDGE('',*,*,#3640,.F.);
#3642=EDGE_LOOP('',(#3636,#3638,#3639,#3641));
#3643=FACE_OUTER_BOUND('',#3642,.F.);
#3645=CARTESIAN_POINT('',(5.8E0,-1.459337613708E0,-9.E0));
#3646=DIRECTION('',(-1.E0,0.E0,0.E0));
#3647=DIRECTION('',(0.E0,-1.E0,0.E0));
#3648=AXIS2_PLACEMENT_3D('',#3645,#3646,#3647);
#3649=PLANE('',#3648);
#3651=ORIENTED_EDGE('',*,*,#3650,.F.);
#3653=ORIENTED_EDGE('',*,*,#3652,.T.);
#3655=ORIENTED_EDGE('',*,*,#3654,.F.);
#3657=ORIENTED_EDGE('',*,*,#3656,.T.);
#3659=ORIENTED_EDGE('',*,*,#3658,.T.);
#3661=ORIENTED_EDGE('',*,*,#3660,.F.);
#3663=ORIENTED_EDGE('',*,*,#3662,.T.);
#3665=ORIENTED_EDGE('',*,*,#3664,.T.);
#3666=EDGE_LOOP('',(#3651,#3653,#3655,#3657,#3659,#3661,#3663,#3665));
#3667=FACE_OUTER_BOUND('',#3666,.F.);
#3669=CARTESIAN_POINT('',(5.8E0,-1.459337613708E0,-9.E0));
#3670=DIRECTION('',(-1.E0,0.E0,0.E0));
#3671=DIRECTION('',(0.E0,-1.E0,0.E0));
#3672=AXIS2_PLACEMENT_3D('',#3669,#3670,#3671);
#3673=PLANE('',#3672);
#3675=ORIENTED_EDGE('',*,*,#3674,.T.);
#3677=ORIENTED_EDGE('',*,*,#3676,.T.);
#3679=ORIENTED_EDGE('',*,*,#3678,.F.);
#3681=ORIENTED_EDGE('',*,*,#3680,.F.);
#3683=ORIENTED_EDGE('',*,*,#3682,.F.);
#3685=ORIENTED_EDGE('',*,*,#3684,.T.);
#3686=ORIENTED_EDGE('',*,*,#3635,.T.);
#3688=ORIENTED_EDGE('',*,*,#3687,.T.);
#3689=EDGE_LOOP('',(#3675,#3677,#3679,#3681,#3683,#3685,#3686,#3688));
#3690=FACE_OUTER_BOUND('',#3689,.F.);
#3692=CARTESIAN_POINT('',(7.8E0,-2.789999825475E0,-1.6E1));
#3693=DIRECTION('',(0.E0,-9.988706912805E-1,4.751149440767E-2));
#3694=DIRECTION('',(0.E0,4.751149440767E-2,9.988706912805E-1));
#3695=AXIS2_PLACEMENT_3D('',#3692,#3693,#3694);
#3696=PLANE('',#3695);
#3697=ORIENTED_EDGE('',*,*,#3650,.T.);
#3699=ORIENTED_EDGE('',*,*,#3698,.T.);
#3701=ORIENTED_EDGE('',*,*,#3700,.T.);
#3703=ORIENTED_EDGE('',*,*,#3702,.T.);
#3705=ORIENTED_EDGE('',*,*,#3704,.F.);
#3707=ORIENTED_EDGE('',*,*,#3706,.F.);
#3709=ORIENTED_EDGE('',*,*,#3708,.F.);
#3711=ORIENTED_EDGE('',*,*,#3710,.F.);
#3713=ORIENTED_EDGE('',*,*,#3712,.T.);
#3714=EDGE_LOOP('',(#3697,#3699,#3701,#3703,#3705,#3707,#3709,#3711,#3713));
#3715=FACE_OUTER_BOUND('',#3714,.F.);
#3717=CARTESIAN_POINT('',(6.2E0,-2.29E0,-1.55E1));
#3718=DIRECTION('',(-7.808688094430E-1,0.E0,-6.246950475544E-1));
#3719=DIRECTION('',(-6.246950475544E-1,0.E0,7.808688094430E-1));
#3720=AXIS2_PLACEMENT_3D('',#3717,#3718,#3719);
#3721=PLANE('',#3720);
#3722=ORIENTED_EDGE('',*,*,#3698,.F.);
#3723=ORIENTED_EDGE('',*,*,#3664,.F.);
#3725=ORIENTED_EDGE('',*,*,#3724,.F.);
#3727=ORIENTED_EDGE('',*,*,#3726,.T.);
#3728=EDGE_LOOP('',(#3722,#3723,#3725,#3727));
#3729=FACE_OUTER_BOUND('',#3728,.F.);
#3731=CARTESIAN_POINT('',(6.2E0,-2.29E0,-1.55E1));
#3732=DIRECTION('',(-7.808688094430E-1,0.E0,-6.246950475544E-1));
#3733=DIRECTION('',(-6.246950475544E-1,0.E0,7.808688094430E-1));
#3734=AXIS2_PLACEMENT_3D('',#3731,#3732,#3733);
#3735=PLANE('',#3734);
#3737=ORIENTED_EDGE('',*,*,#3736,.T.);
#3739=ORIENTED_EDGE('',*,*,#3738,.T.);
#3741=ORIENTED_EDGE('',*,*,#3740,.T.);
#3742=ORIENTED_EDGE('',*,*,#3676,.F.);
#3743=EDGE_LOOP('',(#3737,#3739,#3741,#3742));
#3744=FACE_OUTER_BOUND('',#3743,.F.);
#3746=CARTESIAN_POINT('',(6.800000404358E0,-2.289999893876E0,
-1.549999984071E1));
#3747=DIRECTION('',(0.E0,0.E0,1.E0));
#3748=DIRECTION('',(0.E0,-1.E0,0.E0));
#3749=AXIS2_PLACEMENT_3D('',#3746,#3747,#3748);
#3750=CONICAL_SURFACE('',#3749,1.149999398646E0,4.500004201929E1);
#3751=ORIENTED_EDGE('',*,*,#3724,.T.);
#3753=ORIENTED_EDGE('',*,*,#3752,.T.);
#3755=ORIENTED_EDGE('',*,*,#3754,.F.);
#3757=ORIENTED_EDGE('',*,*,#3756,.F.);
#3759=ORIENTED_EDGE('',*,*,#3758,.T.);
#3761=ORIENTED_EDGE('',*,*,#3760,.F.);
#3762=EDGE_LOOP('',(#3751,#3753,#3755,#3757,#3759,#3761));
#3763=FACE_OUTER_BOUND('',#3762,.F.);
#3765=CARTESIAN_POINT('',(6.8E0,-2.29E0,-1.458E1));
#3766=DIRECTION('',(0.E0,0.E0,-1.E0));
#3767=DIRECTION('',(0.E0,1.E0,0.E0));
#3768=AXIS2_PLACEMENT_3D('',#3765,#3766,#3767);
#3769=CYLINDRICAL_SURFACE('',#3768,1.65E0);
#3771=ORIENTED_EDGE('',*,*,#3770,.T.);
#3772=ORIENTED_EDGE('',*,*,#3752,.F.);
#3773=ORIENTED_EDGE('',*,*,#3662,.F.);
#3775=ORIENTED_EDGE('',*,*,#3774,.F.);
#3776=EDGE_LOOP('',(#3771,#3772,#3773,#3775));
#3777=FACE_OUTER_BOUND('',#3776,.F.);
#3779=CARTESIAN_POINT('',(7.8E0,-3.120662386292E0,-9.E0));
#3780=DIRECTION('',(1.E0,0.E0,0.E0));
#3781=DIRECTION('',(0.E0,1.E0,0.E0));
#3782=AXIS2_PLACEMENT_3D('',#3779,#3780,#3781);
#3783=PLANE('',#3782);
#3784=ORIENTED_EDGE('',*,*,#3708,.T.);
#3786=ORIENTED_EDGE('',*,*,#3785,.T.);
#3787=ORIENTED_EDGE('',*,*,#3770,.F.);
#3789=ORIENTED_EDGE('',*,*,#3788,.F.);
#3791=ORIENTED_EDGE('',*,*,#3790,.F.);
#3793=ORIENTED_EDGE('',*,*,#3792,.T.);
#3795=ORIENTED_EDGE('',*,*,#3794,.T.);
#3797=ORIENTED_EDGE('',*,*,#3796,.F.);
#3799=ORIENTED_EDGE('',*,*,#3798,.T.);
#3801=ORIENTED_EDGE('',*,*,#3800,.T.);
#3803=ORIENTED_EDGE('',*,*,#3802,.F.);
#3805=ORIENTED_EDGE('',*,*,#3804,.T.);
#3806=EDGE_LOOP('',(#3784,#3786,#3787,#3789,#3791,#3793,#3795,#3797,#3799,#3801,
#3803,#3805));
#3807=FACE_OUTER_BOUND('',#3806,.F.);
#3809=CARTESIAN_POINT('',(7.4E0,-2.29E0,-1.55E1));
#3810=DIRECTION('',(7.808688094430E-1,0.E0,-6.246950475544E-1));
#3811=DIRECTION('',(6.246950475544E-1,0.E0,7.808688094430E-1));
#3812=AXIS2_PLACEMENT_3D('',#3809,#3810,#3811);
#3813=PLANE('',#3812);
#3814=ORIENTED_EDGE('',*,*,#3706,.T.);
#3816=ORIENTED_EDGE('',*,*,#3815,.T.);
#3817=ORIENTED_EDGE('',*,*,#3754,.T.);
#3818=ORIENTED_EDGE('',*,*,#3785,.F.);
#3819=EDGE_LOOP('',(#3814,#3816,#3817,#3818));
#3820=FACE_OUTER_BOUND('',#3819,.F.);
#3822=CARTESIAN_POINT('',(7.4E0,-2.29E0,-1.55E1));
#3823=DIRECTION('',(7.808688094430E-1,0.E0,-6.246950475544E-1));
#3824=DIRECTION('',(6.246950475544E-1,0.E0,7.808688094430E-1));
#3825=AXIS2_PLACEMENT_3D('',#3822,#3823,#3824);
#3826=PLANE('',#3825);
#3828=ORIENTED_EDGE('',*,*,#3827,.F.);
#3829=ORIENTED_EDGE('',*,*,#3800,.F.);
#3831=ORIENTED_EDGE('',*,*,#3830,.F.);
#3833=ORIENTED_EDGE('',*,*,#3832,.T.);
#3834=EDGE_LOOP('',(#3828,#3829,#3831,#3833));
#3835=FACE_OUTER_BOUND('',#3834,.F.);
#3837=CARTESIAN_POINT('',(6.817362557955E0,1.900924E1,-1.562E1));
#3838=DIRECTION('',(0.E0,-1.E0,0.E0));
#3839=DIRECTION('',(0.E0,0.E0,-1.E0));
#3840=AXIS2_PLACEMENT_3D('',#3837,#3838,#3839);
#3841=CYLINDRICAL_SURFACE('',#3840,3.8E-1);
#3842=ORIENTED_EDGE('',*,*,#3704,.T.);
#3844=ORIENTED_EDGE('',*,*,#3843,.T.);
#3845=ORIENTED_EDGE('',*,*,#3756,.T.);
#3846=ORIENTED_EDGE('',*,*,#3815,.F.);
#3847=EDGE_LOOP('',(#3842,#3844,#3845,#3846));
#3848=FACE_OUTER_BOUND('',#3847,.F.);
#3850=CARTESIAN_POINT('',(6.817362557955E0,1.900924E1,-1.562E1));
#3851=DIRECTION('',(0.E0,-1.E0,0.E0));
#3852=DIRECTION('',(0.E0,0.E0,-1.E0));
#3853=AXIS2_PLACEMENT_3D('',#3850,#3851,#3852);
#3854=CYLINDRICAL_SURFACE('',#3853,3.8E-1);
#3856=ORIENTED_EDGE('',*,*,#3855,.F.);
#3857=ORIENTED_EDGE('',*,*,#3832,.F.);
#3859=ORIENTED_EDGE('',*,*,#3858,.T.);
#3861=ORIENTED_EDGE('',*,*,#3860,.T.);
#3862=EDGE_LOOP('',(#3856,#3857,#3859,#3861));
#3863=FACE_OUTER_BOUND('',#3862,.F.);
#3865=CARTESIAN_POINT('',(0.E0,0.E0,-1.6E1));
#3866=DIRECTION('',(0.E0,0.E0,-1.E0));
#3867=DIRECTION('',(-1.E0,0.E0,0.E0));
#3868=AXIS2_PLACEMENT_3D('',#3865,#3866,#3867);
#3869=PLANE('',#3868);
#3870=ORIENTED_EDGE('',*,*,#3702,.F.);
#3872=ORIENTED_EDGE('',*,*,#3871,.F.);
#3873=ORIENTED_EDGE('',*,*,#3758,.F.);
#3874=ORIENTED_EDGE('',*,*,#3843,.F.);
#3875=EDGE_LOOP('',(#3870,#3872,#3873,#3874));
#3876=FACE_OUTER_BOUND('',#3875,.F.);
#3878=CARTESIAN_POINT('',(0.E0,0.E0,-1.6E1));
#3879=DIRECTION('',(0.E0,0.E0,-1.E0));
#3880=DIRECTION('',(-1.E0,0.E0,0.E0));
#3881=AXIS2_PLACEMENT_3D('',#3878,#3879,#3880);
#3882=PLANE('',#3881);
#3884=ORIENTED_EDGE('',*,*,#3883,.T.);
#3885=ORIENTED_EDGE('',*,*,#3860,.F.);
#3887=ORIENTED_EDGE('',*,*,#3886,.F.);
#3889=ORIENTED_EDGE('',*,*,#3888,.F.);
#3890=EDGE_LOOP('',(#3884,#3885,#3887,#3889));
#3891=FACE_OUTER_BOUND('',#3890,.F.);
#3893=CARTESIAN_POINT('',(6.782637442045E0,-2.030924E1,-1.562E1));
#3894=DIRECTION('',(0.E0,1.E0,0.E0));
#3895=DIRECTION('',(0.E0,0.E0,-1.E0));
#3896=AXIS2_PLACEMENT_3D('',#3893,#3894,#3895);
#3897=CYLINDRICAL_SURFACE('',#3896,3.8E-1);
#3898=ORIENTED_EDGE('',*,*,#3700,.F.);
#3899=ORIENTED_EDGE('',*,*,#3726,.F.);
#3900=ORIENTED_EDGE('',*,*,#3760,.T.);
#3901=ORIENTED_EDGE('',*,*,#3871,.T.);
#3902=EDGE_LOOP('',(#3898,#3899,#3900,#3901));
#3903=FACE_OUTER_BOUND('',#3902,.F.);
#3905=CARTESIAN_POINT('',(6.782637442045E0,-2.030924E1,-1.562E1));
#3906=DIRECTION('',(0.E0,1.E0,0.E0));
#3907=DIRECTION('',(0.E0,0.E0,-1.E0));
#3908=AXIS2_PLACEMENT_3D('',#3905,#3906,#3907);
#3909=CYLINDRICAL_SURFACE('',#3908,3.8E-1);
#3911=ORIENTED_EDGE('',*,*,#3910,.T.);
#3912=ORIENTED_EDGE('',*,*,#3888,.T.);
#3914=ORIENTED_EDGE('',*,*,#3913,.T.);
#3915=ORIENTED_EDGE('',*,*,#3738,.F.);
#3916=EDGE_LOOP('',(#3911,#3912,#3914,#3915));
#3917=FACE_OUTER_BOUND('',#3916,.F.);
#3919=CARTESIAN_POINT('',(7.8E0,-2.040282152655E0,-1.073812212640E1));
#3920=DIRECTION('',(0.E0,9.988706912805E-1,4.751149440767E-2));
#3921=DIRECTION('',(0.E0,4.751149440767E-2,-9.988706912805E-1));
#3922=AXIS2_PLACEMENT_3D('',#3919,#3920,#3921);
#3923=PLANE('',#3922);
#3924=ORIENTED_EDGE('',*,*,#3674,.F.);
#3926=ORIENTED_EDGE('',*,*,#3925,.T.);
#3928=ORIENTED_EDGE('',*,*,#3927,.T.);
#3929=ORIENTED_EDGE('',*,*,#3802,.T.);
#3930=ORIENTED_EDGE('',*,*,#3827,.T.);
#3931=ORIENTED_EDGE('',*,*,#3855,.T.);
#3932=ORIENTED_EDGE('',*,*,#3883,.F.);
#3933=ORIENTED_EDGE('',*,*,#3910,.F.);
#3934=ORIENTED_EDGE('',*,*,#3736,.F.);
#3935=EDGE_LOOP('',(#3924,#3926,#3928,#3929,#3930,#3931,#3932,#3933,#3934));
#3936=FACE_OUTER_BOUND('',#3935,.F.);
#3938=CARTESIAN_POINT('',(5.8E0,0.E0,-9.E0));
#3939=DIRECTION('',(-1.E0,0.E0,0.E0));
#3940=DIRECTION('',(0.E0,-1.E0,0.E0));
#3941=AXIS2_PLACEMENT_3D('',#3938,#3939,#3940);
#3942=PLANE('',#3941);
#3943=ORIENTED_EDGE('',*,*,#3712,.F.);
#3945=ORIENTED_EDGE('',*,*,#3944,.F.);
#3946=ORIENTED_EDGE('',*,*,#3925,.F.);
#3948=ORIENTED_EDGE('',*,*,#3947,.F.);
#3949=EDGE_LOOP('',(#3943,#3945,#3946,#3948));
#3950=FACE_OUTER_BOUND('',#3949,.F.);
#3952=CARTESIAN_POINT('',(7.8E0,-2.289999825475E0,-1.075E1));
#3953=DIRECTION('',(-1.E0,0.E0,0.E0));
#3954=DIRECTION('',(0.E0,-1.E0,0.E0));
#3955=AXIS2_PLACEMENT_3D('',#3952,#3953,#3954);
#3956=CYLINDRICAL_SURFACE('',#3955,2.5E-1);
#3957=ORIENTED_EDGE('',*,*,#3804,.F.);
#3958=ORIENTED_EDGE('',*,*,#3927,.F.);
#3959=ORIENTED_EDGE('',*,*,#3944,.T.);
#3960=ORIENTED_EDGE('',*,*,#3710,.T.);
#3961=EDGE_LOOP('',(#3957,#3958,#3959,#3960));
#3962=FACE_OUTER_BOUND('',#3961,.F.);
#3964=CARTESIAN_POINT('',(0.E0,0.E0,-1.2E1));
#3965=DIRECTION('',(0.E0,0.E0,-1.E0));
#3966=DIRECTION('',(1.E0,0.E0,0.E0));
#3967=AXIS2_PLACEMENT_3D('',#3964,#3965,#3966);
#3968=PLANE('',#3967);
#3969=ORIENTED_EDGE('',*,*,#3687,.F.);
#3970=ORIENTED_EDGE('',*,*,#3640,.T.);
#3971=ORIENTED_EDGE('',*,*,#3625,.T.);
#3973=ORIENTED_EDGE('',*,*,#3972,.T.);
#3974=ORIENTED_EDGE('',*,*,#3652,.F.);
#3975=ORIENTED_EDGE('',*,*,#3947,.T.);
#3976=EDGE_LOOP('',(#3969,#3970,#3971,#3973,#3974,#3975));
#3977=FACE_OUTER_BOUND('',#3976,.F.);
#3979=CARTESIAN_POINT('',(6.8E0,-3.04E0,-9.E0));
#3980=DIRECTION('',(0.E0,-1.E0,0.E0));
#3981=DIRECTION('',(-1.E0,0.E0,0.E0));
#3982=AXIS2_PLACEMENT_3D('',#3979,#3980,#3981);
#3983=PLANE('',#3982);
#3984=ORIENTED_EDGE('',*,*,#3654,.T.);
#3985=ORIENTED_EDGE('',*,*,#3972,.F.);
#3986=ORIENTED_EDGE('',*,*,#3623,.T.);
#3988=ORIENTED_EDGE('',*,*,#3987,.F.);
#3989=EDGE_LOOP('',(#3984,#3985,#3986,#3988));
#3990=FACE_OUTER_BOUND('',#3989,.F.);
#3992=CARTESIAN_POINT('',(0.E0,0.E0,-9.E0));
#3993=DIRECTION('',(0.E0,0.E0,-1.E0));
#3994=DIRECTION('',(1.E0,0.E0,0.E0));
#3995=AXIS2_PLACEMENT_3D('',#3992,#3993,#3994);
#3996=PLANE('',#3995);
#3997=ORIENTED_EDGE('',*,*,#3637,.T.);
#3998=ORIENTED_EDGE('',*,*,#3684,.F.);
#4000=ORIENTED_EDGE('',*,*,#3999,.F.);
#4001=ORIENTED_EDGE('',*,*,#3792,.F.);
#4003=ORIENTED_EDGE('',*,*,#4002,.F.);
#4004=ORIENTED_EDGE('',*,*,#3656,.F.);
#4005=ORIENTED_EDGE('',*,*,#3987,.T.);
#4006=ORIENTED_EDGE('',*,*,#3621,.F.);
#4007=EDGE_LOOP('',(#3997,#3998,#4000,#4001,#4003,#4004,#4005,#4006));
#4008=FACE_OUTER_BOUND('',#4007,.F.);
#4010=CARTESIAN_POINT('',(6.8E0,-2.29E0,-9.E0));
#4011=DIRECTION('',(0.E0,0.E0,1.E0));
#4012=DIRECTION('',(1.E0,0.E0,0.E0));
#4013=AXIS2_PLACEMENT_3D('',#4010,#4011,#4012);
#4014=CYLINDRICAL_SURFACE('',#4013,1.3E0);
#4016=ORIENTED_EDGE('',*,*,#4015,.F.);
#4017=ORIENTED_EDGE('',*,*,#3794,.F.);
#4018=ORIENTED_EDGE('',*,*,#3999,.T.);
#4019=ORIENTED_EDGE('',*,*,#3682,.T.);
#4020=EDGE_LOOP('',(#4016,#4017,#4018,#4019));
#4021=FACE_OUTER_BOUND('',#4020,.F.);
#4023=CARTESIAN_POINT('',(0.E0,0.E0,-1.458E1));
#4024=DIRECTION('',(0.E0,0.E0,-1.E0));
#4025=DIRECTION('',(0.E0,1.E0,0.E0));
#4026=AXIS2_PLACEMENT_3D('',#4023,#4024,#4025);
#4027=PLANE('',#4026);
#4029=ORIENTED_EDGE('',*,*,#4028,.T.);
#4030=ORIENTED_EDGE('',*,*,#3788,.T.);
#4031=ORIENTED_EDGE('',*,*,#3774,.T.);
#4032=ORIENTED_EDGE('',*,*,#3660,.T.);
#4033=EDGE_LOOP('',(#4029,#4030,#4031,#4032));
#4034=FACE_OUTER_BOUND('',#4033,.F.);
#4036=CARTESIAN_POINT('',(0.E0,0.E0,-1.458E1));
#4037=DIRECTION('',(0.E0,0.E0,-1.E0));
#4038=DIRECTION('',(0.E0,1.E0,0.E0));
#4039=AXIS2_PLACEMENT_3D('',#4036,#4037,#4038);
#4040=PLANE('',#4039);
#4041=ORIENTED_EDGE('',*,*,#4015,.T.);
#4042=ORIENTED_EDGE('',*,*,#3680,.T.);
#4044=ORIENTED_EDGE('',*,*,#4043,.T.);
#4045=ORIENTED_EDGE('',*,*,#3796,.T.);
#4046=EDGE_LOOP('',(#4041,#4042,#4044,#4045));
#4047=FACE_OUTER_BOUND('',#4046,.F.);
#4049=CARTESIAN_POINT('',(6.8E0,-2.29E0,-9.E0));
#4050=DIRECTION('',(0.E0,0.E0,1.E0));
#4051=DIRECTION('',(1.E0,0.E0,0.E0));
#4052=AXIS2_PLACEMENT_3D('',#4049,#4050,#4051);
#4053=CYLINDRICAL_SURFACE('',#4052,1.3E0);
#4054=ORIENTED_EDGE('',*,*,#4028,.F.);
#4055=ORIENTED_EDGE('',*,*,#3658,.F.);
#4056=ORIENTED_EDGE('',*,*,#4002,.T.);
#4057=ORIENTED_EDGE('',*,*,#3790,.T.);
#4058=EDGE_LOOP('',(#4054,#4055,#4056,#4057));
#4059=FACE_OUTER_BOUND('',#4058,.F.);
#4061=CARTESIAN_POINT('',(6.8E0,-2.29E0,-1.458E1));
#4062=DIRECTION('',(0.E0,0.E0,-1.E0));
#4063=DIRECTION('',(0.E0,1.E0,0.E0));
#4064=AXIS2_PLACEMENT_3D('',#4061,#4062,#4063);
#4065=CYLINDRICAL_SURFACE('',#4064,1.65E0);
#4066=ORIENTED_EDGE('',*,*,#3678,.T.);
#4068=ORIENTED_EDGE('',*,*,#4067,.F.);
#4069=ORIENTED_EDGE('',*,*,#3798,.F.);
#4070=ORIENTED_EDGE('',*,*,#4043,.F.);
#4071=EDGE_LOOP('',(#4066,#4068,#4069,#4070));
#4072=FACE_OUTER_BOUND('',#4071,.F.);
#4074=CARTESIAN_POINT('',(6.799999595642E0,-2.290000106124E0,
-1.549999984071E1));
#4075=DIRECTION('',(0.E0,0.E0,1.E0));
#4076=DIRECTION('',(0.E0,-1.E0,0.E0));
#4077=AXIS2_PLACEMENT_3D('',#4074,#4075,#4076);
#4078=CONICAL_SURFACE('',#4077,1.149999398646E0,4.500004201929E1);
#4079=ORIENTED_EDGE('',*,*,#3740,.F.);
#4080=ORIENTED_EDGE('',*,*,#3913,.F.);
#4081=ORIENTED_EDGE('',*,*,#3886,.T.);
#4082=ORIENTED_EDGE('',*,*,#3858,.F.);
#4083=ORIENTED_EDGE('',*,*,#3830,.T.);
#4084=ORIENTED_EDGE('',*,*,#4067,.T.);
#4085=EDGE_LOOP('',(#4079,#4080,#4081,#4082,#4083,#4084));
#4086=FACE_OUTER_BOUND('',#4085,.F.);
#4088=CARTESIAN_POINT('',(0.E0,0.E0,-9.E0));
#4089=DIRECTION('',(0.E0,0.E0,-1.E0));
#4090=DIRECTION('',(0.E0,1.E0,0.E0));
#4091=AXIS2_PLACEMENT_3D('',#4088,#4089,#4090);
#4092=PLANE('',#4091);
#4094=ORIENTED_EDGE('',*,*,#4093,.T.);
#4096=ORIENTED_EDGE('',*,*,#4095,.T.);
#4098=ORIENTED_EDGE('',*,*,#4097,.T.);
#4100=ORIENTED_EDGE('',*,*,#4099,.T.);
#4102=ORIENTED_EDGE('',*,*,#4101,.T.);
#4104=ORIENTED_EDGE('',*,*,#4103,.T.);
#4106=ORIENTED_EDGE('',*,*,#4105,.T.);
#4107=ORIENTED_EDGE('',*,*,#3432,.F.);
#4108=EDGE_LOOP('',(#4094,#4096,#4098,#4100,#4102,#4104,#4106,#4107));
#4109=FACE_OUTER_BOUND('',#4108,.F.);
#4111=CARTESIAN_POINT('',(-4.75E0,-3.04E0,-9.E0));
#4112=DIRECTION('',(0.E0,-1.E0,0.E0));
#4113=DIRECTION('',(-1.E0,0.E0,0.E0));
#4114=AXIS2_PLACEMENT_3D('',#4111,#4112,#4113);
#4115=PLANE('',#4114);
#4117=ORIENTED_EDGE('',*,*,#4116,.F.);
#4118=ORIENTED_EDGE('',*,*,#4093,.F.);
#4119=ORIENTED_EDGE('',*,*,#3438,.F.);
#4121=ORIENTED_EDGE('',*,*,#4120,.T.);
#4122=EDGE_LOOP('',(#4117,#4118,#4119,#4121));
#4123=FACE_OUTER_BOUND('',#4122,.F.);
#4125=CARTESIAN_POINT('',(-5.8E0,-1.459337613708E0,-9.E0));
#4126=DIRECTION('',(1.E0,0.E0,0.E0));
#4127=DIRECTION('',(0.E0,-1.E0,0.E0));
#4128=AXIS2_PLACEMENT_3D('',#4125,#4126,#4127);
#4129=PLANE('',#4128);
#4131=ORIENTED_EDGE('',*,*,#4130,.F.);
#4133=ORIENTED_EDGE('',*,*,#4132,.T.);
#4135=ORIENTED_EDGE('',*,*,#4134,.F.);
#4137=ORIENTED_EDGE('',*,*,#4136,.F.);
#4139=ORIENTED_EDGE('',*,*,#4138,.F.);
#4140=ORIENTED_EDGE('',*,*,#4095,.F.);
#4141=ORIENTED_EDGE('',*,*,#4116,.T.);
#4143=ORIENTED_EDGE('',*,*,#4142,.F.);
#4144=EDGE_LOOP('',(#4131,#4133,#4135,#4137,#4139,#4140,#4141,#4143));
#4145=FACE_OUTER_BOUND('',#4144,.F.);
#4147=CARTESIAN_POINT('',(-5.8E0,-1.459337613708E0,-9.E0));
#4148=DIRECTION('',(1.E0,0.E0,0.E0));
#4149=DIRECTION('',(0.E0,-1.E0,0.E0));
#4150=AXIS2_PLACEMENT_3D('',#4147,#4148,#4149);
#4151=PLANE('',#4150);
#4153=ORIENTED_EDGE('',*,*,#4152,.T.);
#4155=ORIENTED_EDGE('',*,*,#4154,.F.);
#4157=ORIENTED_EDGE('',*,*,#4156,.F.);
#4158=ORIENTED_EDGE('',*,*,#4103,.F.);
#4160=ORIENTED_EDGE('',*,*,#4159,.T.);
#4162=ORIENTED_EDGE('',*,*,#4161,.F.);
#4164=ORIENTED_EDGE('',*,*,#4163,.T.);
#4166=ORIENTED_EDGE('',*,*,#4165,.T.);
#4167=EDGE_LOOP('',(#4153,#4155,#4157,#4158,#4160,#4162,#4164,#4166));
#4168=FACE_OUTER_BOUND('',#4167,.F.);
#4170=CARTESIAN_POINT('',(-7.8E0,-2.79E0,-1.6E1));
#4171=DIRECTION('',(0.E0,-9.988706912805E-1,4.751149440766E-2));
#4172=DIRECTION('',(0.E0,4.751149440766E-2,9.988706912805E-1));
#4173=AXIS2_PLACEMENT_3D('',#4170,#4171,#4172);
#4174=PLANE('',#4173);
#4176=ORIENTED_EDGE('',*,*,#4175,.F.);
#4178=ORIENTED_EDGE('',*,*,#4177,.F.);
#4180=ORIENTED_EDGE('',*,*,#4179,.F.);
#4182=ORIENTED_EDGE('',*,*,#4181,.T.);
#4183=ORIENTED_EDGE('',*,*,#4130,.T.);
#4185=ORIENTED_EDGE('',*,*,#4184,.T.);
#4187=ORIENTED_EDGE('',*,*,#4186,.F.);
#4189=ORIENTED_EDGE('',*,*,#4188,.F.);
#4191=ORIENTED_EDGE('',*,*,#4190,.F.);
#4192=EDGE_LOOP('',(#4176,#4178,#4180,#4182,#4183,#4185,#4187,#4189,#4191));
#4193=FACE_OUTER_BOUND('',#4192,.F.);
#4195=CARTESIAN_POINT('',(-6.817362557955E0,-2.030924E1,-1.562E1));
#4196=DIRECTION('',(0.E0,1.E0,0.E0));
#4197=DIRECTION('',(0.E0,0.E0,-1.E0));
#4198=AXIS2_PLACEMENT_3D('',#4195,#4196,#4197);
#4199=CYLINDRICAL_SURFACE('',#4198,3.8E-1);
#4200=ORIENTED_EDGE('',*,*,#4175,.T.);
#4202=ORIENTED_EDGE('',*,*,#4201,.F.);
#4204=ORIENTED_EDGE('',*,*,#4203,.T.);
#4206=ORIENTED_EDGE('',*,*,#4205,.T.);
#4207=EDGE_LOOP('',(#4200,#4202,#4204,#4206));
#4208=FACE_OUTER_BOUND('',#4207,.F.);
#4210=CARTESIAN_POINT('',(-7.4E0,-2.29E0,-1.55E1));
#4211=DIRECTION('',(-7.808688094430E-1,0.E0,-6.246950475544E-1));
#4212=DIRECTION('',(-6.246950475544E-1,0.E0,7.808688094430E-1));
#4213=AXIS2_PLACEMENT_3D('',#4210,#4211,#4212);
#4214=PLANE('',#4213);
#4216=ORIENTED_EDGE('',*,*,#4215,.T.);
#4218=ORIENTED_EDGE('',*,*,#4217,.T.);
#4220=ORIENTED_EDGE('',*,*,#4219,.F.);
#4222=ORIENTED_EDGE('',*,*,#4221,.F.);
#4223=EDGE_LOOP('',(#4216,#4218,#4220,#4222));
#4224=FACE_OUTER_BOUND('',#4223,.F.);
#4226=CARTESIAN_POINT('',(-7.4E0,-2.29E0,-1.55E1));
#4227=DIRECTION('',(-7.808688094430E-1,0.E0,-6.246950475544E-1));
#4228=DIRECTION('',(-6.246950475544E-1,0.E0,7.808688094430E-1));
#4229=AXIS2_PLACEMENT_3D('',#4226,#4227,#4228);
#4230=PLANE('',#4229);
#4231=ORIENTED_EDGE('',*,*,#4201,.T.);
#4232=ORIENTED_EDGE('',*,*,#4190,.T.);
#4234=ORIENTED_EDGE('',*,*,#4233,.F.);
#4236=ORIENTED_EDGE('',*,*,#4235,.F.);
#4237=EDGE_LOOP('',(#4231,#4232,#4234,#4236));
#4238=FACE_OUTER_BOUND('',#4237,.F.);
#4240=CARTESIAN_POINT('',(-6.817362557955E0,-2.030924E1,-1.562E1));
#4241=DIRECTION('',(0.E0,1.E0,0.E0));
#4242=DIRECTION('',(0.E0,0.E0,-1.E0));
#4243=AXIS2_PLACEMENT_3D('',#4240,#4241,#4242);
#4244=CYLINDRICAL_SURFACE('',#4243,3.8E-1);
#4246=ORIENTED_EDGE('',*,*,#4245,.T.);
#4247=ORIENTED_EDGE('',*,*,#4215,.F.);
#4249=ORIENTED_EDGE('',*,*,#4248,.T.);
#4251=ORIENTED_EDGE('',*,*,#4250,.T.);
#4252=EDGE_LOOP('',(#4246,#4247,#4249,#4251));
#4253=FACE_OUTER_BOUND('',#4252,.F.);
#4255=CARTESIAN_POINT('',(-6.800000409396E0,-2.290000105416E0,
-1.549999983890E1));
#4256=DIRECTION('',(0.E0,0.E0,1.E0));
#4257=DIRECTION('',(0.E0,-1.E0,0.E0));
#4258=AXIS2_PLACEMENT_3D('',#4255,#4256,#4257);
#4259=CONICAL_SURFACE('',#4258,1.149999391434E0,4.500004241259E1);
#4260=ORIENTED_EDGE('',*,*,#4245,.F.);
#4262=ORIENTED_EDGE('',*,*,#4261,.T.);
#4264=ORIENTED_EDGE('',*,*,#4263,.F.);
#4266=ORIENTED_EDGE('',*,*,#4265,.T.);
#4268=ORIENTED_EDGE('',*,*,#4267,.T.);
#4269=ORIENTED_EDGE('',*,*,#4217,.F.);
#4270=EDGE_LOOP('',(#4260,#4262,#4264,#4266,#4268,#4269));
#4271=FACE_OUTER_BOUND('',#4270,.F.);
#4273=CARTESIAN_POINT('',(0.E0,0.E0,-1.6E1));
#4274=DIRECTION('',(0.E0,0.E0,-1.E0));
#4275=DIRECTION('',(-1.E0,0.E0,0.E0));
#4276=AXIS2_PLACEMENT_3D('',#4273,#4274,#4275);
#4277=PLANE('',#4276);
#4278=ORIENTED_EDGE('',*,*,#4250,.F.);
#4280=ORIENTED_EDGE('',*,*,#4279,.F.);
#4282=ORIENTED_EDGE('',*,*,#4281,.F.);
#4283=ORIENTED_EDGE('',*,*,#4261,.F.);
#4284=EDGE_LOOP('',(#4278,#4280,#4282,#4283));
#4285=FACE_OUTER_BOUND('',#4284,.F.);
#4287=CARTESIAN_POINT('',(0.E0,0.E0,-1.6E1));
#4288=DIRECTION('',(0.E0,0.E0,-1.E0));
#4289=DIRECTION('',(-1.E0,0.E0,0.E0));
#4290=AXIS2_PLACEMENT_3D('',#4287,#4288,#4289);
#4291=PLANE('',#4290);
#4292=ORIENTED_EDGE('',*,*,#4205,.F.);
#4294=ORIENTED_EDGE('',*,*,#4293,.F.);
#4296=ORIENTED_EDGE('',*,*,#4295,.F.);
#4297=ORIENTED_EDGE('',*,*,#4177,.T.);
#4298=EDGE_LOOP('',(#4292,#4294,#4296,#4297));
#4299=FACE_OUTER_BOUND('',#4298,.F.);
#4301=CARTESIAN_POINT('',(-7.8E0,-2.040282327180E0,-1.073812212640E1));
#4302=DIRECTION('',(0.E0,9.988706912805E-1,4.751149440767E-2));
#4303=DIRECTION('',(0.E0,4.751149440767E-2,-9.988706912805E-1));
#4304=AXIS2_PLACEMENT_3D('',#4301,#4302,#4303);
#4305=PLANE('',#4304);
#4306=ORIENTED_EDGE('',*,*,#4248,.F.);
#4307=ORIENTED_EDGE('',*,*,#4221,.T.);
#4309=ORIENTED_EDGE('',*,*,#4308,.T.);
#4311=ORIENTED_EDGE('',*,*,#4310,.T.);
#4313=ORIENTED_EDGE('',*,*,#4312,.T.);
#4314=ORIENTED_EDGE('',*,*,#4152,.F.);
#4316=ORIENTED_EDGE('',*,*,#4315,.F.);
#4318=ORIENTED_EDGE('',*,*,#4317,.F.);
#4319=ORIENTED_EDGE('',*,*,#4279,.T.);
#4320=EDGE_LOOP('',(#4306,#4307,#4309,#4311,#4313,#4314,#4316,#4318,#4319));
#4321=FACE_OUTER_BOUND('',#4320,.F.);
#4323=CARTESIAN_POINT('',(-7.8E0,-3.120662386292E0,-9.E0));
#4324=DIRECTION('',(-1.E0,0.E0,0.E0));
#4325=DIRECTION('',(0.E0,1.E0,0.E0));
#4326=AXIS2_PLACEMENT_3D('',#4323,#4324,#4325);
#4327=PLANE('',#4326);
#4328=ORIENTED_EDGE('',*,*,#4188,.T.);
#4330=ORIENTED_EDGE('',*,*,#4329,.T.);
#4331=ORIENTED_EDGE('',*,*,#4308,.F.);
#4332=ORIENTED_EDGE('',*,*,#4219,.T.);
#4334=ORIENTED_EDGE('',*,*,#4333,.F.);
#4336=ORIENTED_EDGE('',*,*,#4335,.F.);
#4338=ORIENTED_EDGE('',*,*,#4337,.F.);
#4339=ORIENTED_EDGE('',*,*,#4099,.F.);
#4341=ORIENTED_EDGE('',*,*,#4340,.T.);
#4343=ORIENTED_EDGE('',*,*,#4342,.F.);
#4345=ORIENTED_EDGE('',*,*,#4344,.T.);
#4346=ORIENTED_EDGE('',*,*,#4233,.T.);
#4347=EDGE_LOOP('',(#4328,#4330,#4331,#4332,#4334,#4336,#4338,#4339,#4341,#4343,
#4345,#4346));
#4348=FACE_OUTER_BOUND('',#4347,.F.);
#4350=CARTESIAN_POINT('',(-7.8E0,-2.29E0,-1.075E1));
#4351=DIRECTION('',(-1.E0,0.E0,0.E0));
#4352=DIRECTION('',(0.E0,1.E0,0.E0));
#4353=AXIS2_PLACEMENT_3D('',#4350,#4351,#4352);
#4354=CYLINDRICAL_SURFACE('',#4353,2.5E-1);
#4355=ORIENTED_EDGE('',*,*,#4329,.F.);
#4356=ORIENTED_EDGE('',*,*,#4186,.T.);
#4358=ORIENTED_EDGE('',*,*,#4357,.T.);
#4359=ORIENTED_EDGE('',*,*,#4310,.F.);
#4360=EDGE_LOOP('',(#4355,#4356,#4358,#4359));
#4361=FACE_OUTER_BOUND('',#4360,.F.);
#4363=CARTESIAN_POINT('',(-5.8E0,-1.459337613708E0,-9.E0));
#4364=DIRECTION('',(1.E0,0.E0,0.E0));
#4365=DIRECTION('',(0.E0,-1.E0,0.E0));
#4366=AXIS2_PLACEMENT_3D('',#4363,#4364,#4365);
#4367=PLANE('',#4366);
#4368=ORIENTED_EDGE('',*,*,#4184,.F.);
#4370=ORIENTED_EDGE('',*,*,#4369,.F.);
#4371=ORIENTED_EDGE('',*,*,#4312,.F.);
#4372=ORIENTED_EDGE('',*,*,#4357,.F.);
#4373=EDGE_LOOP('',(#4368,#4370,#4371,#4372));
#4374=FACE_OUTER_BOUND('',#4373,.F.);
#4376=CARTESIAN_POINT('',(0.E0,0.E0,-1.18E1));
#4377=DIRECTION('',(0.E0,0.E0,-1.E0));
#4378=DIRECTION('',(1.E0,0.E0,0.E0));
#4379=AXIS2_PLACEMENT_3D('',#4376,#4377,#4378);
#4380=PLANE('',#4379);
#4381=ORIENTED_EDGE('',*,*,#4369,.T.);
#4382=ORIENTED_EDGE('',*,*,#4142,.T.);
#4383=ORIENTED_EDGE('',*,*,#4120,.F.);
#4384=ORIENTED_EDGE('',*,*,#3436,.F.);
#4386=ORIENTED_EDGE('',*,*,#4385,.F.);
#4387=ORIENTED_EDGE('',*,*,#4154,.T.);
#4388=EDGE_LOOP('',(#4381,#4382,#4383,#4384,#4386,#4387));
#4389=FACE_OUTER_BOUND('',#4388,.F.);
#4391=CARTESIAN_POINT('',(-6.8E0,-1.54E0,-9.E0));
#4392=DIRECTION('',(0.E0,1.E0,0.E0));
#4393=DIRECTION('',(1.E0,0.E0,0.E0));
#4394=AXIS2_PLACEMENT_3D('',#4391,#4392,#4393);
#4395=PLANE('',#4394);
#4396=ORIENTED_EDGE('',*,*,#4156,.T.);
#4397=ORIENTED_EDGE('',*,*,#4385,.T.);
#4398=ORIENTED_EDGE('',*,*,#3434,.T.);
#4399=ORIENTED_EDGE('',*,*,#4105,.F.);
#4400=EDGE_LOOP('',(#4396,#4397,#4398,#4399));
#4401=FACE_OUTER_BOUND('',#4400,.F.);
#4403=CARTESIAN_POINT('',(-6.8E0,-2.29E0,-1.458E1));
#4404=DIRECTION('',(0.E0,0.E0,-1.E0));
#4405=DIRECTION('',(1.E0,0.E0,0.E0));
#4406=AXIS2_PLACEMENT_3D('',#4403,#4404,#4405);
#4407=CYLINDRICAL_SURFACE('',#4406,1.65E0);
#4408=ORIENTED_EDGE('',*,*,#4333,.T.);
#4409=ORIENTED_EDGE('',*,*,#4267,.F.);
#4410=ORIENTED_EDGE('',*,*,#4163,.F.);
#4412=ORIENTED_EDGE('',*,*,#4411,.F.);
#4413=EDGE_LOOP('',(#4408,#4409,#4410,#4412));
#4414=FACE_OUTER_BOUND('',#4413,.F.);
#4416=CARTESIAN_POINT('',(0.E0,0.E0,-1.458E1));
#4417=DIRECTION('',(0.E0,0.E0,-1.E0));
#4418=DIRECTION('',(1.E0,0.E0,0.E0));
#4419=AXIS2_PLACEMENT_3D('',#4416,#4417,#4418);
#4420=PLANE('',#4419);
#4422=ORIENTED_EDGE('',*,*,#4421,.F.);
#4423=ORIENTED_EDGE('',*,*,#4136,.T.);
#4425=ORIENTED_EDGE('',*,*,#4424,.T.);
#4426=ORIENTED_EDGE('',*,*,#4342,.T.);
#4427=EDGE_LOOP('',(#4422,#4423,#4425,#4426));
#4428=FACE_OUTER_BOUND('',#4427,.F.);
#4430=CARTESIAN_POINT('',(0.E0,0.E0,-1.458E1));
#4431=DIRECTION('',(0.E0,0.E0,-1.E0));
#4432=DIRECTION('',(1.E0,0.E0,0.E0));
#4433=AXIS2_PLACEMENT_3D('',#4430,#4431,#4432);
#4434=PLANE('',#4433);
#4436=ORIENTED_EDGE('',*,*,#4435,.F.);
#4437=ORIENTED_EDGE('',*,*,#4335,.T.);
#4438=ORIENTED_EDGE('',*,*,#4411,.T.);
#4439=ORIENTED_EDGE('',*,*,#4161,.T.);
#4440=EDGE_LOOP('',(#4436,#4437,#4438,#4439));
#4441=FACE_OUTER_BOUND('',#4440,.F.);
#4443=CARTESIAN_POINT('',(-6.8E0,-2.29E0,-9.E0));
#4444=DIRECTION('',(0.E0,0.E0,-1.E0));
#4445=DIRECTION('',(1.E0,0.E0,0.E0));
#4446=AXIS2_PLACEMENT_3D('',#4443,#4444,#4445);
#4447=CYLINDRICAL_SURFACE('',#4446,1.3E0);
#4448=ORIENTED_EDGE('',*,*,#4421,.T.);
#4449=ORIENTED_EDGE('',*,*,#4340,.F.);
#4450=ORIENTED_EDGE('',*,*,#4097,.F.);
#4451=ORIENTED_EDGE('',*,*,#4138,.T.);
#4452=EDGE_LOOP('',(#4448,#4449,#4450,#4451));
#4453=FACE_OUTER_BOUND('',#4452,.F.);
#4455=CARTESIAN_POINT('',(-6.8E0,-2.29E0,-1.458E1));
#4456=DIRECTION('',(0.E0,0.E0,-1.E0));
#4457=DIRECTION('',(1.E0,0.E0,0.E0));
#4458=AXIS2_PLACEMENT_3D('',#4455,#4456,#4457);
#4459=CYLINDRICAL_SURFACE('',#4458,1.65E0);
#4460=ORIENTED_EDGE('',*,*,#4134,.T.);
#4462=ORIENTED_EDGE('',*,*,#4461,.F.);
#4463=ORIENTED_EDGE('',*,*,#4344,.F.);
#4464=ORIENTED_EDGE('',*,*,#4424,.F.);
#4465=EDGE_LOOP('',(#4460,#4462,#4463,#4464));
#4466=FACE_OUTER_BOUND('',#4465,.F.);
#4468=CARTESIAN_POINT('',(-6.799999590604E0,-2.289999894584E0,
-1.549999983890E1));
#4469=DIRECTION('',(0.E0,0.E0,1.E0));
#4470=DIRECTION('',(0.E0,-1.E0,0.E0));
#4471=AXIS2_PLACEMENT_3D('',#4468,#4469,#4470);
#4472=CONICAL_SURFACE('',#4471,1.149999391434E0,4.500004241259E1);
#4473=ORIENTED_EDGE('',*,*,#4203,.F.);
#4474=ORIENTED_EDGE('',*,*,#4235,.T.);
#4475=ORIENTED_EDGE('',*,*,#4461,.T.);
#4477=ORIENTED_EDGE('',*,*,#4476,.F.);
#4479=ORIENTED_EDGE('',*,*,#4478,.F.);
#4480=ORIENTED_EDGE('',*,*,#4293,.T.);
#4481=EDGE_LOOP('',(#4473,#4474,#4475,#4477,#4479,#4480));
#4482=FACE_OUTER_BOUND('',#4481,.F.);
#4484=CARTESIAN_POINT('',(-6.2E0,-2.29E0,-1.55E1));
#4485=DIRECTION('',(7.808688094430E-1,0.E0,-6.246950475544E-1));
#4486=DIRECTION('',(6.246950475544E-1,0.E0,7.808688094430E-1));
#4487=AXIS2_PLACEMENT_3D('',#4484,#4485,#4486);
#4488=PLANE('',#4487);
#4490=ORIENTED_EDGE('',*,*,#4489,.T.);
#4491=ORIENTED_EDGE('',*,*,#4315,.T.);
#4492=ORIENTED_EDGE('',*,*,#4165,.F.);
#4493=ORIENTED_EDGE('',*,*,#4265,.F.);
#4494=EDGE_LOOP('',(#4490,#4491,#4492,#4493));
#4495=FACE_OUTER_BOUND('',#4494,.F.);
#4497=CARTESIAN_POINT('',(-6.2E0,-2.29E0,-1.55E1));
#4498=DIRECTION('',(7.808688094430E-1,0.E0,-6.246950475544E-1));
#4499=DIRECTION('',(6.246950475544E-1,0.E0,7.808688094430E-1));
#4500=AXIS2_PLACEMENT_3D('',#4497,#4498,#4499);
#4501=PLANE('',#4500);
#4503=ORIENTED_EDGE('',*,*,#4502,.T.);
#4504=ORIENTED_EDGE('',*,*,#4476,.T.);
#4505=ORIENTED_EDGE('',*,*,#4132,.F.);
#4506=ORIENTED_EDGE('',*,*,#4181,.F.);
#4507=EDGE_LOOP('',(#4503,#4504,#4505,#4506));
#4508=FACE_OUTER_BOUND('',#4507,.F.);
#4510=CARTESIAN_POINT('',(-6.782637442045E0,1.900924E1,-1.562E1));
#4511=DIRECTION('',(0.E0,-1.E0,0.E0));
#4512=DIRECTION('',(0.E0,0.E0,-1.E0));
#4513=AXIS2_PLACEMENT_3D('',#4510,#4511,#4512);
#4514=CYLINDRICAL_SURFACE('',#4513,3.8E-1);
#4515=ORIENTED_EDGE('',*,*,#4317,.T.);
#4516=ORIENTED_EDGE('',*,*,#4489,.F.);
#4517=ORIENTED_EDGE('',*,*,#4263,.T.);
#4518=ORIENTED_EDGE('',*,*,#4281,.T.);
#4519=EDGE_LOOP('',(#4515,#4516,#4517,#4518));
#4520=FACE_OUTER_BOUND('',#4519,.F.);
#4522=CARTESIAN_POINT('',(-6.782637442045E0,1.900924E1,-1.562E1));
#4523=DIRECTION('',(0.E0,-1.E0,0.E0));
#4524=DIRECTION('',(0.E0,0.E0,-1.E0));
#4525=AXIS2_PLACEMENT_3D('',#4522,#4523,#4524);
#4526=CYLINDRICAL_SURFACE('',#4525,3.8E-1);
#4527=ORIENTED_EDGE('',*,*,#4478,.T.);
#4528=ORIENTED_EDGE('',*,*,#4502,.F.);
#4529=ORIENTED_EDGE('',*,*,#4179,.T.);
#4530=ORIENTED_EDGE('',*,*,#4295,.T.);
#4531=EDGE_LOOP('',(#4527,#4528,#4529,#4530));
#4532=FACE_OUTER_BOUND('',#4531,.F.);
#4534=CARTESIAN_POINT('',(-6.8E0,-2.29E0,-9.E0));
#4535=DIRECTION('',(0.E0,0.E0,-1.E0));
#4536=DIRECTION('',(1.E0,0.E0,0.E0));
#4537=AXIS2_PLACEMENT_3D('',#4534,#4535,#4536);
#4538=CYLINDRICAL_SURFACE('',#4537,1.3E0);
#4539=ORIENTED_EDGE('',*,*,#4435,.T.);
#4540=ORIENTED_EDGE('',*,*,#4159,.F.);
#4541=ORIENTED_EDGE('',*,*,#4101,.F.);
#4542=ORIENTED_EDGE('',*,*,#4337,.T.);
#4543=EDGE_LOOP('',(#4539,#4540,#4541,#4542));
#4544=FACE_OUTER_BOUND('',#4543,.F.);
#4546=CARTESIAN_POINT('',(1.7E0,0.E0,0.E0));
#4547=DIRECTION('',(1.E0,0.E0,0.E0));
#4548=DIRECTION('',(0.E0,1.E0,0.E0));
#4549=AXIS2_PLACEMENT_3D('',#4546,#4547,#4548);
#4550=PLANE('',#4549);
#4551=ORIENTED_EDGE('',*,*,#2638,.T.);
#4553=ORIENTED_EDGE('',*,*,#4552,.F.);
#4555=ORIENTED_EDGE('',*,*,#4554,.F.);
#4556=ORIENTED_EDGE('',*,*,#2685,.F.);
#4557=EDGE_LOOP('',(#4551,#4553,#4555,#4556));
#4558=FACE_OUTER_BOUND('',#4557,.F.);
#4560=CARTESIAN_POINT('',(-1.7E0,-6.1E0,-3.2E0));
#4561=DIRECTION('',(0.E0,0.E0,-1.E0));
#4562=DIRECTION('',(0.E0,1.E0,0.E0));
#4563=AXIS2_PLACEMENT_3D('',#4560,#4561,#4562);
#4564=PLANE('',#4563);
#4565=ORIENTED_EDGE('',*,*,#2636,.F.);
#4566=ORIENTED_EDGE('',*,*,#2673,.F.);
#4568=ORIENTED_EDGE('',*,*,#4567,.T.);
#4569=ORIENTED_EDGE('',*,*,#4552,.T.);
#4570=EDGE_LOOP('',(#4565,#4566,#4568,#4569));
#4571=FACE_OUTER_BOUND('',#4570,.F.);
#4573=CARTESIAN_POINT('',(-1.7E0,-6.1E0,-2.45E0));
#4574=DIRECTION('',(0.E0,-1.E0,0.E0));
#4575=DIRECTION('',(0.E0,0.E0,-1.E0));
#4576=AXIS2_PLACEMENT_3D('',#4573,#4574,#4575);
#4577=PLANE('',#4576);
#4578=ORIENTED_EDGE('',*,*,#2671,.F.);
#4579=ORIENTED_EDGE('',*,*,#2687,.T.);
#4580=ORIENTED_EDGE('',*,*,#4554,.T.);
#4581=ORIENTED_EDGE('',*,*,#4567,.F.);
#4582=EDGE_LOOP('',(#4578,#4579,#4580,#4581));
#4583=FACE_OUTER_BOUND('',#4582,.F.);
#4585=CARTESIAN_POINT('',(3.1E0,-3.975E0,-1.28E1));
#4586=DIRECTION('',(1.E0,0.E0,0.E0));
#4587=DIRECTION('',(0.E0,-1.E0,0.E0));
#4588=AXIS2_PLACEMENT_3D('',#4585,#4586,#4587);
#4589=PLANE('',#4588);
#4590=ORIENTED_EDGE('',*,*,#2442,.F.);
#4591=ORIENTED_EDGE('',*,*,#2528,.T.);
#4592=ORIENTED_EDGE('',*,*,#2645,.F.);
#4593=ORIENTED_EDGE('',*,*,#2405,.T.);
#4594=EDGE_LOOP('',(#4590,#4591,#4592,#4593));
#4595=FACE_OUTER_BOUND('',#4594,.F.);
#4597=CARTESIAN_POINT('',(-1.1E0,-3.975E0,-1.28E1));
#4598=DIRECTION('',(1.E0,0.E0,0.E0));
#4599=DIRECTION('',(0.E0,-1.E0,0.E0));
#4600=AXIS2_PLACEMENT_3D('',#4597,#4598,#4599);
#4601=PLANE('',#4600);
#4602=ORIENTED_EDGE('',*,*,#2457,.F.);
#4603=ORIENTED_EDGE('',*,*,#2539,.T.);
#4604=ORIENTED_EDGE('',*,*,#2650,.F.);
#4605=ORIENTED_EDGE('',*,*,#2355,.T.);
#4606=EDGE_LOOP('',(#4602,#4603,#4604,#4605));
#4607=FACE_OUTER_BOUND('',#4606,.F.);
#4609=CARTESIAN_POINT('',(-3.1E0,-4.8E0,-1.28E1));
#4610=DIRECTION('',(-1.E0,0.E0,0.E0));
#4611=DIRECTION('',(0.E0,1.E0,0.E0));
#4612=AXIS2_PLACEMENT_3D('',#4609,#4610,#4611);
#4613=PLANE('',#4612);
#4614=ORIENTED_EDGE('',*,*,#2467,.T.);
#4615=ORIENTED_EDGE('',*,*,#2393,.F.);
#4616=ORIENTED_EDGE('',*,*,#2653,.T.);
#4617=ORIENTED_EDGE('',*,*,#2535,.T.);
#4618=EDGE_LOOP('',(#4614,#4615,#4616,#4617));
#4619=FACE_OUTER_BOUND('',#4618,.F.);
#4621=CARTESIAN_POINT('',(-2.67E0,-3.025E0,-1.18E1));
#4622=DIRECTION('',(-1.E0,0.E0,0.E0));
#4623=DIRECTION('',(0.E0,1.E0,0.E0));
#4624=AXIS2_PLACEMENT_3D('',#4621,#4622,#4623);
#4625=PLANE('',#4624);
#4627=ORIENTED_EDGE('',*,*,#4626,.T.);
#4629=ORIENTED_EDGE('',*,*,#4628,.T.);
#4631=ORIENTED_EDGE('',*,*,#4630,.F.);
#4632=ORIENTED_EDGE('',*,*,#2543,.F.);
#4633=EDGE_LOOP('',(#4627,#4629,#4631,#4632));
#4634=FACE_OUTER_BOUND('',#4633,.F.);
#4636=CARTESIAN_POINT('',(-1.53E0,-3.025E0,-1.18E1));
#4637=DIRECTION('',(0.E0,-1.E0,0.E0));
#4638=DIRECTION('',(-1.E0,0.E0,0.E0));
#4639=AXIS2_PLACEMENT_3D('',#4636,#4637,#4638);
#4640=PLANE('',#4639);
#4641=ORIENTED_EDGE('',*,*,#4626,.F.);
#4642=ORIENTED_EDGE('',*,*,#2549,.F.);
#4644=ORIENTED_EDGE('',*,*,#4643,.T.);
#4646=ORIENTED_EDGE('',*,*,#4645,.T.);
#4647=EDGE_LOOP('',(#4641,#4642,#4644,#4646));
#4648=FACE_OUTER_BOUND('',#4647,.F.);
#4650=CARTESIAN_POINT('',(-1.53E0,-2.475E0,-1.18E1));
#4651=DIRECTION('',(1.E0,0.E0,0.E0));
#4652=DIRECTION('',(0.E0,-1.E0,0.E0));
#4653=AXIS2_PLACEMENT_3D('',#4650,#4651,#4652);
#4654=PLANE('',#4653);
#4656=ORIENTED_EDGE('',*,*,#4655,.T.);
#4658=ORIENTED_EDGE('',*,*,#4657,.T.);
#4659=ORIENTED_EDGE('',*,*,#4643,.F.);
#4660=ORIENTED_EDGE('',*,*,#2547,.F.);
#4661=EDGE_LOOP('',(#4656,#4658,#4659,#4660));
#4662=FACE_OUTER_BOUND('',#4661,.F.);
#4664=CARTESIAN_POINT('',(-2.67E0,-2.475E0,-1.18E1));
#4665=DIRECTION('',(0.E0,1.E0,0.E0));
#4666=DIRECTION('',(1.E0,0.E0,0.E0));
#4667=AXIS2_PLACEMENT_3D('',#4664,#4665,#4666);
#4668=PLANE('',#4667);
#4669=ORIENTED_EDGE('',*,*,#4630,.T.);
#4671=ORIENTED_EDGE('',*,*,#4670,.T.);
#4672=ORIENTED_EDGE('',*,*,#4655,.F.);
#4673=ORIENTED_EDGE('',*,*,#2545,.F.);
#4674=EDGE_LOOP('',(#4669,#4671,#4672,#4673));
#4675=FACE_OUTER_BOUND('',#4674,.F.);
#4677=CARTESIAN_POINT('',(0.E0,0.E0,-1.6E1));
#4678=DIRECTION('',(0.E0,0.E0,-1.E0));
#4679=DIRECTION('',(1.E0,0.E0,0.E0));
#4680=AXIS2_PLACEMENT_3D('',#4677,#4678,#4679);
#4681=PLANE('',#4680);
#4682=ORIENTED_EDGE('',*,*,#4628,.F.);
#4683=ORIENTED_EDGE('',*,*,#4645,.F.);
#4684=ORIENTED_EDGE('',*,*,#4657,.F.);
#4685=ORIENTED_EDGE('',*,*,#4670,.F.);
#4686=EDGE_LOOP('',(#4682,#4683,#4684,#4685));
#4687=FACE_OUTER_BOUND('',#4686,.F.);
#4689=CARTESIAN_POINT('',(0.E0,0.E0,-1.6E1));
#4690=DIRECTION('',(0.E0,0.E0,-1.E0));
#4691=DIRECTION('',(1.E0,0.E0,0.E0));
#4692=AXIS2_PLACEMENT_3D('',#4689,#4690,#4691);
#4693=PLANE('',#4692);
#4695=ORIENTED_EDGE('',*,*,#4694,.F.);
#4697=ORIENTED_EDGE('',*,*,#4696,.F.);
#4699=ORIENTED_EDGE('',*,*,#4698,.F.);
#4701=ORIENTED_EDGE('',*,*,#4700,.F.);
#4702=EDGE_LOOP('',(#4695,#4697,#4699,#4701));
#4703=FACE_OUTER_BOUND('',#4702,.F.);
#4705=CARTESIAN_POINT('',(-2.67E0,3.025E0,-1.18E1));
#4706=DIRECTION('',(0.E0,1.E0,0.E0));
#4707=DIRECTION('',(1.E0,0.E0,0.E0));
#4708=AXIS2_PLACEMENT_3D('',#4705,#4706,#4707);
#4709=PLANE('',#4708);
#4711=ORIENTED_EDGE('',*,*,#4710,.T.);
#4712=ORIENTED_EDGE('',*,*,#4694,.T.);
#4714=ORIENTED_EDGE('',*,*,#4713,.F.);
#4715=ORIENTED_EDGE('',*,*,#2595,.F.);
#4716=EDGE_LOOP('',(#4711,#4712,#4714,#4715));
#4717=FACE_OUTER_BOUND('',#4716,.F.);
#4719=CARTESIAN_POINT('',(-2.67E0,2.475E0,-1.18E1));
#4720=DIRECTION('',(-1.E0,0.E0,0.E0));
#4721=DIRECTION('',(0.E0,1.E0,0.E0));
#4722=AXIS2_PLACEMENT_3D('',#4719,#4720,#4721);
#4723=PLANE('',#4722);
#4724=ORIENTED_EDGE('',*,*,#4710,.F.);
#4725=ORIENTED_EDGE('',*,*,#2601,.F.);
#4727=ORIENTED_EDGE('',*,*,#4726,.T.);
#4728=ORIENTED_EDGE('',*,*,#4696,.T.);
#4729=EDGE_LOOP('',(#4724,#4725,#4727,#4728));
#4730=FACE_OUTER_BOUND('',#4729,.F.);
#4732=CARTESIAN_POINT('',(-1.53E0,2.475E0,-1.18E1));
#4733=DIRECTION('',(0.E0,-1.E0,0.E0));
#4734=DIRECTION('',(-1.E0,0.E0,0.E0));
#4735=AXIS2_PLACEMENT_3D('',#4732,#4733,#4734);
#4736=PLANE('',#4735);
#4738=ORIENTED_EDGE('',*,*,#4737,.T.);
#4739=ORIENTED_EDGE('',*,*,#4698,.T.);
#4740=ORIENTED_EDGE('',*,*,#4726,.F.);
#4741=ORIENTED_EDGE('',*,*,#2599,.F.);
#4742=EDGE_LOOP('',(#4738,#4739,#4740,#4741));
#4743=FACE_OUTER_BOUND('',#4742,.F.);
#4745=CARTESIAN_POINT('',(-1.53E0,3.025E0,-1.18E1));
#4746=DIRECTION('',(1.E0,0.E0,0.E0));
#4747=DIRECTION('',(0.E0,-1.E0,0.E0));
#4748=AXIS2_PLACEMENT_3D('',#4745,#4746,#4747);
#4749=PLANE('',#4748);
#4750=ORIENTED_EDGE('',*,*,#4713,.T.);
#4751=ORIENTED_EDGE('',*,*,#4700,.T.);
#4752=ORIENTED_EDGE('',*,*,#4737,.F.);
#4753=ORIENTED_EDGE('',*,*,#2597,.F.);
#4754=EDGE_LOOP('',(#4750,#4751,#4752,#4753));
#4755=FACE_OUTER_BOUND('',#4754,.F.);
#4757=CARTESIAN_POINT('',(1.53E0,-3.025E0,-1.18E1));
#4758=DIRECTION('',(-1.E0,0.E0,0.E0));
#4759=DIRECTION('',(0.E0,1.E0,0.E0));
#4760=AXIS2_PLACEMENT_3D('',#4757,#4758,#4759);
#4761=PLANE('',#4760);
#4762=ORIENTED_EDGE('',*,*,#2553,.F.);
#4764=ORIENTED_EDGE('',*,*,#4763,.T.);
#4766=ORIENTED_EDGE('',*,*,#4765,.T.);
#4768=ORIENTED_EDGE('',*,*,#4767,.F.);
#4769=EDGE_LOOP('',(#4762,#4764,#4766,#4768));
#4770=FACE_OUTER_BOUND('',#4769,.F.);
#4772=CARTESIAN_POINT('',(2.67E0,-3.025E0,-1.18E1));
#4773=DIRECTION('',(0.E0,-1.E0,0.E0));
#4774=DIRECTION('',(-1.E0,0.E0,0.E0));
#4775=AXIS2_PLACEMENT_3D('',#4772,#4773,#4774);
#4776=PLANE('',#4775);
#4777=ORIENTED_EDGE('',*,*,#2559,.F.);
#4779=ORIENTED_EDGE('',*,*,#4778,.T.);
#4781=ORIENTED_EDGE('',*,*,#4780,.T.);
#4782=ORIENTED_EDGE('',*,*,#4763,.F.);
#4783=EDGE_LOOP('',(#4777,#4779,#4781,#4782));
#4784=FACE_OUTER_BOUND('',#4783,.F.);
#4786=CARTESIAN_POINT('',(2.67E0,-2.475E0,-1.18E1));
#4787=DIRECTION('',(1.E0,0.E0,0.E0));
#4788=DIRECTION('',(0.E0,-1.E0,0.E0));
#4789=AXIS2_PLACEMENT_3D('',#4786,#4787,#4788);
#4790=PLANE('',#4789);
#4791=ORIENTED_EDGE('',*,*,#2557,.F.);
#4793=ORIENTED_EDGE('',*,*,#4792,.T.);
#4795=ORIENTED_EDGE('',*,*,#4794,.T.);
#4796=ORIENTED_EDGE('',*,*,#4778,.F.);
#4797=EDGE_LOOP('',(#4791,#4793,#4795,#4796));
#4798=FACE_OUTER_BOUND('',#4797,.F.);
#4800=CARTESIAN_POINT('',(1.53E0,-2.475E0,-1.18E1));
#4801=DIRECTION('',(0.E0,1.E0,0.E0));
#4802=DIRECTION('',(1.E0,0.E0,0.E0));
#4803=AXIS2_PLACEMENT_3D('',#4800,#4801,#4802);
#4804=PLANE('',#4803);
#4805=ORIENTED_EDGE('',*,*,#2555,.F.);
#4806=ORIENTED_EDGE('',*,*,#4767,.T.);
#4808=ORIENTED_EDGE('',*,*,#4807,.T.);
#4809=ORIENTED_EDGE('',*,*,#4792,.F.);
#4810=EDGE_LOOP('',(#4805,#4806,#4808,#4809));
#4811=FACE_OUTER_BOUND('',#4810,.F.);
#4813=CARTESIAN_POINT('',(0.E0,0.E0,-1.6E1));
#4814=DIRECTION('',(0.E0,0.E0,-1.E0));
#4815=DIRECTION('',(1.E0,0.E0,0.E0));
#4816=AXIS2_PLACEMENT_3D('',#4813,#4814,#4815);
#4817=PLANE('',#4816);
#4818=ORIENTED_EDGE('',*,*,#4765,.F.);
#4819=ORIENTED_EDGE('',*,*,#4780,.F.);
#4820=ORIENTED_EDGE('',*,*,#4794,.F.);
#4821=ORIENTED_EDGE('',*,*,#4807,.F.);
#4822=EDGE_LOOP('',(#4818,#4819,#4820,#4821));
#4823=FACE_OUTER_BOUND('',#4822,.F.);
#4825=CARTESIAN_POINT('',(0.E0,0.E0,-1.6E1));
#4826=DIRECTION('',(0.E0,0.E0,-1.E0));
#4827=DIRECTION('',(1.E0,0.E0,0.E0));
#4828=AXIS2_PLACEMENT_3D('',#4825,#4826,#4827);
#4829=PLANE('',#4828);
#4831=ORIENTED_EDGE('',*,*,#4830,.F.);
#4833=ORIENTED_EDGE('',*,*,#4832,.F.);
#4835=ORIENTED_EDGE('',*,*,#4834,.F.);
#4837=ORIENTED_EDGE('',*,*,#4836,.F.);
#4838=EDGE_LOOP('',(#4831,#4833,#4835,#4837));
#4839=FACE_OUTER_BOUND('',#4838,.F.);
#4841=CARTESIAN_POINT('',(1.53E0,3.025E0,-1.18E1));
#4842=DIRECTION('',(0.E0,1.E0,0.E0));
#4843=DIRECTION('',(1.E0,0.E0,0.E0));
#4844=AXIS2_PLACEMENT_3D('',#4841,#4842,#4843);
#4845=PLANE('',#4844);
#4846=ORIENTED_EDGE('',*,*,#2605,.F.);
#4848=ORIENTED_EDGE('',*,*,#4847,.T.);
#4849=ORIENTED_EDGE('',*,*,#4830,.T.);
#4851=ORIENTED_EDGE('',*,*,#4850,.F.);
#4852=EDGE_LOOP('',(#4846,#4848,#4849,#4851));
#4853=FACE_OUTER_BOUND('',#4852,.F.);
#4855=CARTESIAN_POINT('',(1.53E0,2.475E0,-1.18E1));
#4856=DIRECTION('',(-1.E0,0.E0,0.E0));
#4857=DIRECTION('',(0.E0,1.E0,0.E0));
#4858=AXIS2_PLACEMENT_3D('',#4855,#4856,#4857);
#4859=PLANE('',#4858);
#4860=ORIENTED_EDGE('',*,*,#2611,.F.);
#4862=ORIENTED_EDGE('',*,*,#4861,.T.);
#4863=ORIENTED_EDGE('',*,*,#4832,.T.);
#4864=ORIENTED_EDGE('',*,*,#4847,.F.);
#4865=EDGE_LOOP('',(#4860,#4862,#4863,#4864));
#4866=FACE_OUTER_BOUND('',#4865,.F.);
#4868=CARTESIAN_POINT('',(2.67E0,2.475E0,-1.18E1));
#4869=DIRECTION('',(0.E0,-1.E0,0.E0));
#4870=DIRECTION('',(-1.E0,0.E0,0.E0));
#4871=AXIS2_PLACEMENT_3D('',#4868,#4869,#4870);
#4872=PLANE('',#4871);
#4873=ORIENTED_EDGE('',*,*,#2609,.F.);
#4875=ORIENTED_EDGE('',*,*,#4874,.T.);
#4876=ORIENTED_EDGE('',*,*,#4834,.T.);
#4877=ORIENTED_EDGE('',*,*,#4861,.F.);
#4878=EDGE_LOOP('',(#4873,#4875,#4876,#4877));
#4879=FACE_OUTER_BOUND('',#4878,.F.);
#4881=CARTESIAN_POINT('',(2.67E0,3.025E0,-1.18E1));
#4882=DIRECTION('',(1.E0,0.E0,0.E0));
#4883=DIRECTION('',(0.E0,-1.E0,0.E0));
#4884=AXIS2_PLACEMENT_3D('',#4881,#4882,#4883);
#4885=PLANE('',#4884);
#4886=ORIENTED_EDGE('',*,*,#2607,.F.);
#4887=ORIENTED_EDGE('',*,*,#4850,.T.);
#4888=ORIENTED_EDGE('',*,*,#4836,.T.);
#4889=ORIENTED_EDGE('',*,*,#4874,.F.);
#4890=EDGE_LOOP('',(#4886,#4887,#4888,#4889));
#4891=FACE_OUTER_BOUND('',#4890,.F.);
#4893=CLOSED_SHELL('',(#2363,#2379,#2431,#2446,#2461,#2476,#2490,#2504,#2517,
#2563,#2615,#2628,#2662,#2677,#2692,#2761,#2776,#2790,#2804,#2817,#2839,#2869,
#2884,#2898,#2912,#2925,#2937,#2953,#2967,#2980,#2993,#3005,#3019,#3032,#3045,
#3058,#3071,#3083,#3098,#3112,#3126,#3139,#3161,#3191,#3206,#3220,#3234,#3247,
#3259,#3275,#3289,#3302,#3315,#3327,#3341,#3354,#3367,#3380,#3393,#3405,#3419,
#3442,#3454,#3479,#3492,#3506,#3520,#3533,#3546,#3559,#3571,#3583,#3595,#3607,
#3629,#3644,#3668,#3691,#3716,#3730,#3745,#3764,#3778,#3808,#3821,#3836,#3849,
#3864,#3877,#3892,#3904,#3918,#3937,#3951,#3963,#3978,#3991,#4009,#4022,#4035,
#4048,#4060,#4073,#4087,#4110,#4124,#4146,#4169,#4194,#4209,#4225,#4239,#4254,
#4272,#4286,#4300,#4322,#4349,#4362,#4375,#4390,#4402,#4415,#4429,#4442,#4454,
#4467,#4483,#4496,#4509,#4521,#4533,#4545,#4559,#4572,#4584,#4596,#4608,#4620,
#4635,#4649,#4663,#4676,#4688,#4704,#4718,#4731,#4744,#4756,#4771,#4785,#4799,
#4812,#4824,#4840,#4854,#4867,#4880,#4892));
#4894=MANIFOLD_SOLID_BREP('',#4893);
#4897=PLANE_ANGLE_MEASURE_WITH_UNIT(PLANE_ANGLE_MEASURE(1.745329251994E-2),
#4896);
#4898=(CONVERSION_BASED_UNIT('DEGREE',#4897)NAMED_UNIT(*)PLANE_ANGLE_UNIT());
#4900=UNCERTAINTY_MEASURE_WITH_UNIT(LENGTH_MEASURE(2.486203066115E-3),#4895,
'distance_accuracy_value',
'Maximum model space distance between geometric entities at asserted connectivities');
#4903=APPLICATION_CONTEXT('automotive_design');
#4904=APPLICATION_PROTOCOL_DEFINITION('international standard',
'automotive_design',2001,#4903);
#4905=PRODUCT_DEFINITION_CONTEXT('part definition',#4903,'design');
#4906=PRODUCT_CONTEXT('',#4903,'mechanical');
#4907=PRODUCT('C-2-1775099-0','C-2-1775099-0','NOT SPECIFIED',(#4906));
#4908=PRODUCT_DEFINITION_FORMATION('12','LAST_VERSION',#4907);
#4916=DERIVED_UNIT_ELEMENT(#4915,2.E0);
#4917=DERIVED_UNIT((#4916));
#4918=MEASURE_REPRESENTATION_ITEM('surface area measure',AREA_MEASURE(
1.552993163699E3),#4917);
#4923=DERIVED_UNIT_ELEMENT(#4922,3.E0);
#4924=DERIVED_UNIT((#4923));
#4925=MEASURE_REPRESENTATION_ITEM('volume measure',VOLUME_MEASURE(
7.046263119901E2),#4924);
#4929=CARTESIAN_POINT('centre point',(-1.476239649382E-2,-2.032291745830E-1,
-7.656501635756E0));
#4934=DERIVED_UNIT_ELEMENT(#4933,2.E0);
#4935=DERIVED_UNIT((#4934));
#4936=MEASURE_REPRESENTATION_ITEM('surface area measure',AREA_MEASURE(
1.552993163699E3),#4935);
#4941=DERIVED_UNIT_ELEMENT(#4940,3.E0);
#4942=DERIVED_UNIT((#4941));
#4943=MEASURE_REPRESENTATION_ITEM('volume measure',VOLUME_MEASURE(
7.046263119901E2),#4942);
#4947=CARTESIAN_POINT('centre point',(-1.476239649382E-2,-2.032291745830E-1,
-7.656501635756E0));
#4952=PRODUCT_RELATED_PRODUCT_CATEGORY('part','',(#4907));
#1=COLOUR_RGB('',8.784E-1,9.49E-1,1.E0);
#42=CIRCLE('',#41,3.5E-1);
#411=CIRCLE('',#410,3.5E-1);
#958=B_SPLINE_CURVE_WITH_KNOTS('',3,(#944,#945,#946,#947,#948,#949,#950,#951,
#952,#953,#954,#955,#956,#957),.UNSPECIFIED.,.F.,.F.,(4,1,1,1,1,1,1,1,1,1,1,4),(
0.E0,9.090909090909E-2,1.818181818182E-1,2.727272727273E-1,3.636363636364E-1,
4.545454545455E-1,5.454545454545E-1,6.363636363636E-1,7.272727272727E-1,
8.181818181818E-1,9.090909090909E-1,1.E0),.UNSPECIFIED.);
#975=CIRCLE('',#974,1.650000100845E0);
#990=B_SPLINE_CURVE_WITH_KNOTS('',3,(#976,#977,#978,#979,#980,#981,#982,#983,
#984,#985,#986,#987,#988,#989),.UNSPECIFIED.,.F.,.F.,(4,1,1,1,1,1,1,1,1,1,1,4),(
0.E0,9.090909090909E-2,1.818181818182E-1,2.727272727273E-1,3.636363636364E-1,
4.545454545455E-1,5.454545454545E-1,6.363636363636E-1,7.272727272727E-1,
8.181818181818E-1,9.090909090909E-1,1.E0),.UNSPECIFIED.);
#999=B_SPLINE_CURVE_WITH_KNOTS('',3,(#991,#992,#993,#994,#995,#996,#997,#998),
.UNSPECIFIED.,.F.,.F.,(4,1,1,1,1,4),(0.E0,2.E-1,4.E-1,6.E-1,8.E-1,1.E0),
.UNSPECIFIED.);
#1004=CIRCLE('',#1003,6.499985059836E-1);
#1013=B_SPLINE_CURVE_WITH_KNOTS('',3,(#1005,#1006,#1007,#1008,#1009,#1010,#1011,
#1012),.UNSPECIFIED.,.F.,.F.,(4,1,1,1,1,4),(0.E0,2.E-1,4.E-1,6.E-1,8.E-1,1.E0),
.UNSPECIFIED.);
#1046=CIRCLE('',#1045,2.5E-1);
#1073=B_SPLINE_CURVE_WITH_KNOTS('',3,(#1059,#1060,#1061,#1062,#1063,#1064,#1065,
#1066,#1067,#1068,#1069,#1070,#1071,#1072),.UNSPECIFIED.,.F.,.F.,(4,1,1,1,1,1,1,
1,1,1,1,4),(0.E0,9.090909090909E-2,1.818181818182E-1,2.727272727273E-1,
3.636363636364E-1,4.545454545455E-1,5.454545454545E-1,6.363636363636E-1,
7.272727272727E-1,8.181818181818E-1,9.090909090909E-1,1.E0),.UNSPECIFIED.);
#1083=B_SPLINE_CURVE_WITH_KNOTS('',3,(#1078,#1079,#1080,#1081,#1082),
.UNSPECIFIED.,.F.,.F.,(4,1,4),(0.E0,5.E-1,1.E0),.UNSPECIFIED.);
#1089=B_SPLINE_CURVE_WITH_KNOTS('',3,(#1084,#1085,#1086,#1087,#1088),
.UNSPECIFIED.,.F.,.F.,(4,1,4),(0.E0,5.E-1,1.E0),.UNSPECIFIED.);
#1119=B_SPLINE_CURVE_WITH_KNOTS('',3,(#1114,#1115,#1116,#1117,#1118),
.UNSPECIFIED.,.F.,.F.,(4,1,4),(0.E0,5.E-1,1.E0),.UNSPECIFIED.);
#1125=B_SPLINE_CURVE_WITH_KNOTS('',3,(#1120,#1121,#1122,#1123,#1124),
.UNSPECIFIED.,.F.,.F.,(4,1,4),(0.E0,5.E-1,1.E0),.UNSPECIFIED.);
#1138=CIRCLE('',#1137,2.5E-1);
#1183=CIRCLE('',#1182,1.3E0);
#1192=CIRCLE('',#1191,1.3E0);
#1205=CIRCLE('',#1204,1.3E0);
#1218=CIRCLE('',#1217,1.65E0);
#1231=CIRCLE('',#1230,1.65E0);
#1240=CIRCLE('',#1239,1.3E0);
#1263=B_SPLINE_CURVE_WITH_KNOTS('',3,(#1249,#1250,#1251,#1252,#1253,#1254,#1255,
#1256,#1257,#1258,#1259,#1260,#1261,#1262),.UNSPECIFIED.,.F.,.F.,(4,1,1,1,1,1,1,
1,1,1,1,4),(0.E0,9.090909090909E-2,1.818181818182E-1,2.727272727273E-1,
3.636363636364E-1,4.545454545455E-1,5.454545454545E-1,6.363636363636E-1,
7.272727272727E-1,8.181818181818E-1,9.090909090909E-1,1.E0),.UNSPECIFIED.);
#1272=B_SPLINE_CURVE_WITH_KNOTS('',3,(#1264,#1265,#1266,#1267,#1268,#1269,#1270,
#1271),.UNSPECIFIED.,.F.,.F.,(4,1,1,1,1,4),(0.E0,2.E-1,4.E-1,6.E-1,8.E-1,1.E0),
.UNSPECIFIED.);
#1277=CIRCLE('',#1276,6.499985059836E-1);
#1286=B_SPLINE_CURVE_WITH_KNOTS('',3,(#1278,#1279,#1280,#1281,#1282,#1283,#1284,
#1285),.UNSPECIFIED.,.F.,.F.,(4,1,1,1,1,4),(0.E0,2.E-1,4.E-1,6.E-1,8.E-1,1.E0),
.UNSPECIFIED.);
#1291=CIRCLE('',#1290,1.650000100845E0);
#1304=CIRCLE('',#1303,1.3E0);
#1313=CIRCLE('',#1312,1.3E0);
#1355=B_SPLINE_CURVE_WITH_KNOTS('',3,(#1350,#1351,#1352,#1353,#1354),
.UNSPECIFIED.,.F.,.F.,(4,1,4),(0.E0,5.E-1,1.E0),.UNSPECIFIED.);
#1361=B_SPLINE_CURVE_WITH_KNOTS('',3,(#1356,#1357,#1358,#1359,#1360),
.UNSPECIFIED.,.F.,.F.,(4,1,4),(0.E0,5.E-1,1.E0),.UNSPECIFIED.);
#1390=B_SPLINE_CURVE_WITH_KNOTS('',3,(#1378,#1379,#1380,#1381,#1382,#1383,#1384,
#1385,#1386,#1387,#1388,#1389),.UNSPECIFIED.,.F.,.F.,(4,1,1,1,1,1,1,1,1,4),
(0.E0,1.111111111111E-1,2.222222222222E-1,3.333333333333E-1,4.444444444444E-1,
5.555555555556E-1,6.666666666667E-1,7.777777777778E-1,8.888888888889E-1,1.E0),
.UNSPECIFIED.);
#1399=B_SPLINE_CURVE_WITH_KNOTS('',3,(#1391,#1392,#1393,#1394,#1395,#1396,#1397,
#1398),.UNSPECIFIED.,.F.,.F.,(4,1,1,1,1,4),(0.E0,2.E-1,4.E-1,6.E-1,8.E-1,1.E0),
.UNSPECIFIED.);
#1404=CIRCLE('',#1403,6.499984900928E-1);
#1413=B_SPLINE_CURVE_WITH_KNOTS('',3,(#1405,#1406,#1407,#1408,#1409,#1410,#1411,
#1412),.UNSPECIFIED.,.F.,.F.,(4,1,1,1,1,4),(0.E0,2.E-1,4.E-1,6.E-1,8.E-1,1.E0),
.UNSPECIFIED.);
#1418=CIRCLE('',#1417,1.650000100172E0);
#1431=B_SPLINE_CURVE_WITH_KNOTS('',3,(#1419,#1420,#1421,#1422,#1423,#1424,#1425,
#1426,#1427,#1428,#1429,#1430),.UNSPECIFIED.,.F.,.F.,(4,1,1,1,1,1,1,1,1,4),
(0.E0,1.111111111111E-1,2.222222222222E-1,3.333333333333E-1,4.444444444444E-1,
5.555555555556E-1,6.666666666667E-1,7.777777777778E-1,8.888888888889E-1,1.E0),
.UNSPECIFIED.);
#1461=B_SPLINE_CURVE_WITH_KNOTS('',3,(#1456,#1457,#1458,#1459,#1460),
.UNSPECIFIED.,.F.,.F.,(4,1,4),(0.E0,5.E-1,1.E0),.UNSPECIFIED.);
#1471=B_SPLINE_CURVE_WITH_KNOTS('',3,(#1466,#1467,#1468,#1469,#1470),
.UNSPECIFIED.,.F.,.F.,(4,1,4),(0.E0,5.E-1,1.E0),.UNSPECIFIED.);
#1480=CIRCLE('',#1479,2.5E-1);
#1517=CIRCLE('',#1516,2.5E-1);
#1554=CIRCLE('',#1553,1.65E0);
#1567=CIRCLE('',#1566,1.65E0);
#1576=CIRCLE('',#1575,1.3E0);
#1593=B_SPLINE_CURVE_WITH_KNOTS('',3,(#1585,#1586,#1587,#1588,#1589,#1590,#1591,
#1592),.UNSPECIFIED.,.F.,.F.,(4,1,1,1,1,4),(0.E0,2.E-1,4.E-1,6.E-1,8.E-1,1.E0),
.UNSPECIFIED.);
#1598=CIRCLE('',#1597,1.650000100172E0);
#1611=B_SPLINE_CURVE_WITH_KNOTS('',3,(#1599,#1600,#1601,#1602,#1603,#1604,#1605,
#1606,#1607,#1608,#1609,#1610),.UNSPECIFIED.,.F.,.F.,(4,1,1,1,1,1,1,1,1,4),
(0.E0,1.111111111111E-1,2.222222222222E-1,3.333333333333E-1,4.444444444444E-1,
5.555555555556E-1,6.666666666667E-1,7.777777777778E-1,8.888888888889E-1,1.E0),
.UNSPECIFIED.);
#1620=B_SPLINE_CURVE_WITH_KNOTS('',3,(#1612,#1613,#1614,#1615,#1616,#1617,#1618,
#1619),.UNSPECIFIED.,.F.,.F.,(4,1,1,1,1,4),(0.E0,2.E-1,4.E-1,6.E-1,8.E-1,1.E0),
.UNSPECIFIED.);
#1625=CIRCLE('',#1624,6.499984900928E-1);
#1646=B_SPLINE_CURVE_WITH_KNOTS('',3,(#1634,#1635,#1636,#1637,#1638,#1639,#1640,
#1641,#1642,#1643,#1644,#1645),.UNSPECIFIED.,.F.,.F.,(4,1,1,1,1,1,1,1,1,4),
(0.E0,1.111111111111E-1,2.222222222222E-1,3.333333333333E-1,4.444444444444E-1,
5.555555555556E-1,6.666666666667E-1,7.777777777778E-1,8.888888888889E-1,1.E0),
.UNSPECIFIED.);
#1659=CIRCLE('',#1658,1.3E0);
#2353=EDGE_CURVE('',#1958,#1959,#5,.T.);
#2355=EDGE_CURVE('',#1935,#1959,#9,.T.);
#2357=EDGE_CURVE('',#1935,#2081,#13,.T.);
#2359=EDGE_CURVE('',#2081,#1958,#17,.T.);
#2363=ADVANCED_FACE('',(#2362),#2352,.F.);
#2369=EDGE_CURVE('',#1941,#1973,#21,.T.);
#2371=EDGE_CURVE('',#1973,#2001,#25,.T.);
#2373=EDGE_CURVE('',#2091,#2001,#29,.T.);
#2375=EDGE_CURVE('',#2091,#1941,#33,.T.);
#2379=ADVANCED_FACE('',(#2378),#2368,.F.);
#2385=EDGE_CURVE('',#1835,#2342,#37,.T.);
#2387=EDGE_CURVE('',#2342,#2346,#42,.T.);
#2389=EDGE_CURVE('',#2346,#1838,#46,.T.);
#2391=EDGE_CURVE('',#1838,#1933,#50,.T.);
#2393=EDGE_CURVE('',#1933,#1969,#54,.T.);
#2395=EDGE_CURVE('',#1969,#1964,#58,.T.);
#2397=EDGE_CURVE('',#1964,#1965,#62,.T.);
#2399=EDGE_CURVE('',#1965,#1961,#66,.T.);
#2401=EDGE_CURVE('',#1961,#1954,#70,.T.);
#2403=EDGE_CURVE('',#1954,#1955,#74,.T.);
#2405=EDGE_CURVE('',#2083,#1955,#78,.T.);
#2407=EDGE_CURVE('',#2083,#1826,#82,.T.);
#2409=EDGE_CURVE('',#1826,#1827,#86,.T.);
#2411=EDGE_CURVE('',#1827,#2089,#90,.T.);
#2413=EDGE_CURVE('',#2089,#2093,#94,.T.);
#2415=EDGE_CURVE('',#2093,#1999,#98,.T.);
#2417=EDGE_CURVE('',#1999,#1997,#102,.T.);
#2419=EDGE_CURVE('',#1997,#1994,#106,.T.);
#2421=EDGE_CURVE('',#1994,#1995,#110,.T.);
#2423=EDGE_CURVE('',#1995,#1975,#114,.T.);
#2425=EDGE_CURVE('',#1943,#1975,#118,.T.);
#2427=EDGE_CURVE('',#1943,#1835,#122,.T.);
#2431=ADVANCED_FACE('',(#2430),#2384,.F.);
#2438=EDGE_CURVE('',#1954,#1947,#126,.T.);
#2440=EDGE_CURVE('',#1947,#1981,#154,.T.);
#2442=EDGE_CURVE('',#1981,#1955,#1687,.T.);
#2446=ADVANCED_FACE('',(#2445),#2436,.F.);
#2453=EDGE_CURVE('',#1983,#1958,#286,.T.);
#2455=EDGE_CURVE('',#1983,#1971,#142,.T.);
#2457=EDGE_CURVE('',#1971,#1959,#1691,.T.);
#2461=ADVANCED_FACE('',(#2460),#2451,.F.);
#2467=EDGE_CURVE('',#1968,#1969,#1695,.T.);
#2469=EDGE_CURVE('',#1968,#1950,#170,.T.);
#2471=EDGE_CURVE('',#1964,#1950,#138,.T.);
#2476=ADVANCED_FACE('',(#2475),#2466,.F.);
#2483=EDGE_CURVE('',#1961,#1946,#130,.T.);
#2485=EDGE_CURVE('',#1946,#1947,#158,.T.);
#2490=ADVANCED_FACE('',(#2489),#2481,.F.);
#2497=EDGE_CURVE('',#1965,#1951,#134,.T.);
#2499=EDGE_CURVE('',#1951,#1946,#162,.T.);
#2504=ADVANCED_FACE('',(#2503),#2495,.F.);
#2512=EDGE_CURVE('',#1950,#1951,#166,.T.);
#2517=ADVANCED_FACE('',(#2516),#2509,.F.);
#2524=EDGE_CURVE('',#2078,#1983,#146,.T.);
#2526=EDGE_CURVE('',#2078,#2079,#306,.T.);
#2528=EDGE_CURVE('',#1981,#2079,#150,.T.);
#2535=EDGE_CURVE('',#1930,#1968,#174,.T.);
#2537=EDGE_CURVE('',#1930,#1931,#318,.T.);
#2539=EDGE_CURVE('',#1971,#1931,#178,.T.);
#2543=EDGE_CURVE('',#1913,#1915,#222,.T.);
#2545=EDGE_CURVE('',#1915,#1917,#226,.T.);
#2547=EDGE_CURVE('',#1917,#1919,#230,.T.);
#2549=EDGE_CURVE('',#1919,#1913,#234,.T.);
#2553=EDGE_CURVE('',#2146,#2147,#254,.T.);
#2555=EDGE_CURVE('',#2147,#2149,#258,.T.);
#2557=EDGE_CURVE('',#2149,#2151,#262,.T.);
#2559=EDGE_CURVE('',#2151,#2146,#266,.T.);
#2563=ADVANCED_FACE('',(#2542,#2552,#2562),#2522,.T.);
#2569=EDGE_CURVE('',#2095,#1991,#182,.T.);
#2571=EDGE_CURVE('',#2087,#2095,#186,.T.);
#2573=EDGE_CURVE('',#2086,#2087,#835,.T.);
#2575=EDGE_CURVE('',#2003,#2086,#190,.T.);
#2577=EDGE_CURVE('',#1977,#2003,#194,.T.);
#2579=EDGE_CURVE('',#1939,#1977,#198,.T.);
#2581=EDGE_CURVE('',#1938,#1939,#851,.T.);
#2583=EDGE_CURVE('',#1979,#1938,#202,.T.);
#2585=EDGE_CURVE('',#1987,#1979,#206,.T.);
#2587=EDGE_CURVE('',#1986,#1987,#210,.T.);
#2589=EDGE_CURVE('',#1989,#1986,#214,.T.);
#2591=EDGE_CURVE('',#1991,#1989,#218,.T.);
#2595=EDGE_CURVE('',#1921,#1923,#238,.T.);
#2597=EDGE_CURVE('',#1923,#1925,#242,.T.);
#2599=EDGE_CURVE('',#1925,#1927,#246,.T.);
#2601=EDGE_CURVE('',#1927,#1921,#250,.T.);
#2605=EDGE_CURVE('',#2154,#2155,#270,.T.);
#2607=EDGE_CURVE('',#2155,#2157,#274,.T.);
#2609=EDGE_CURVE('',#2157,#2159,#278,.T.);
#2611=EDGE_CURVE('',#2159,#2154,#282,.T.);
#2615=ADVANCED_FACE('',(#2594,#2604,#2614),#2568,.T.);
#2623=EDGE_CURVE('',#2081,#2078,#310,.T.);
#2628=ADVANCED_FACE('',(#2627),#2620,.F.);
#2634=EDGE_CURVE('',#2014,#2017,#290,.T.);
#2636=EDGE_CURVE('',#2017,#2019,#294,.T.);
#2638=EDGE_CURVE('',#2015,#2019,#298,.T.);
#2640=EDGE_CURVE('',#2015,#1830,#427,.T.);
#2642=EDGE_CURVE('',#1826,#1830,#895,.T.);
#2645=EDGE_CURVE('',#2083,#2079,#302,.T.);
#2650=EDGE_CURVE('',#1935,#1931,#314,.T.);
#2653=EDGE_CURVE('',#1933,#1930,#322,.T.);
#2656=EDGE_CURVE('',#1838,#1839,#326,.T.);
#2658=EDGE_CURVE('',#1839,#2014,#435,.T.);
#2662=ADVANCED_FACE('',(#2661),#2633,.T.);
#2669=EDGE_CURVE('',#2014,#2006,#330,.T.);
#2671=EDGE_CURVE('',#2006,#2007,#334,.T.);
#2673=EDGE_CURVE('',#2007,#2017,#338,.T.);
#2677=ADVANCED_FACE('',(#2676),#2667,.F.);
#2683=EDGE_CURVE('',#2014,#2015,#431,.T.);
#2685=EDGE_CURVE('',#2015,#2010,#1675,.T.);
#2687=EDGE_CURVE('',#2006,#2010,#1683,.T.);
#2692=ADVANCED_FACE('',(#2691),#2682,.T.);
#2698=EDGE_CURVE('',#2347,#1839,#406,.T.);
#2700=EDGE_CURVE('',#2343,#2347,#411,.T.);
#2702=EDGE_CURVE('',#1833,#2343,#415,.T.);
#2704=EDGE_CURVE('',#1831,#1833,#419,.T.);
#2706=EDGE_CURVE('',#1830,#1831,#423,.T.);
#2713=EDGE_CURVE('',#2037,#2039,#358,.T.);
#2715=EDGE_CURVE('',#2039,#2041,#362,.T.);
#2717=EDGE_CURVE('',#2041,#2043,#366,.T.);
#2719=EDGE_CURVE('',#2043,#2037,#370,.T.);
#2723=EDGE_CURVE('',#2101,#2111,#374,.T.);
#2725=EDGE_CURVE('',#2109,#2111,#603,.T.);
#2727=EDGE_CURVE('',#2109,#1862,#378,.T.);
#2729=EDGE_CURVE('',#1862,#1863,#382,.T.);
#2731=EDGE_CURVE('',#1863,#2103,#386,.T.);
#2733=EDGE_CURVE('',#2101,#2103,#591,.T.);
#2737=EDGE_CURVE('',#2035,#2119,#390,.T.);
#2739=EDGE_CURVE('',#2117,#2119,#775,.T.);
#2741=EDGE_CURVE('',#2117,#2127,#394,.T.);
#2743=EDGE_CURVE('',#2125,#2127,#787,.T.);
#2745=EDGE_CURVE('',#2125,#2033,#398,.T.);
#2747=EDGE_CURVE('',#2033,#2035,#402,.T.);
#2751=EDGE_CURVE('',#1854,#1855,#342,.T.);
#2753=EDGE_CURVE('',#1855,#1857,#346,.T.);
#2755=EDGE_CURVE('',#1857,#1859,#350,.T.);
#2757=EDGE_CURVE('',#1859,#1854,#354,.T.);
#2761=ADVANCED_FACE('',(#2712,#2722,#2736,#2750,#2760),#2697,.T.);
#2768=EDGE_CURVE('',#1854,#1842,#439,.T.);
#2770=EDGE_CURVE('',#1842,#1843,#455,.T.);
#2772=EDGE_CURVE('',#1855,#1843,#451,.T.);
#2776=ADVANCED_FACE('',(#2775),#2766,.F.);
#2783=EDGE_CURVE('',#1859,#1847,#443,.T.);
#2785=EDGE_CURVE('',#1847,#1842,#459,.T.);
#2790=ADVANCED_FACE('',(#2789),#2781,.F.);
#2797=EDGE_CURVE('',#1857,#1845,#447,.T.);
#2799=EDGE_CURVE('',#1845,#1847,#463,.T.);
#2804=ADVANCED_FACE('',(#2803),#2795,.F.);
#2812=EDGE_CURVE('',#1843,#1845,#467,.T.);
#2817=ADVANCED_FACE('',(#2816),#2809,.F.);
#2829=EDGE_CURVE('',#1882,#1883,#471,.T.);
#2831=EDGE_CURVE('',#1883,#1885,#475,.T.);
#2833=EDGE_CURVE('',#1885,#1887,#479,.T.);
#2835=EDGE_CURVE('',#1887,#1882,#483,.T.);
#2839=ADVANCED_FACE('',(#2828,#2838),#2822,.T.);
#2845=EDGE_CURVE('',#2098,#2099,#503,.T.);
#2847=EDGE_CURVE('',#1851,#2098,#507,.T.);
#2849=EDGE_CURVE('',#1850,#1851,#511,.T.);
#2851=EDGE_CURVE('',#2107,#1850,#515,.T.);
#2853=EDGE_CURVE('',#2106,#2107,#519,.T.);
#2855=EDGE_CURVE('',#2099,#2106,#523,.T.);
#2859=EDGE_CURVE('',#1890,#1891,#487,.T.);
#2861=EDGE_CURVE('',#1891,#1893,#491,.T.);
#2863=EDGE_CURVE('',#1893,#1895,#495,.T.);
#2865=EDGE_CURVE('',#1895,#1890,#499,.T.);
#2869=ADVANCED_FACE('',(#2858,#2868),#2844,.T.);
#2876=EDGE_CURVE('',#1882,#1866,#527,.T.);
#2878=EDGE_CURVE('',#1866,#1867,#543,.T.);
#2880=EDGE_CURVE('',#1883,#1867,#539,.T.);
#2884=ADVANCED_FACE('',(#2883),#2874,.T.);
#2891=EDGE_CURVE('',#1887,#1871,#531,.T.);
#2893=EDGE_CURVE('',#1871,#1866,#547,.T.);
#2898=ADVANCED_FACE('',(#2897),#2889,.T.);
#2905=EDGE_CURVE('',#1885,#1869,#535,.T.);
#2907=EDGE_CURVE('',#1869,#1871,#551,.T.);
#2912=ADVANCED_FACE('',(#2911),#2903,.T.);
#2920=EDGE_CURVE('',#1867,#1869,#555,.T.);
#2925=ADVANCED_FACE('',(#2924),#2917,.T.);
#2937=ADVANCED_FACE('',(#2936),#2930,.T.);
#2943=EDGE_CURVE('',#1874,#1875,#559,.T.);
#2945=EDGE_CURVE('',#1879,#1874,#563,.T.);
#2947=EDGE_CURVE('',#1877,#1879,#567,.T.);
#2949=EDGE_CURVE('',#1875,#1877,#571,.T.);
#2953=ADVANCED_FACE('',(#2952),#2942,.T.);
#2960=EDGE_CURVE('',#1890,#1874,#575,.T.);
#2963=EDGE_CURVE('',#1891,#1875,#587,.T.);
#2967=ADVANCED_FACE('',(#2966),#2958,.T.);
#2974=EDGE_CURVE('',#1895,#1879,#579,.T.);
#2980=ADVANCED_FACE('',(#2979),#2972,.T.);
#2987=EDGE_CURVE('',#1893,#1877,#583,.T.);
#2993=ADVANCED_FACE('',(#2992),#2985,.T.);
#3005=ADVANCED_FACE('',(#3004),#2998,.T.);
#3012=EDGE_CURVE('',#2101,#2099,#595,.T.);
#3015=EDGE_CURVE('',#2103,#2098,#615,.T.);
#3019=ADVANCED_FACE('',(#3018),#3010,.T.);
#3027=EDGE_CURVE('',#2111,#2106,#599,.T.);
#3032=ADVANCED_FACE('',(#3031),#3024,.F.);
#3039=EDGE_CURVE('',#2109,#2107,#607,.T.);
#3045=ADVANCED_FACE('',(#3044),#3037,.T.);
#3053=EDGE_CURVE('',#1862,#1850,#611,.T.);
#3058=ADVANCED_FACE('',(#3057),#3050,.F.);
#3067=EDGE_CURVE('',#1863,#1851,#619,.T.);
#3071=ADVANCED_FACE('',(#3070),#3063,.F.);
#3083=ADVANCED_FACE('',(#3082),#3076,.F.);
#3089=EDGE_CURVE('',#2037,#2026,#623,.T.);
#3091=EDGE_CURVE('',#2026,#2027,#655,.T.);
#3093=EDGE_CURVE('',#2039,#2027,#635,.T.);
#3098=ADVANCED_FACE('',(#3097),#3088,.F.);
#3106=EDGE_CURVE('',#2043,#2031,#627,.T.);
#3108=EDGE_CURVE('',#2031,#2026,#659,.T.);
#3112=ADVANCED_FACE('',(#3111),#3103,.F.);
#3118=EDGE_CURVE('',#2041,#2029,#631,.T.);
#3120=EDGE_CURVE('',#2029,#2031,#663,.T.);
#3126=ADVANCED_FACE('',(#3125),#3117,.F.);
#3133=EDGE_CURVE('',#2027,#2029,#667,.T.);
#3139=ADVANCED_FACE('',(#3138),#3131,.F.);
#3151=EDGE_CURVE('',#2069,#2071,#671,.T.);
#3153=EDGE_CURVE('',#2071,#2073,#675,.T.);
#3155=EDGE_CURVE('',#2073,#2075,#679,.T.);
#3157=EDGE_CURVE('',#2075,#2069,#683,.T.);
#3161=ADVANCED_FACE('',(#3150,#3160),#3144,.T.);
#3167=EDGE_CURVE('',#2114,#2115,#687,.T.);
#3169=EDGE_CURVE('',#2023,#2114,#691,.T.);
#3171=EDGE_CURVE('',#2022,#2023,#695,.T.);
#3173=EDGE_CURVE('',#2123,#2022,#699,.T.);
#3175=EDGE_CURVE('',#2122,#2123,#703,.T.);
#3177=EDGE_CURVE('',#2115,#2122,#707,.T.);
#3181=EDGE_CURVE('',#2061,#2063,#639,.T.);
#3183=EDGE_CURVE('',#2063,#2065,#643,.T.);
#3185=EDGE_CURVE('',#2065,#2067,#647,.T.);
#3187=EDGE_CURVE('',#2067,#2061,#651,.T.);
#3191=ADVANCED_FACE('',(#3180,#3190),#3166,.T.);
#3197=EDGE_CURVE('',#2061,#2046,#711,.T.);
#3199=EDGE_CURVE('',#2046,#2047,#727,.T.);
#3201=EDGE_CURVE('',#2063,#2047,#723,.T.);
#3206=ADVANCED_FACE('',(#3205),#3196,.T.);
#3214=EDGE_CURVE('',#2067,#2051,#715,.T.);
#3216=EDGE_CURVE('',#2051,#2046,#731,.T.);
#3220=ADVANCED_FACE('',(#3219),#3211,.T.);
#3226=EDGE_CURVE('',#2065,#2049,#719,.T.);
#3228=EDGE_CURVE('',#2049,#2051,#735,.T.);
#3234=ADVANCED_FACE('',(#3233),#3225,.T.);
#3241=EDGE_CURVE('',#2047,#2049,#739,.T.);
#3247=ADVANCED_FACE('',(#3246),#3239,.T.);
#3259=ADVANCED_FACE('',(#3258),#3252,.T.);
#3265=EDGE_CURVE('',#2054,#2055,#743,.T.);
#3267=EDGE_CURVE('',#2059,#2054,#747,.T.);
#3269=EDGE_CURVE('',#2057,#2059,#751,.T.);
#3271=EDGE_CURVE('',#2055,#2057,#755,.T.);
#3275=ADVANCED_FACE('',(#3274),#3264,.T.);
#3281=EDGE_CURVE('',#2069,#2054,#759,.T.);
#3284=EDGE_CURVE('',#2071,#2055,#771,.T.);
#3289=ADVANCED_FACE('',(#3288),#3280,.T.);
#3297=EDGE_CURVE('',#2075,#2059,#763,.T.);
#3302=ADVANCED_FACE('',(#3301),#3294,.T.);
#3308=EDGE_CURVE('',#2073,#2057,#767,.T.);
#3315=ADVANCED_FACE('',(#3314),#3307,.T.);
#3327=ADVANCED_FACE('',(#3326),#3320,.T.);
#3334=EDGE_CURVE('',#2117,#2115,#779,.T.);
#3337=EDGE_CURVE('',#2119,#2114,#799,.T.);
#3341=ADVANCED_FACE('',(#3340),#3332,.T.);
#3349=EDGE_CURVE('',#2127,#2122,#783,.T.);
#3354=ADVANCED_FACE('',(#3353),#3346,.F.);
#3361=EDGE_CURVE('',#2125,#2123,#791,.T.);
#3367=ADVANCED_FACE('',(#3366),#3359,.T.);
#3375=EDGE_CURVE('',#2033,#2022,#795,.T.);
#3380=ADVANCED_FACE('',(#3379),#3372,.F.);
#3388=EDGE_CURVE('',#2035,#2023,#803,.T.);
#3393=ADVANCED_FACE('',(#3392),#3385,.F.);
#3405=ADVANCED_FACE('',(#3404),#3398,.F.);
#3411=EDGE_CURVE('',#2342,#2343,#807,.T.);
#3414=EDGE_CURVE('',#1835,#1833,#811,.T.);
#3419=ADVANCED_FACE('',(#3418),#3410,.T.);
#3425=EDGE_CURVE('',#2346,#2347,#815,.T.);
#3432=EDGE_CURVE('',#2234,#2235,#819,.T.);
#3434=EDGE_CURVE('',#2239,#2235,#823,.T.);
#3436=EDGE_CURVE('',#2239,#2237,#827,.T.);
#3438=EDGE_CURVE('',#2237,#2234,#831,.T.);
#3442=ADVANCED_FACE('',(#3431,#3441),#3424,.T.);
#3454=ADVANCED_FACE('',(#3453),#3447,.T.);
#3461=EDGE_CURVE('',#2089,#2087,#839,.T.);
#3464=EDGE_CURVE('',#1827,#1831,#843,.T.);
#3469=EDGE_CURVE('',#1943,#1938,#847,.T.);
#3472=EDGE_CURVE('',#1941,#1939,#855,.T.);
#3475=EDGE_CURVE('',#2091,#2086,#859,.T.);
#3479=ADVANCED_FACE('',(#3478),#3459,.T.);
#3485=EDGE_CURVE('',#2095,#2093,#863,.T.);
#3492=ADVANCED_FACE('',(#3491),#3484,.F.);
#3499=EDGE_CURVE('',#1995,#1987,#867,.T.);
#3502=EDGE_CURVE('',#1979,#1975,#883,.T.);
#3506=ADVANCED_FACE('',(#3505),#3497,.F.);
#3513=EDGE_CURVE('',#1977,#1973,#887,.T.);
#3516=EDGE_CURVE('',#2003,#2001,#891,.T.);
#3520=ADVANCED_FACE('',(#3519),#3511,.F.);
#3529=EDGE_CURVE('',#1999,#1991,#879,.T.);
#3533=ADVANCED_FACE('',(#3532),#3525,.F.);
#3540=EDGE_CURVE('',#1994,#1986,#871,.T.);
#3546=ADVANCED_FACE('',(#3545),#3538,.F.);
#3553=EDGE_CURVE('',#1997,#1989,#875,.T.);
#3559=ADVANCED_FACE('',(#3558),#3551,.F.);
#3571=ADVANCED_FACE('',(#3570),#3564,.F.);
#3583=ADVANCED_FACE('',(#3582),#3576,.F.);
#3595=ADVANCED_FACE('',(#3594),#3588,.F.);
#3607=ADVANCED_FACE('',(#3606),#3600,.F.);
#3619=EDGE_CURVE('',#2162,#2163,#899,.T.);
#3621=EDGE_CURVE('',#2163,#2167,#903,.T.);
#3623=EDGE_CURVE('',#2166,#2167,#907,.T.);
#3625=EDGE_CURVE('',#2162,#2166,#911,.T.);
#3629=ADVANCED_FACE('',(#3618,#3628),#3612,.T.);
#3635=EDGE_CURVE('',#2178,#2179,#915,.T.);
#3637=EDGE_CURVE('',#2163,#2178,#1174,.T.);
#3640=EDGE_CURVE('',#2179,#2162,#1154,.T.);
#3644=ADVANCED_FACE('',(#3643),#3634,.T.);
#3650=EDGE_CURVE('',#2218,#2219,#919,.T.);
#3652=EDGE_CURVE('',#2218,#2183,#1162,.T.);
#3654=EDGE_CURVE('',#2182,#2183,#1170,.T.);
#3656=EDGE_CURVE('',#2182,#2170,#1196,.T.);
#3658=EDGE_CURVE('',#2170,#2194,#1244,.T.);
#3660=EDGE_CURVE('',#2187,#2194,#1222,.T.);
#3662=EDGE_CURVE('',#2187,#2203,#923,.T.);
#3664=EDGE_CURVE('',#2203,#2219,#927,.T.);
#3668=ADVANCED_FACE('',(#3667),#3649,.T.);
#3674=EDGE_CURVE('',#2222,#2223,#931,.T.);
#3676=EDGE_CURVE('',#2223,#2205,#935,.T.);
#3678=EDGE_CURVE('',#2190,#2205,#1248,.T.);
#3680=EDGE_CURVE('',#2199,#2190,#1226,.T.);
#3682=EDGE_CURVE('',#2175,#2199,#939,.T.);
#3684=EDGE_CURVE('',#2175,#2178,#1178,.T.);
#3687=EDGE_CURVE('',#2179,#2222,#1150,.T.);
#3691=ADVANCED_FACE('',(#3690),#3673,.T.);
#3698=EDGE_CURVE('',#2219,#2273,#943,.T.);
#3700=EDGE_CURVE('',#2273,#2262,#1119,.T.);
#3702=EDGE_CURVE('',#2262,#2263,#1093,.T.);
#3704=EDGE_CURVE('',#2269,#2263,#1083,.T.);
#3706=EDGE_CURVE('',#2227,#2269,#1050,.T.);
#3708=EDGE_CURVE('',#2226,#2227,#1021,.T.);
#3710=EDGE_CURVE('',#2215,#2226,#1146,.T.);
#3712=EDGE_CURVE('',#2215,#2218,#1133,.T.);
#3716=ADVANCED_FACE('',(#3715),#3696,.F.);
#3724=EDGE_CURVE('',#2208,#2203,#958,.T.);
#3726=EDGE_CURVE('',#2208,#2273,#962,.T.);
#3730=ADVANCED_FACE('',(#3729),#3721,.T.);
#3736=EDGE_CURVE('',#2223,#2275,#966,.T.);
#3738=EDGE_CURVE('',#2275,#2209,#970,.T.);
#3740=EDGE_CURVE('',#2209,#2205,#1263,.T.);
#3745=ADVANCED_FACE('',(#3744),#3735,.T.);
#3752=EDGE_CURVE('',#2203,#2201,#975,.T.);
#3754=EDGE_CURVE('',#2210,#2201,#990,.T.);
#3756=EDGE_CURVE('',#2256,#2210,#999,.T.);
#3758=EDGE_CURVE('',#2256,#2259,#1004,.T.);
#3760=EDGE_CURVE('',#2208,#2259,#1013,.T.);
#3764=ADVANCED_FACE('',(#3763),#3750,.T.);
#3770=EDGE_CURVE('',#2186,#2201,#1017,.T.);
#3774=EDGE_CURVE('',#2186,#2187,#1218,.T.);
#3778=ADVANCED_FACE('',(#3777),#3769,.T.);
#3785=EDGE_CURVE('',#2227,#2201,#1025,.T.);
#3788=EDGE_CURVE('',#2195,#2186,#1213,.T.);
#3790=EDGE_CURVE('',#2171,#2195,#1029,.T.);
#3792=EDGE_CURVE('',#2171,#2173,#1187,.T.);
#3794=EDGE_CURVE('',#2173,#2198,#1209,.T.);
#3796=EDGE_CURVE('',#2191,#2198,#1235,.T.);
#3798=EDGE_CURVE('',#2191,#2207,#1033,.T.);
#3800=EDGE_CURVE('',#2207,#2231,#1037,.T.);
#3802=EDGE_CURVE('',#2229,#2231,#1041,.T.);
#3804=EDGE_CURVE('',#2229,#2226,#1046,.T.);
#3808=ADVANCED_FACE('',(#3807),#3783,.T.);
#3815=EDGE_CURVE('',#2269,#2210,#1054,.T.);
#3821=ADVANCED_FACE('',(#3820),#3813,.T.);
#3827=EDGE_CURVE('',#2231,#2271,#1058,.T.);
#3830=EDGE_CURVE('',#2211,#2207,#1073,.T.);
#3832=EDGE_CURVE('',#2211,#2271,#1077,.T.);
#3836=ADVANCED_FACE('',(#3835),#3826,.T.);
#3843=EDGE_CURVE('',#2263,#2256,#1101,.T.);
#3849=ADVANCED_FACE('',(#3848),#3841,.T.);
#3855=EDGE_CURVE('',#2271,#2267,#1089,.T.);
#3858=EDGE_CURVE('',#2211,#2257,#1286,.T.);
#3860=EDGE_CURVE('',#2257,#2267,#1109,.T.);
#3864=ADVANCED_FACE('',(#3863),#3854,.T.);
#3871=EDGE_CURVE('',#2259,#2262,#1097,.T.);
#3877=ADVANCED_FACE('',(#3876),#3869,.T.);
#3883=EDGE_CURVE('',#2266,#2267,#1105,.T.);
#3886=EDGE_CURVE('',#2258,#2257,#1277,.T.);
#3888=EDGE_CURVE('',#2266,#2258,#1113,.T.);
#3892=ADVANCED_FACE('',(#3891),#3882,.T.);
#3904=ADVANCED_FACE('',(#3903),#3897,.T.);
#3910=EDGE_CURVE('',#2275,#2266,#1125,.T.);
#3913=EDGE_CURVE('',#2258,#2209,#1272,.T.);
#3918=ADVANCED_FACE('',(#3917),#3909,.T.);
#3925=EDGE_CURVE('',#2222,#2214,#1142,.T.);
#3927=EDGE_CURVE('',#2214,#2229,#1129,.T.);
#3937=ADVANCED_FACE('',(#3936),#3923,.F.);
#3944=EDGE_CURVE('',#2214,#2215,#1138,.T.);
#3947=EDGE_CURVE('',#2218,#2222,#1166,.T.);
#3951=ADVANCED_FACE('',(#3950),#3942,.F.);
#3963=ADVANCED_FACE('',(#3962),#3956,.F.);
#3972=EDGE_CURVE('',#2166,#2183,#1158,.T.);
#3978=ADVANCED_FACE('',(#3977),#3968,.T.);
#3987=EDGE_CURVE('',#2182,#2167,#1200,.T.);
#3991=ADVANCED_FACE('',(#3990),#3983,.T.);
#3999=EDGE_CURVE('',#2173,#2175,#1183,.T.);
#4002=EDGE_CURVE('',#2170,#2171,#1192,.T.);
#4009=ADVANCED_FACE('',(#4008),#3996,.F.);
#4015=EDGE_CURVE('',#2198,#2199,#1205,.T.);
#4022=ADVANCED_FACE('',(#4021),#4014,.T.);
#4028=EDGE_CURVE('',#2194,#2195,#1240,.T.);
#4035=ADVANCED_FACE('',(#4034),#4027,.F.);
#4043=EDGE_CURVE('',#2190,#2191,#1231,.T.);
#4048=ADVANCED_FACE('',(#4047),#4040,.F.);
#4060=ADVANCED_FACE('',(#4059),#4053,.T.);
#4067=EDGE_CURVE('',#2207,#2205,#1291,.T.);
#4073=ADVANCED_FACE('',(#4072),#4065,.T.);
#4087=ADVANCED_FACE('',(#4086),#4078,.T.);
#4093=EDGE_CURVE('',#2234,#2250,#1295,.T.);
#4095=EDGE_CURVE('',#2250,#2242,#1299,.T.);
#4097=EDGE_CURVE('',#2242,#2243,#1304,.T.);
#4099=EDGE_CURVE('',#2243,#2245,#1308,.T.);
#4101=EDGE_CURVE('',#2245,#2247,#1313,.T.);
#4103=EDGE_CURVE('',#2247,#2254,#1317,.T.);
#4105=EDGE_CURVE('',#2254,#2235,#1321,.T.);
#4110=ADVANCED_FACE('',(#4109),#4092,.F.);
#4116=EDGE_CURVE('',#2250,#2251,#1325,.T.);
#4120=EDGE_CURVE('',#2237,#2251,#1529,.T.);
#4124=ADVANCED_FACE('',(#4123),#4115,.T.);
#4130=EDGE_CURVE('',#2314,#2315,#1329,.T.);
#4132=EDGE_CURVE('',#2314,#2293,#1333,.T.);
#4134=EDGE_CURVE('',#2278,#2293,#1584,.T.);
#4136=EDGE_CURVE('',#2286,#2278,#1549,.T.);
#4138=EDGE_CURVE('',#2242,#2286,#1580,.T.);
#4142=EDGE_CURVE('',#2315,#2251,#1525,.T.);
#4146=ADVANCED_FACE('',(#4145),#4129,.T.);
#4152=EDGE_CURVE('',#2318,#2319,#1337,.T.);
#4154=EDGE_CURVE('',#2255,#2319,#1537,.T.);
#4156=EDGE_CURVE('',#2254,#2255,#1541,.T.);
#4159=EDGE_CURVE('',#2247,#2291,#1341,.T.);
#4161=EDGE_CURVE('',#2283,#2291,#1571,.T.);
#4163=EDGE_CURVE('',#2283,#2299,#1345,.T.);
#4165=EDGE_CURVE('',#2299,#2318,#1349,.T.);
#4169=ADVANCED_FACE('',(#4168),#4151,.T.);
#4175=EDGE_CURVE('',#2330,#2331,#1355,.T.);
#4177=EDGE_CURVE('',#2339,#2330,#1455,.T.);
#4179=EDGE_CURVE('',#2338,#2339,#1361,.T.);
#4181=EDGE_CURVE('',#2338,#2314,#1654,.T.);
#4184=EDGE_CURVE('',#2315,#2302,#1508,.T.);
#4186=EDGE_CURVE('',#2307,#2302,#1504,.T.);
#4188=EDGE_CURVE('',#2306,#2307,#1475,.T.);
#4190=EDGE_CURVE('',#2331,#2306,#1377,.T.);
#4194=ADVANCED_FACE('',(#4193),#4174,.F.);
#4201=EDGE_CURVE('',#2333,#2331,#1373,.T.);
#4203=EDGE_CURVE('',#2333,#2334,#1593,.T.);
#4205=EDGE_CURVE('',#2334,#2330,#1447,.T.);
#4209=ADVANCED_FACE('',(#4208),#4199,.T.);
#4215=EDGE_CURVE('',#2323,#2321,#1365,.T.);
#4217=EDGE_CURVE('',#2321,#2297,#1431,.T.);
#4219=EDGE_CURVE('',#2311,#2297,#1488,.T.);
#4221=EDGE_CURVE('',#2323,#2311,#1369,.T.);
#4225=ADVANCED_FACE('',(#4224),#4214,.T.);
#4233=EDGE_CURVE('',#2295,#2306,#1500,.T.);
#4235=EDGE_CURVE('',#2333,#2295,#1390,.T.);
#4239=ADVANCED_FACE('',(#4238),#4230,.T.);
#4245=EDGE_CURVE('',#2320,#2321,#1399,.T.);
#4248=EDGE_CURVE('',#2323,#2324,#1461,.T.);
#4250=EDGE_CURVE('',#2324,#2320,#1435,.T.);
#4254=ADVANCED_FACE('',(#4253),#4244,.T.);
#4261=EDGE_CURVE('',#2320,#2329,#1404,.T.);
#4263=EDGE_CURVE('',#2328,#2329,#1413,.T.);
#4265=EDGE_CURVE('',#2328,#2299,#1646,.T.);
#4267=EDGE_CURVE('',#2299,#2297,#1418,.T.);
#4272=ADVANCED_FACE('',(#4271),#4259,.T.);
#4279=EDGE_CURVE('',#2325,#2324,#1439,.T.);
#4281=EDGE_CURVE('',#2329,#2325,#1443,.T.);
#4286=ADVANCED_FACE('',(#4285),#4277,.T.);
#4293=EDGE_CURVE('',#2335,#2334,#1625,.T.);
#4295=EDGE_CURVE('',#2339,#2335,#1451,.T.);
#4300=ADVANCED_FACE('',(#4299),#4291,.T.);
#4308=EDGE_CURVE('',#2311,#2309,#1484,.T.);
#4310=EDGE_CURVE('',#2309,#2303,#1465,.T.);
#4312=EDGE_CURVE('',#2303,#2319,#1512,.T.);
#4315=EDGE_CURVE('',#2326,#2318,#1633,.T.);
#4317=EDGE_CURVE('',#2325,#2326,#1471,.T.);
#4322=ADVANCED_FACE('',(#4321),#4305,.F.);
#4329=EDGE_CURVE('',#2307,#2309,#1480,.T.);
#4333=EDGE_CURVE('',#2282,#2297,#1545,.T.);
#4335=EDGE_CURVE('',#2290,#2282,#1562,.T.);
#4337=EDGE_CURVE('',#2245,#2290,#1663,.T.);
#4340=EDGE_CURVE('',#2243,#2287,#1492,.T.);
#4342=EDGE_CURVE('',#2279,#2287,#1558,.T.);
#4344=EDGE_CURVE('',#2279,#2295,#1496,.T.);
#4349=ADVANCED_FACE('',(#4348),#4327,.T.);
#4357=EDGE_CURVE('',#2302,#2303,#1517,.T.);
#4362=ADVANCED_FACE('',(#4361),#4354,.F.);
#4369=EDGE_CURVE('',#2319,#2315,#1521,.T.);
#4375=ADVANCED_FACE('',(#4374),#4367,.F.);
#4385=EDGE_CURVE('',#2255,#2239,#1533,.T.);
#4390=ADVANCED_FACE('',(#4389),#4380,.T.);
#4402=ADVANCED_FACE('',(#4401),#4395,.T.);
#4411=EDGE_CURVE('',#2282,#2283,#1567,.T.);
#4415=ADVANCED_FACE('',(#4414),#4407,.T.);
#4421=EDGE_CURVE('',#2286,#2287,#1576,.T.);
#4424=EDGE_CURVE('',#2278,#2279,#1554,.T.);
#4429=ADVANCED_FACE('',(#4428),#4420,.F.);
#4435=EDGE_CURVE('',#2290,#2291,#1659,.T.);
#4442=ADVANCED_FACE('',(#4441),#4434,.F.);
#4454=ADVANCED_FACE('',(#4453),#4447,.T.);
#4461=EDGE_CURVE('',#2295,#2293,#1598,.T.);
#4467=ADVANCED_FACE('',(#4466),#4459,.T.);
#4476=EDGE_CURVE('',#2336,#2293,#1611,.T.);
#4478=EDGE_CURVE('',#2335,#2336,#1620,.T.);
#4483=ADVANCED_FACE('',(#4482),#4472,.T.);
#4489=EDGE_CURVE('',#2328,#2326,#1629,.T.);
#4496=ADVANCED_FACE('',(#4495),#4488,.T.);
#4502=EDGE_CURVE('',#2338,#2336,#1650,.T.);
#4509=ADVANCED_FACE('',(#4508),#4501,.T.);
#4521=ADVANCED_FACE('',(#4520),#4514,.T.);
#4533=ADVANCED_FACE('',(#4532),#4526,.T.);
#4545=ADVANCED_FACE('',(#4544),#4538,.T.);
#4552=EDGE_CURVE('',#2011,#2019,#1667,.T.);
#4554=EDGE_CURVE('',#2010,#2011,#1671,.T.);
#4559=ADVANCED_FACE('',(#4558),#4550,.T.);
#4567=EDGE_CURVE('',#2007,#2011,#1679,.T.);
#4572=ADVANCED_FACE('',(#4571),#4564,.T.);
#4584=ADVANCED_FACE('',(#4583),#4577,.T.);
#4596=ADVANCED_FACE('',(#4595),#4589,.F.);
#4608=ADVANCED_FACE('',(#4607),#4601,.F.);
#4620=ADVANCED_FACE('',(#4619),#4613,.F.);
#4626=EDGE_CURVE('',#1913,#1898,#1699,.T.);
#4628=EDGE_CURVE('',#1898,#1899,#1715,.T.);
#4630=EDGE_CURVE('',#1915,#1899,#1711,.T.);
#4635=ADVANCED_FACE('',(#4634),#4625,.T.);
#4643=EDGE_CURVE('',#1919,#1903,#1703,.T.);
#4645=EDGE_CURVE('',#1903,#1898,#1719,.T.);
#4649=ADVANCED_FACE('',(#4648),#4640,.T.);
#4655=EDGE_CURVE('',#1917,#1901,#1707,.T.);
#4657=EDGE_CURVE('',#1901,#1903,#1723,.T.);
#4663=ADVANCED_FACE('',(#4662),#4654,.T.);
#4670=EDGE_CURVE('',#1899,#1901,#1727,.T.);
#4676=ADVANCED_FACE('',(#4675),#4668,.T.);
#4688=ADVANCED_FACE('',(#4687),#4681,.T.);
#4694=EDGE_CURVE('',#1906,#1907,#1731,.T.);
#4696=EDGE_CURVE('',#1911,#1906,#1735,.T.);
#4698=EDGE_CURVE('',#1909,#1911,#1739,.T.);
#4700=EDGE_CURVE('',#1907,#1909,#1743,.T.);
#4704=ADVANCED_FACE('',(#4703),#4693,.T.);
#4710=EDGE_CURVE('',#1921,#1906,#1747,.T.);
#4713=EDGE_CURVE('',#1923,#1907,#1759,.T.);
#4718=ADVANCED_FACE('',(#4717),#4709,.T.);
#4726=EDGE_CURVE('',#1927,#1911,#1751,.T.);
#4731=ADVANCED_FACE('',(#4730),#4723,.T.);
#4737=EDGE_CURVE('',#1925,#1909,#1755,.T.);
#4744=ADVANCED_FACE('',(#4743),#4736,.T.);
#4756=ADVANCED_FACE('',(#4755),#4749,.T.);
#4763=EDGE_CURVE('',#2146,#2130,#1763,.T.);
#4765=EDGE_CURVE('',#2130,#2131,#1779,.T.);
#4767=EDGE_CURVE('',#2147,#2131,#1775,.T.);
#4771=ADVANCED_FACE('',(#4770),#4761,.T.);
#4778=EDGE_CURVE('',#2151,#2135,#1767,.T.);
#4780=EDGE_CURVE('',#2135,#2130,#1783,.T.);
#4785=ADVANCED_FACE('',(#4784),#4776,.T.);
#4792=EDGE_CURVE('',#2149,#2133,#1771,.T.);
#4794=EDGE_CURVE('',#2133,#2135,#1787,.T.);
#4799=ADVANCED_FACE('',(#4798),#4790,.T.);
#4807=EDGE_CURVE('',#2131,#2133,#1791,.T.);
#4812=ADVANCED_FACE('',(#4811),#4804,.T.);
#4824=ADVANCED_FACE('',(#4823),#4817,.T.);
#4830=EDGE_CURVE('',#2138,#2139,#1795,.T.);
#4832=EDGE_CURVE('',#2143,#2138,#1799,.T.);
#4834=EDGE_CURVE('',#2141,#2143,#1803,.T.);
#4836=EDGE_CURVE('',#2139,#2141,#1807,.T.);
#4840=ADVANCED_FACE('',(#4839),#4829,.T.);
#4847=EDGE_CURVE('',#2154,#2138,#1811,.T.);
#4850=EDGE_CURVE('',#2155,#2139,#1823,.T.);
#4854=ADVANCED_FACE('',(#4853),#4845,.T.);
#4861=EDGE_CURVE('',#2159,#2143,#1815,.T.);
#4867=ADVANCED_FACE('',(#4866),#4859,.T.);
#4874=EDGE_CURVE('',#2157,#2141,#1819,.T.);
#4880=ADVANCED_FACE('',(#4879),#4872,.T.);
#4892=ADVANCED_FACE('',(#4891),#4885,.T.);
#4895=(LENGTH_UNIT()NAMED_UNIT(*)SI_UNIT(.MILLI.,.METRE.));
#4896=(NAMED_UNIT(*)PLANE_ANGLE_UNIT()SI_UNIT($,.RADIAN.));
#4899=(NAMED_UNIT(*)SI_UNIT($,.STERADIAN.)SOLID_ANGLE_UNIT());
#4901=(GEOMETRIC_REPRESENTATION_CONTEXT(3)GLOBAL_UNCERTAINTY_ASSIGNED_CONTEXT((
#4900))GLOBAL_UNIT_ASSIGNED_CONTEXT((#4895,#4898,#4899))REPRESENTATION_CONTEXT(
'ID1','3'));
#4902=ADVANCED_BREP_SHAPE_REPRESENTATION('',(#4894),#4901);
#4909=PRODUCT_DEFINITION('part definition','',#4908,#4905);
#4910=PRODUCT_DEFINITION_SHAPE('','SHAPE FOR C-2-1775099-0.',#4909);
#4911=SHAPE_ASPECT('','solid data associated with C-2-1775099-0',#4910,.F.);
#4912=PROPERTY_DEFINITION('',
'shape for solid data with which properties are associated',#4911);
#4913=SHAPE_REPRESENTATION('',(#4894),#4901);
#4914=SHAPE_DEFINITION_REPRESENTATION(#4912,#4913);
#4915=(LENGTH_UNIT()NAMED_UNIT(*)SI_UNIT(.MILLI.,.METRE.));
#4919=PROPERTY_DEFINITION('geometric validation property',
'area of C-2-1775099-0',#4911);
#4920=REPRESENTATION('surface area',(#4918),#4901);
#4921=PROPERTY_DEFINITION_REPRESENTATION(#4919,#4920);
#4922=(LENGTH_UNIT()NAMED_UNIT(*)SI_UNIT(.MILLI.,.METRE.));
#4926=PROPERTY_DEFINITION('geometric validation property',
'volume of C-2-1775099-0',#4911);
#4927=REPRESENTATION('volume',(#4925),#4901);
#4928=PROPERTY_DEFINITION_REPRESENTATION(#4926,#4927);
#4930=PROPERTY_DEFINITION('geometric validation property',
'centroid of C-2-1775099-0',#4911);
#4931=REPRESENTATION('centroid',(#4929),#4901);
#4932=PROPERTY_DEFINITION_REPRESENTATION(#4930,#4931);
#4933=(LENGTH_UNIT()NAMED_UNIT(*)SI_UNIT(.MILLI.,.METRE.));
#4937=PROPERTY_DEFINITION('geometric validation property',
'area of C-2-1775099-0',#4910);
#4938=REPRESENTATION('surface area',(#4936),#4901);
#4939=PROPERTY_DEFINITION_REPRESENTATION(#4937,#4938);
#4940=(LENGTH_UNIT()NAMED_UNIT(*)SI_UNIT(.MILLI.,.METRE.));
#4944=PROPERTY_DEFINITION('geometric validation property',
'volume of C-2-1775099-0',#4910);
#4945=REPRESENTATION('volume',(#4943),#4901);
#4946=PROPERTY_DEFINITION_REPRESENTATION(#4944,#4945);
#4948=PROPERTY_DEFINITION('geometric validation property',
'centroid of C-2-1775099-0',#4910);
#4949=REPRESENTATION('centroid',(#4947),#4901);
#4950=PROPERTY_DEFINITION_REPRESENTATION(#4948,#4949);
#4951=SHAPE_DEFINITION_REPRESENTATION(#4910,#4902);
ENDSEC;
END-ISO-10303-21;
